-24,67,KfLpuiDtMvVW0/ruVe4nOBO97xc=,3Xg4jU+xRRswVK8xkFHV1tn9i90=
-20,79,lQx/BDJwEuoPxFDwz4Mp2hYLGFs=,3Xg4jU+xRRswVK8xkFHV1tn9i90=
-23,79,XvTcZGgJ89RD4ula/aEn4nzya+w=,3Xg4jU+xRRswVK8xkFHV1tn9i90=
-25,79,ZTt1Tb00jyALBQhYGMJuw8M8hRg=,3Xg4jU+xRRswVK8xkFHV1tn9i90=
-24,79,XvTcZGgJ89RD4ula/aEn4nzya+w=,3Xg4jU+xRRswVK8xkFHV1tn9i90=
-27,79,XvTcZGgJ89RD4ula/aEn4nzya+w=,3Xg4jU+xRRswVK8xkFHV1tn9i90=
-26,79,XvTcZGgJ89RD4ula/aEn4nzya+w=,3Xg4jU+xRRswVK8xkFHV1tn9i90=
-17,79,XvTcZGgJ89RD4ula/aEn4nzya+w=,3Xg4jU+xRRswVK8xkFHV1tn9i90=
-19,79,XvTcZGgJ89RD4ula/aEn4nzya+w=,3Xg4jU+xRRswVK8xkFHV1tn9i90=
-22,79,XvTcZGgJ89RD4ula/aEn4nzya+w=,3Xg4jU+xRRswVK8xkFHV1tn9i90=
-21,79,XvTcZGgJ89RD4ula/aEn4nzya+w=,3Xg4jU+xRRswVK8xkFHV1tn9i90=
-25,64,ZTt1Tb00jyALBQhYGMJuw8M8hRg=,3Xg4jU+xRRswVK8xkFHV1tn9i90=
-29,79,XvTcZGgJ89RD4ula/aEn4nzya+w=,3Xg4jU+xRRswVK8xkFHV1tn9i90=
-18,79,lQx/BDJwEuoPxFDwz4Mp2hYLGFs=,3Xg4jU+xRRswVK8xkFHV1tn9i90=
-25,66,ZTt1Tb00jyALBQhYGMJuw8M8hRg=,3Xg4jU+xRRswVK8xkFHV1tn9i90=
-29,64,KfLpuiDtMvVW0/ruVe4nOBO97xc=,3Xg4jU+xRRswVK8xkFHV1tn9i90=
-31,79,XvTcZGgJ89RD4ula/aEn4nzya+w=,3Xg4jU+xRRswVK8xkFHV1tn9i90=
-28,79,XvTcZGgJ89RD4ula/aEn4nzya+w=,3Xg4jU+xRRswVK8xkFHV1tn9i90=
-26,67,lQx/BDJwEuoPxFDwz4Mp2hYLGFs=,3Xg4jU+xRRswVK8xkFHV1tn9i90=
-30,64,ZTt1Tb00jyALBQhYGMJuw8M8hRg=,3Xg4jU+xRRswVK8xkFHV1tn9i90=
-25,65,ZTt1Tb00jyALBQhYGMJuw8M8hRg=,3Xg4jU+xRRswVK8xkFHV1tn9i90=
-17,78,XvTcZGgJ89RD4ula/aEn4nzya+w=,3Xg4jU+xRRswVK8xkFHV1tn9i90=
-26,65,ZTt1Tb00jyALBQhYGMJuw8M8hRg=,3Xg4jU+xRRswVK8xkFHV1tn9i90=
-32,64,ZTt1Tb00jyALBQhYGMJuw8M8hRg=,3Xg4jU+xRRswVK8xkFHV1tn9i90=
-26,66,KfLpuiDtMvVW0/ruVe4nOBO97xc=,3Xg4jU+xRRswVK8xkFHV1tn9i90=
-25,67,gg0dWTExeT0mpYgyIZ9VxfZmrqs=,3Xg4jU+xRRswVK8xkFHV1tn9i90=
-19,78,XvTcZGgJ89RD4ula/aEn4nzya+w=,3Xg4jU+xRRswVK8xkFHV1tn9i90=
-27,64,gg0dWTExeT0mpYgyIZ9VxfZmrqs=,3Xg4jU+xRRswVK8xkFHV1tn9i90=
-18,78,ZTt1Tb00jyALBQhYGMJuw8M8hRg=,3Xg4jU+xRRswVK8xkFHV1tn9i90=
-26,64,ZTt1Tb00jyALBQhYGMJuw8M8hRg=,3Xg4jU+xRRswVK8xkFHV1tn9i90=
-28,67,gg0dWTExeT0mpYgyIZ9VxfZmrqs=,3Xg4jU+xRRswVK8xkFHV1tn9i90=
-31,64,XvTcZGgJ89RD4ula/aEn4nzya+w=,3Xg4jU+xRRswVK8xkFHV1tn9i90=
-27,67,lQx/BDJwEuoPxFDwz4Mp2hYLGFs=,3Xg4jU+xRRswVK8xkFHV1tn9i90=
-29,67,gg0dWTExeT0mpYgyIZ9VxfZmrqs=,3Xg4jU+xRRswVK8xkFHV1tn9i90=
-17,66,ZTt1Tb00jyALBQhYGMJuw8M8hRg=,3Xg4jU+xRRswVK8xkFHV1tn9i90=
-30,79,XvTcZGgJ89RD4ula/aEn4nzya+w=,3Xg4jU+xRRswVK8xkFHV1tn9i90=
-31,67,ZTt1Tb00jyALBQhYGMJuw8M8hRg=,3Xg4jU+xRRswVK8xkFHV1tn9i90=
-18,66,ZTt1Tb00jyALBQhYGMJuw8M8hRg=,3Xg4jU+xRRswVK8xkFHV1tn9i90=
-24,66,ZTt1Tb00jyALBQhYGMJuw8M8hRg=,3Xg4jU+xRRswVK8xkFHV1tn9i90=
-21,66,ZTt1Tb00jyALBQhYGMJuw8M8hRg=,3Xg4jU+xRRswVK8xkFHV1tn9i90=
-23,66,ZTt1Tb00jyALBQhYGMJuw8M8hRg=,3Xg4jU+xRRswVK8xkFHV1tn9i90=
-19,66,ZTt1Tb00jyALBQhYGMJuw8M8hRg=,3Xg4jU+xRRswVK8xkFHV1tn9i90=
-32,67,ZTt1Tb00jyALBQhYGMJuw8M8hRg=,3Xg4jU+xRRswVK8xkFHV1tn9i90=
-22,78,ZTt1Tb00jyALBQhYGMJuw8M8hRg=,3Xg4jU+xRRswVK8xkFHV1tn9i90=
-22,66,ZTt1Tb00jyALBQhYGMJuw8M8hRg=,3Xg4jU+xRRswVK8xkFHV1tn9i90=
-20,78,XvTcZGgJ89RD4ula/aEn4nzya+w=,3Xg4jU+xRRswVK8xkFHV1tn9i90=
-27,78,ZTt1Tb00jyALBQhYGMJuw8M8hRg=,3Xg4jU+xRRswVK8xkFHV1tn9i90=
-32,79,ZTt1Tb00jyALBQhYGMJuw8M8hRg=,3Xg4jU+xRRswVK8xkFHV1tn9i90=
-28,78,ZTt1Tb00jyALBQhYGMJuw8M8hRg=,3Xg4jU+xRRswVK8xkFHV1tn9i90=
-27,66,lQx/BDJwEuoPxFDwz4Mp2hYLGFs=,3Xg4jU+xRRswVK8xkFHV1tn9i90=
-24,78,ZTt1Tb00jyALBQhYGMJuw8M8hRg=,3Xg4jU+xRRswVK8xkFHV1tn9i90=
-17,77,ZTt1Tb00jyALBQhYGMJuw8M8hRg=,3Xg4jU+xRRswVK8xkFHV1tn9i90=
-18,77,ZTt1Tb00jyALBQhYGMJuw8M8hRg=,3Xg4jU+xRRswVK8xkFHV1tn9i90=
-30,67,KfLpuiDtMvVW0/ruVe4nOBO97xc=,3Xg4jU+xRRswVK8xkFHV1tn9i90=
-25,78,ZTt1Tb00jyALBQhYGMJuw8M8hRg=,3Xg4jU+xRRswVK8xkFHV1tn9i90=
-21,77,ZTt1Tb00jyALBQhYGMJuw8M8hRg=,3Xg4jU+xRRswVK8xkFHV1tn9i90=
-30,78,ZTt1Tb00jyALBQhYGMJuw8M8hRg=,3Xg4jU+xRRswVK8xkFHV1tn9i90=
-22,77,ZTt1Tb00jyALBQhYGMJuw8M8hRg=,3Xg4jU+xRRswVK8xkFHV1tn9i90=
-28,64,XvTcZGgJ89RD4ula/aEn4nzya+w=,3Xg4jU+xRRswVK8xkFHV1tn9i90=
-20,66,ZTt1Tb00jyALBQhYGMJuw8M8hRg=,3Xg4jU+xRRswVK8xkFHV1tn9i90=
-21,78,ZTt1Tb00jyALBQhYGMJuw8M8hRg=,3Xg4jU+xRRswVK8xkFHV1tn9i90=
-23,77,ZTt1Tb00jyALBQhYGMJuw8M8hRg=,3Xg4jU+xRRswVK8xkFHV1tn9i90=
-19,77,ZTt1Tb00jyALBQhYGMJuw8M8hRg=,3Xg4jU+xRRswVK8xkFHV1tn9i90=
-23,78,ZTt1Tb00jyALBQhYGMJuw8M8hRg=,3Xg4jU+xRRswVK8xkFHV1tn9i90=
-27,65,KfLpuiDtMvVW0/ruVe4nOBO97xc=,3Xg4jU+xRRswVK8xkFHV1tn9i90=
-27,77,ZTt1Tb00jyALBQhYGMJuw8M8hRg=,3Xg4jU+xRRswVK8xkFHV1tn9i90=
-17,76,ZTt1Tb00jyALBQhYGMJuw8M8hRg=,3Xg4jU+xRRswVK8xkFHV1tn9i90=
-32,77,ZTt1Tb00jyALBQhYGMJuw8M8hRg=,3Xg4jU+xRRswVK8xkFHV1tn9i90=
-20,77,ZTt1Tb00jyALBQhYGMJuw8M8hRg=,3Xg4jU+xRRswVK8xkFHV1tn9i90=
-26,78,ZTt1Tb00jyALBQhYGMJuw8M8hRg=,3Xg4jU+xRRswVK8xkFHV1tn9i90=
-19,76,ZTt1Tb00jyALBQhYGMJuw8M8hRg=,3Xg4jU+xRRswVK8xkFHV1tn9i90=
-20,76,ZTt1Tb00jyALBQhYGMJuw8M8hRg=,3Xg4jU+xRRswVK8xkFHV1tn9i90=
-28,65,gg0dWTExeT0mpYgyIZ9VxfZmrqs=,3Xg4jU+xRRswVK8xkFHV1tn9i90=
-22,76,ZTt1Tb00jyALBQhYGMJuw8M8hRg=,3Xg4jU+xRRswVK8xkFHV1tn9i90=
-29,78,ZTt1Tb00jyALBQhYGMJuw8M8hRg=,3Xg4jU+xRRswVK8xkFHV1tn9i90=
-18,76,ZTt1Tb00jyALBQhYGMJuw8M8hRg=,3Xg4jU+xRRswVK8xkFHV1tn9i90=
-31,78,ZTt1Tb00jyALBQhYGMJuw8M8hRg=,3Xg4jU+xRRswVK8xkFHV1tn9i90=
-28,66,lQx/BDJwEuoPxFDwz4Mp2hYLGFs=,3Xg4jU+xRRswVK8xkFHV1tn9i90=
-24,77,ZTt1Tb00jyALBQhYGMJuw8M8hRg=,3Xg4jU+xRRswVK8xkFHV1tn9i90=
-30,66,ZTt1Tb00jyALBQhYGMJuw8M8hRg=,3Xg4jU+xRRswVK8xkFHV1tn9i90=
-30,77,ZTt1Tb00jyALBQhYGMJuw8M8hRg=,3Xg4jU+xRRswVK8xkFHV1tn9i90=
-23,76,ZTt1Tb00jyALBQhYGMJuw8M8hRg=,3Xg4jU+xRRswVK8xkFHV1tn9i90=
-21,76,ZTt1Tb00jyALBQhYGMJuw8M8hRg=,3Xg4jU+xRRswVK8xkFHV1tn9i90=
-31,66,ZTt1Tb00jyALBQhYGMJuw8M8hRg=,3Xg4jU+xRRswVK8xkFHV1tn9i90=
-24,76,ZTt1Tb00jyALBQhYGMJuw8M8hRg=,3Xg4jU+xRRswVK8xkFHV1tn9i90=
-30,65,ZTt1Tb00jyALBQhYGMJuw8M8hRg=,3Xg4jU+xRRswVK8xkFHV1tn9i90=
-31,65,ZTt1Tb00jyALBQhYGMJuw8M8hRg=,3Xg4jU+xRRswVK8xkFHV1tn9i90=
-29,77,ZTt1Tb00jyALBQhYGMJuw8M8hRg=,3Xg4jU+xRRswVK8xkFHV1tn9i90=
-29,65,ZTt1Tb00jyALBQhYGMJuw8M8hRg=,3Xg4jU+xRRswVK8xkFHV1tn9i90=
-28,77,ZTt1Tb00jyALBQhYGMJuw8M8hRg=,3Xg4jU+xRRswVK8xkFHV1tn9i90=
-32,76,ZTt1Tb00jyALBQhYGMJuw8M8hRg=,3Xg4jU+xRRswVK8xkFHV1tn9i90=
-32,66,ZTt1Tb00jyALBQhYGMJuw8M8hRg=,3Xg4jU+xRRswVK8xkFHV1tn9i90=
-31,77,ZTt1Tb00jyALBQhYGMJuw8M8hRg=,3Xg4jU+xRRswVK8xkFHV1tn9i90=
-29,66,ZTt1Tb00jyALBQhYGMJuw8M8hRg=,3Xg4jU+xRRswVK8xkFHV1tn9i90=
-20,75,ZTt1Tb00jyALBQhYGMJuw8M8hRg=,3Xg4jU+xRRswVK8xkFHV1tn9i90=
-18,75,ZTt1Tb00jyALBQhYGMJuw8M8hRg=,3Xg4jU+xRRswVK8xkFHV1tn9i90=
-32,78,ZTt1Tb00jyALBQhYGMJuw8M8hRg=,3Xg4jU+xRRswVK8xkFHV1tn9i90=
-21,75,ZTt1Tb00jyALBQhYGMJuw8M8hRg=,3Xg4jU+xRRswVK8xkFHV1tn9i90=
-31,76,ZTt1Tb00jyALBQhYGMJuw8M8hRg=,3Xg4jU+xRRswVK8xkFHV1tn9i90=
-26,76,ZTt1Tb00jyALBQhYGMJuw8M8hRg=,3Xg4jU+xRRswVK8xkFHV1tn9i90=
-32,65,ZTt1Tb00jyALBQhYGMJuw8M8hRg=,3Xg4jU+xRRswVK8xkFHV1tn9i90=
-30,76,ZTt1Tb00jyALBQhYGMJuw8M8hRg=,3Xg4jU+xRRswVK8xkFHV1tn9i90=
-19,75,ZTt1Tb00jyALBQhYGMJuw8M8hRg=,3Xg4jU+xRRswVK8xkFHV1tn9i90=
-28,76,ZTt1Tb00jyALBQhYGMJuw8M8hRg=,3Xg4jU+xRRswVK8xkFHV1tn9i90=
-27,76,ZTt1Tb00jyALBQhYGMJuw8M8hRg=,3Xg4jU+xRRswVK8xkFHV1tn9i90=
-17,75,ZTt1Tb00jyALBQhYGMJuw8M8hRg=,3Xg4jU+xRRswVK8xkFHV1tn9i90=
-23,67,KfLpuiDtMvVW0/ruVe4nOBO97xc=,3Xg4jU+xRRswVK8xkFHV1tn9i90=
-22,75,ZTt1Tb00jyALBQhYGMJuw8M8hRg=,3Xg4jU+xRRswVK8xkFHV1tn9i90=
-20,67,ZTt1Tb00jyALBQhYGMJuw8M8hRg=,3Xg4jU+xRRswVK8xkFHV1tn9i90=
-19,67,ZTt1Tb00jyALBQhYGMJuw8M8hRg=,3Xg4jU+xRRswVK8xkFHV1tn9i90=
-22,67,lQx/BDJwEuoPxFDwz4Mp2hYLGFs=,3Xg4jU+xRRswVK8xkFHV1tn9i90=
-24,65,ZTt1Tb00jyALBQhYGMJuw8M8hRg=,3Xg4jU+xRRswVK8xkFHV1tn9i90=
-21,67,XvTcZGgJ89RD4ula/aEn4nzya+w=,3Xg4jU+xRRswVK8xkFHV1tn9i90=
-29,76,ZTt1Tb00jyALBQhYGMJuw8M8hRg=,3Xg4jU+xRRswVK8xkFHV1tn9i90=
-32,68,ZTt1Tb00jyALBQhYGMJuw8M8hRg=,3Xg4jU+xRRswVK8xkFHV1tn9i90=
-24,64,ZTt1Tb00jyALBQhYGMJuw8M8hRg=,3Xg4jU+xRRswVK8xkFHV1tn9i90=
-25,76,ZTt1Tb00jyALBQhYGMJuw8M8hRg=,3Xg4jU+xRRswVK8xkFHV1tn9i90=
-25,77,ZTt1Tb00jyALBQhYGMJuw8M8hRg=,3Xg4jU+xRRswVK8xkFHV1tn9i90=
-18,67,ZTt1Tb00jyALBQhYGMJuw8M8hRg=,3Xg4jU+xRRswVK8xkFHV1tn9i90=
-26,77,ZTt1Tb00jyALBQhYGMJuw8M8hRg=,3Xg4jU+xRRswVK8xkFHV1tn9i90=
-28,68,ZTt1Tb00jyALBQhYGMJuw8M8hRg=,3Xg4jU+xRRswVK8xkFHV1tn9i90=
-17,67,ZTt1Tb00jyALBQhYGMJuw8M8hRg=,3Xg4jU+xRRswVK8xkFHV1tn9i90=
-27,68,ZTt1Tb00jyALBQhYGMJuw8M8hRg=,3Xg4jU+xRRswVK8xkFHV1tn9i90=
-25,68,ZTt1Tb00jyALBQhYGMJuw8M8hRg=,3Xg4jU+xRRswVK8xkFHV1tn9i90=
-26,68,ZTt1Tb00jyALBQhYGMJuw8M8hRg=,3Xg4jU+xRRswVK8xkFHV1tn9i90=
-24,68,ZTt1Tb00jyALBQhYGMJuw8M8hRg=,3Xg4jU+xRRswVK8xkFHV1tn9i90=
-22,68,ZTt1Tb00jyALBQhYGMJuw8M8hRg=,3Xg4jU+xRRswVK8xkFHV1tn9i90=
-30,68,ZTt1Tb00jyALBQhYGMJuw8M8hRg=,3Xg4jU+xRRswVK8xkFHV1tn9i90=
-29,68,ZTt1Tb00jyALBQhYGMJuw8M8hRg=,3Xg4jU+xRRswVK8xkFHV1tn9i90=
-18,68,ZTt1Tb00jyALBQhYGMJuw8M8hRg=,3Xg4jU+xRRswVK8xkFHV1tn9i90=
-19,68,ZTt1Tb00jyALBQhYGMJuw8M8hRg=,3Xg4jU+xRRswVK8xkFHV1tn9i90=
-31,68,ZTt1Tb00jyALBQhYGMJuw8M8hRg=,3Xg4jU+xRRswVK8xkFHV1tn9i90=
-32,69,ZTt1Tb00jyALBQhYGMJuw8M8hRg=,3Xg4jU+xRRswVK8xkFHV1tn9i90=
-23,64,ZTt1Tb00jyALBQhYGMJuw8M8hRg=,3Xg4jU+xRRswVK8xkFHV1tn9i90=
-17,68,ZTt1Tb00jyALBQhYGMJuw8M8hRg=,3Xg4jU+xRRswVK8xkFHV1tn9i90=
-23,65,ZTt1Tb00jyALBQhYGMJuw8M8hRg=,3Xg4jU+xRRswVK8xkFHV1tn9i90=
-23,68,ZTt1Tb00jyALBQhYGMJuw8M8hRg=,3Xg4jU+xRRswVK8xkFHV1tn9i90=
-21,68,ZTt1Tb00jyALBQhYGMJuw8M8hRg=,3Xg4jU+xRRswVK8xkFHV1tn9i90=
-20,68,ZTt1Tb00jyALBQhYGMJuw8M8hRg=,3Xg4jU+xRRswVK8xkFHV1tn9i90=
-27,69,ZTt1Tb00jyALBQhYGMJuw8M8hRg=,3Xg4jU+xRRswVK8xkFHV1tn9i90=
-26,69,ZTt1Tb00jyALBQhYGMJuw8M8hRg=,3Xg4jU+xRRswVK8xkFHV1tn9i90=
-28,69,ZTt1Tb00jyALBQhYGMJuw8M8hRg=,3Xg4jU+xRRswVK8xkFHV1tn9i90=
-23,69,ZTt1Tb00jyALBQhYGMJuw8M8hRg=,3Xg4jU+xRRswVK8xkFHV1tn9i90=
-30,69,ZTt1Tb00jyALBQhYGMJuw8M8hRg=,3Xg4jU+xRRswVK8xkFHV1tn9i90=
-25,69,ZTt1Tb00jyALBQhYGMJuw8M8hRg=,3Xg4jU+xRRswVK8xkFHV1tn9i90=
-31,69,ZTt1Tb00jyALBQhYGMJuw8M8hRg=,3Xg4jU+xRRswVK8xkFHV1tn9i90=
-29,69,ZTt1Tb00jyALBQhYGMJuw8M8hRg=,3Xg4jU+xRRswVK8xkFHV1tn9i90=
-22,69,ZTt1Tb00jyALBQhYGMJuw8M8hRg=,3Xg4jU+xRRswVK8xkFHV1tn9i90=
-18,69,ZTt1Tb00jyALBQhYGMJuw8M8hRg=,3Xg4jU+xRRswVK8xkFHV1tn9i90=
-17,69,ZTt1Tb00jyALBQhYGMJuw8M8hRg=,3Xg4jU+xRRswVK8xkFHV1tn9i90=
-32,70,ZTt1Tb00jyALBQhYGMJuw8M8hRg=,3Xg4jU+xRRswVK8xkFHV1tn9i90=
-24,69,ZTt1Tb00jyALBQhYGMJuw8M8hRg=,3Xg4jU+xRRswVK8xkFHV1tn9i90=
-22,65,ZTt1Tb00jyALBQhYGMJuw8M8hRg=,3Xg4jU+xRRswVK8xkFHV1tn9i90=
-21,69,ZTt1Tb00jyALBQhYGMJuw8M8hRg=,3Xg4jU+xRRswVK8xkFHV1tn9i90=
-20,69,ZTt1Tb00jyALBQhYGMJuw8M8hRg=,3Xg4jU+xRRswVK8xkFHV1tn9i90=
-22,64,ZTt1Tb00jyALBQhYGMJuw8M8hRg=,3Xg4jU+xRRswVK8xkFHV1tn9i90=
-19,69,ZTt1Tb00jyALBQhYGMJuw8M8hRg=,3Xg4jU+xRRswVK8xkFHV1tn9i90=
-25,70,ZTt1Tb00jyALBQhYGMJuw8M8hRg=,3Xg4jU+xRRswVK8xkFHV1tn9i90=
-31,70,ZTt1Tb00jyALBQhYGMJuw8M8hRg=,3Xg4jU+xRRswVK8xkFHV1tn9i90=
-26,70,ZTt1Tb00jyALBQhYGMJuw8M8hRg=,3Xg4jU+xRRswVK8xkFHV1tn9i90=
-30,70,ZTt1Tb00jyALBQhYGMJuw8M8hRg=,3Xg4jU+xRRswVK8xkFHV1tn9i90=
-29,70,ZTt1Tb00jyALBQhYGMJuw8M8hRg=,3Xg4jU+xRRswVK8xkFHV1tn9i90=
-27,70,ZTt1Tb00jyALBQhYGMJuw8M8hRg=,3Xg4jU+xRRswVK8xkFHV1tn9i90=
-21,70,ZTt1Tb00jyALBQhYGMJuw8M8hRg=,3Xg4jU+xRRswVK8xkFHV1tn9i90=
-23,70,ZTt1Tb00jyALBQhYGMJuw8M8hRg=,3Xg4jU+xRRswVK8xkFHV1tn9i90=
-17,70,ZTt1Tb00jyALBQhYGMJuw8M8hRg=,3Xg4jU+xRRswVK8xkFHV1tn9i90=
-22,70,ZTt1Tb00jyALBQhYGMJuw8M8hRg=,3Xg4jU+xRRswVK8xkFHV1tn9i90=
-19,70,ZTt1Tb00jyALBQhYGMJuw8M8hRg=,3Xg4jU+xRRswVK8xkFHV1tn9i90=
-28,70,ZTt1Tb00jyALBQhYGMJuw8M8hRg=,3Xg4jU+xRRswVK8xkFHV1tn9i90=
-20,70,ZTt1Tb00jyALBQhYGMJuw8M8hRg=,3Xg4jU+xRRswVK8xkFHV1tn9i90=
-18,70,ZTt1Tb00jyALBQhYGMJuw8M8hRg=,3Xg4jU+xRRswVK8xkFHV1tn9i90=
-29,71,ZTt1Tb00jyALBQhYGMJuw8M8hRg=,3Xg4jU+xRRswVK8xkFHV1tn9i90=
-21,65,ZTt1Tb00jyALBQhYGMJuw8M8hRg=,3Xg4jU+xRRswVK8xkFHV1tn9i90=
-21,64,ZTt1Tb00jyALBQhYGMJuw8M8hRg=,3Xg4jU+xRRswVK8xkFHV1tn9i90=
-31,71,ZTt1Tb00jyALBQhYGMJuw8M8hRg=,3Xg4jU+xRRswVK8xkFHV1tn9i90=
-24,70,ZTt1Tb00jyALBQhYGMJuw8M8hRg=,3Xg4jU+xRRswVK8xkFHV1tn9i90=
-32,71,ZTt1Tb00jyALBQhYGMJuw8M8hRg=,3Xg4jU+xRRswVK8xkFHV1tn9i90=
-26,71,ZTt1Tb00jyALBQhYGMJuw8M8hRg=,3Xg4jU+xRRswVK8xkFHV1tn9i90=
-28,71,ZTt1Tb00jyALBQhYGMJuw8M8hRg=,3Xg4jU+xRRswVK8xkFHV1tn9i90=
-23,71,ZTt1Tb00jyALBQhYGMJuw8M8hRg=,3Xg4jU+xRRswVK8xkFHV1tn9i90=
-30,71,ZTt1Tb00jyALBQhYGMJuw8M8hRg=,3Xg4jU+xRRswVK8xkFHV1tn9i90=
-20,71,ZTt1Tb00jyALBQhYGMJuw8M8hRg=,3Xg4jU+xRRswVK8xkFHV1tn9i90=
-27,71,ZTt1Tb00jyALBQhYGMJuw8M8hRg=,3Xg4jU+xRRswVK8xkFHV1tn9i90=
-25,71,ZTt1Tb00jyALBQhYGMJuw8M8hRg=,3Xg4jU+xRRswVK8xkFHV1tn9i90=
-22,71,ZTt1Tb00jyALBQhYGMJuw8M8hRg=,3Xg4jU+xRRswVK8xkFHV1tn9i90=
-18,71,ZTt1Tb00jyALBQhYGMJuw8M8hRg=,3Xg4jU+xRRswVK8xkFHV1tn9i90=
-19,71,ZTt1Tb00jyALBQhYGMJuw8M8hRg=,3Xg4jU+xRRswVK8xkFHV1tn9i90=
-21,71,ZTt1Tb00jyALBQhYGMJuw8M8hRg=,3Xg4jU+xRRswVK8xkFHV1tn9i90=
-29,72,ZTt1Tb00jyALBQhYGMJuw8M8hRg=,3Xg4jU+xRRswVK8xkFHV1tn9i90=
-30,72,ZTt1Tb00jyALBQhYGMJuw8M8hRg=,3Xg4jU+xRRswVK8xkFHV1tn9i90=
-31,72,ZTt1Tb00jyALBQhYGMJuw8M8hRg=,3Xg4jU+xRRswVK8xkFHV1tn9i90=
-28,72,ZTt1Tb00jyALBQhYGMJuw8M8hRg=,3Xg4jU+xRRswVK8xkFHV1tn9i90=
-24,71,ZTt1Tb00jyALBQhYGMJuw8M8hRg=,3Xg4jU+xRRswVK8xkFHV1tn9i90=
-17,71,ZTt1Tb00jyALBQhYGMJuw8M8hRg=,3Xg4jU+xRRswVK8xkFHV1tn9i90=
-27,72,ZTt1Tb00jyALBQhYGMJuw8M8hRg=,3Xg4jU+xRRswVK8xkFHV1tn9i90=
-32,72,ZTt1Tb00jyALBQhYGMJuw8M8hRg=,3Xg4jU+xRRswVK8xkFHV1tn9i90=
-22,72,ZTt1Tb00jyALBQhYGMJuw8M8hRg=,3Xg4jU+xRRswVK8xkFHV1tn9i90=
-23,72,ZTt1Tb00jyALBQhYGMJuw8M8hRg=,3Xg4jU+xRRswVK8xkFHV1tn9i90=
-20,65,ZTt1Tb00jyALBQhYGMJuw8M8hRg=,3Xg4jU+xRRswVK8xkFHV1tn9i90=
-24,72,ZTt1Tb00jyALBQhYGMJuw8M8hRg=,3Xg4jU+xRRswVK8xkFHV1tn9i90=
-20,64,ZTt1Tb00jyALBQhYGMJuw8M8hRg=,3Xg4jU+xRRswVK8xkFHV1tn9i90=
-20,72,ZTt1Tb00jyALBQhYGMJuw8M8hRg=,3Xg4jU+xRRswVK8xkFHV1tn9i90=
-26,72,ZTt1Tb00jyALBQhYGMJuw8M8hRg=,3Xg4jU+xRRswVK8xkFHV1tn9i90=
-25,72,ZTt1Tb00jyALBQhYGMJuw8M8hRg=,3Xg4jU+xRRswVK8xkFHV1tn9i90=
-17,72,ZTt1Tb00jyALBQhYGMJuw8M8hRg=,3Xg4jU+xRRswVK8xkFHV1tn9i90=
-29,73,ZTt1Tb00jyALBQhYGMJuw8M8hRg=,3Xg4jU+xRRswVK8xkFHV1tn9i90=
-32,73,ZTt1Tb00jyALBQhYGMJuw8M8hRg=,3Xg4jU+xRRswVK8xkFHV1tn9i90=
-31,73,ZTt1Tb00jyALBQhYGMJuw8M8hRg=,3Xg4jU+xRRswVK8xkFHV1tn9i90=
-28,73,ZTt1Tb00jyALBQhYGMJuw8M8hRg=,3Xg4jU+xRRswVK8xkFHV1tn9i90=
-21,72,ZTt1Tb00jyALBQhYGMJuw8M8hRg=,3Xg4jU+xRRswVK8xkFHV1tn9i90=
-19,64,ZTt1Tb00jyALBQhYGMJuw8M8hRg=,3Xg4jU+xRRswVK8xkFHV1tn9i90=
-27,73,ZTt1Tb00jyALBQhYGMJuw8M8hRg=,3Xg4jU+xRRswVK8xkFHV1tn9i90=
-18,72,ZTt1Tb00jyALBQhYGMJuw8M8hRg=,3Xg4jU+xRRswVK8xkFHV1tn9i90=
-25,73,ZTt1Tb00jyALBQhYGMJuw8M8hRg=,3Xg4jU+xRRswVK8xkFHV1tn9i90=
-26,73,ZTt1Tb00jyALBQhYGMJuw8M8hRg=,3Xg4jU+xRRswVK8xkFHV1tn9i90=
-22,73,ZTt1Tb00jyALBQhYGMJuw8M8hRg=,3Xg4jU+xRRswVK8xkFHV1tn9i90=
-24,73,ZTt1Tb00jyALBQhYGMJuw8M8hRg=,3Xg4jU+xRRswVK8xkFHV1tn9i90=
-19,72,ZTt1Tb00jyALBQhYGMJuw8M8hRg=,3Xg4jU+xRRswVK8xkFHV1tn9i90=
-30,73,ZTt1Tb00jyALBQhYGMJuw8M8hRg=,3Xg4jU+xRRswVK8xkFHV1tn9i90=
-20,73,ZTt1Tb00jyALBQhYGMJuw8M8hRg=,3Xg4jU+xRRswVK8xkFHV1tn9i90=
-17,73,ZTt1Tb00jyALBQhYGMJuw8M8hRg=,3Xg4jU+xRRswVK8xkFHV1tn9i90=
-18,73,ZTt1Tb00jyALBQhYGMJuw8M8hRg=,3Xg4jU+xRRswVK8xkFHV1tn9i90=
-19,73,ZTt1Tb00jyALBQhYGMJuw8M8hRg=,3Xg4jU+xRRswVK8xkFHV1tn9i90=
-19,65,ZTt1Tb00jyALBQhYGMJuw8M8hRg=,3Xg4jU+xRRswVK8xkFHV1tn9i90=
-29,74,ZTt1Tb00jyALBQhYGMJuw8M8hRg=,3Xg4jU+xRRswVK8xkFHV1tn9i90=
-32,74,ZTt1Tb00jyALBQhYGMJuw8M8hRg=,3Xg4jU+xRRswVK8xkFHV1tn9i90=
-27,74,ZTt1Tb00jyALBQhYGMJuw8M8hRg=,3Xg4jU+xRRswVK8xkFHV1tn9i90=
-21,73,ZTt1Tb00jyALBQhYGMJuw8M8hRg=,3Xg4jU+xRRswVK8xkFHV1tn9i90=
-26,74,ZTt1Tb00jyALBQhYGMJuw8M8hRg=,3Xg4jU+xRRswVK8xkFHV1tn9i90=
-18,65,ZTt1Tb00jyALBQhYGMJuw8M8hRg=,3Xg4jU+xRRswVK8xkFHV1tn9i90=
-23,73,ZTt1Tb00jyALBQhYGMJuw8M8hRg=,3Xg4jU+xRRswVK8xkFHV1tn9i90=
-18,64,ZTt1Tb00jyALBQhYGMJuw8M8hRg=,3Xg4jU+xRRswVK8xkFHV1tn9i90=
-30,74,ZTt1Tb00jyALBQhYGMJuw8M8hRg=,3Xg4jU+xRRswVK8xkFHV1tn9i90=
-25,74,ZTt1Tb00jyALBQhYGMJuw8M8hRg=,3Xg4jU+xRRswVK8xkFHV1tn9i90=
-24,74,ZTt1Tb00jyALBQhYGMJuw8M8hRg=,3Xg4jU+xRRswVK8xkFHV1tn9i90=
-20,74,ZTt1Tb00jyALBQhYGMJuw8M8hRg=,3Xg4jU+xRRswVK8xkFHV1tn9i90=
-21,74,ZTt1Tb00jyALBQhYGMJuw8M8hRg=,3Xg4jU+xRRswVK8xkFHV1tn9i90=
-23,74,ZTt1Tb00jyALBQhYGMJuw8M8hRg=,3Xg4jU+xRRswVK8xkFHV1tn9i90=
-17,74,ZTt1Tb00jyALBQhYGMJuw8M8hRg=,3Xg4jU+xRRswVK8xkFHV1tn9i90=
-31,74,ZTt1Tb00jyALBQhYGMJuw8M8hRg=,3Xg4jU+xRRswVK8xkFHV1tn9i90=
-18,74,ZTt1Tb00jyALBQhYGMJuw8M8hRg=,3Xg4jU+xRRswVK8xkFHV1tn9i90=
-19,74,ZTt1Tb00jyALBQhYGMJuw8M8hRg=,3Xg4jU+xRRswVK8xkFHV1tn9i90=
-30,75,ZTt1Tb00jyALBQhYGMJuw8M8hRg=,3Xg4jU+xRRswVK8xkFHV1tn9i90=
-29,75,ZTt1Tb00jyALBQhYGMJuw8M8hRg=,3Xg4jU+xRRswVK8xkFHV1tn9i90=
-28,74,ZTt1Tb00jyALBQhYGMJuw8M8hRg=,3Xg4jU+xRRswVK8xkFHV1tn9i90=
-28,75,ZTt1Tb00jyALBQhYGMJuw8M8hRg=,3Xg4jU+xRRswVK8xkFHV1tn9i90=
-17,65,ZTt1Tb00jyALBQhYGMJuw8M8hRg=,3Xg4jU+xRRswVK8xkFHV1tn9i90=
-22,74,ZTt1Tb00jyALBQhYGMJuw8M8hRg=,3Xg4jU+xRRswVK8xkFHV1tn9i90=
-32,75,ZTt1Tb00jyALBQhYGMJuw8M8hRg=,3Xg4jU+xRRswVK8xkFHV1tn9i90=
-17,64,ZTt1Tb00jyALBQhYGMJuw8M8hRg=,3Xg4jU+xRRswVK8xkFHV1tn9i90=
-26,75,ZTt1Tb00jyALBQhYGMJuw8M8hRg=,3Xg4jU+xRRswVK8xkFHV1tn9i90=
-27,75,ZTt1Tb00jyALBQhYGMJuw8M8hRg=,3Xg4jU+xRRswVK8xkFHV1tn9i90=
-31,75,ZTt1Tb00jyALBQhYGMJuw8M8hRg=,3Xg4jU+xRRswVK8xkFHV1tn9i90=
-23,75,ZTt1Tb00jyALBQhYGMJuw8M8hRg=,3Xg4jU+xRRswVK8xkFHV1tn9i90=
-24,75,ZTt1Tb00jyALBQhYGMJuw8M8hRg=,3Xg4jU+xRRswVK8xkFHV1tn9i90=
-25,75,ZTt1Tb00jyALBQhYGMJuw8M8hRg=,3Xg4jU+xRRswVK8xkFHV1tn9i90=
-28,83,VR1ncJZ6hxw34Dd7xbfCsPIKmX8=,i3pxxwE0cejxOQ2V2u/n3Ha5He0=
-30,83,UN2QWd9uLKoF+5tpPL3dS6D5BGc=,i3pxxwE0cejxOQ2V2u/n3Ha5He0=
-17,95,0kAOjW6G4nccLxbCkYJVIgeeexY=,i3pxxwE0cejxOQ2V2u/n3Ha5He0=
-28,82,0kAOjW6G4nccLxbCkYJVIgeeexY=,i3pxxwE0cejxOQ2V2u/n3Ha5He0=
-18,95,0kAOjW6G4nccLxbCkYJVIgeeexY=,i3pxxwE0cejxOQ2V2u/n3Ha5He0=
-19,95,0kAOjW6G4nccLxbCkYJVIgeeexY=,i3pxxwE0cejxOQ2V2u/n3Ha5He0=
-26,83,0kAOjW6G4nccLxbCkYJVIgeeexY=,i3pxxwE0cejxOQ2V2u/n3Ha5He0=
-20,95,0kAOjW6G4nccLxbCkYJVIgeeexY=,i3pxxwE0cejxOQ2V2u/n3Ha5He0=
-21,95,0kAOjW6G4nccLxbCkYJVIgeeexY=,i3pxxwE0cejxOQ2V2u/n3Ha5He0=
-28,81,UN2QWd9uLKoF+5tpPL3dS6D5BGc=,i3pxxwE0cejxOQ2V2u/n3Ha5He0=
-26,82,UN2QWd9uLKoF+5tpPL3dS6D5BGc=,i3pxxwE0cejxOQ2V2u/n3Ha5He0=
-31,80,0kAOjW6G4nccLxbCkYJVIgeeexY=,i3pxxwE0cejxOQ2V2u/n3Ha5He0=
-23,95,okEkw1SoNA5W5b49zXKmJXEWHIY=,i3pxxwE0cejxOQ2V2u/n3Ha5He0=
-27,82,UN2QWd9uLKoF+5tpPL3dS6D5BGc=,i3pxxwE0cejxOQ2V2u/n3Ha5He0=
-22,95,okEkw1SoNA5W5b49zXKmJXEWHIY=,i3pxxwE0cejxOQ2V2u/n3Ha5He0=
-25,83,UN2QWd9uLKoF+5tpPL3dS6D5BGc=,i3pxxwE0cejxOQ2V2u/n3Ha5He0=
-27,81,UN2QWd9uLKoF+5tpPL3dS6D5BGc=,i3pxxwE0cejxOQ2V2u/n3Ha5He0=
-24,95,okEkw1SoNA5W5b49zXKmJXEWHIY=,i3pxxwE0cejxOQ2V2u/n3Ha5He0=
-29,83,VR1ncJZ6hxw34Dd7xbfCsPIKmX8=,i3pxxwE0cejxOQ2V2u/n3Ha5He0=
-27,80,0kAOjW6G4nccLxbCkYJVIgeeexY=,i3pxxwE0cejxOQ2V2u/n3Ha5He0=
-25,95,okEkw1SoNA5W5b49zXKmJXEWHIY=,i3pxxwE0cejxOQ2V2u/n3Ha5He0=
-27,83,UN2QWd9uLKoF+5tpPL3dS6D5BGc=,i3pxxwE0cejxOQ2V2u/n3Ha5He0=
-27,95,okEkw1SoNA5W5b49zXKmJXEWHIY=,i3pxxwE0cejxOQ2V2u/n3Ha5He0=
-28,95,okEkw1SoNA5W5b49zXKmJXEWHIY=,i3pxxwE0cejxOQ2V2u/n3Ha5He0=
-29,81,ZgP+mvzkI8odgTlkxCrjtFBvAHg=,i3pxxwE0cejxOQ2V2u/n3Ha5He0=
-26,95,okEkw1SoNA5W5b49zXKmJXEWHIY=,i3pxxwE0cejxOQ2V2u/n3Ha5He0=
-31,83,UcGHundDWMdVxrZQOP3d6noviXk=,i3pxxwE0cejxOQ2V2u/n3Ha5He0=
-31,95,UcGHundDWMdVxrZQOP3d6noviXk=,i3pxxwE0cejxOQ2V2u/n3Ha5He0=
-32,95,UcGHundDWMdVxrZQOP3d6noviXk=,i3pxxwE0cejxOQ2V2u/n3Ha5He0=
-29,95,UcGHundDWMdVxrZQOP3d6noviXk=,i3pxxwE0cejxOQ2V2u/n3Ha5He0=
-29,82,ZgP+mvzkI8odgTlkxCrjtFBvAHg=,i3pxxwE0cejxOQ2V2u/n3Ha5He0=
-29,80,VR1ncJZ6hxw34Dd7xbfCsPIKmX8=,i3pxxwE0cejxOQ2V2u/n3Ha5He0=
-24,83,okEkw1SoNA5W5b49zXKmJXEWHIY=,i3pxxwE0cejxOQ2V2u/n3Ha5He0=
-17,94,ZgP+mvzkI8odgTlkxCrjtFBvAHg=,i3pxxwE0cejxOQ2V2u/n3Ha5He0=
-30,95,UcGHundDWMdVxrZQOP3d6noviXk=,i3pxxwE0cejxOQ2V2u/n3Ha5He0=
-18,94,ZgP+mvzkI8odgTlkxCrjtFBvAHg=,i3pxxwE0cejxOQ2V2u/n3Ha5He0=
-21,94,ZgP+mvzkI8odgTlkxCrjtFBvAHg=,i3pxxwE0cejxOQ2V2u/n3Ha5He0=
-19,94,ZgP+mvzkI8odgTlkxCrjtFBvAHg=,i3pxxwE0cejxOQ2V2u/n3Ha5He0=
-20,94,ZgP+mvzkI8odgTlkxCrjtFBvAHg=,i3pxxwE0cejxOQ2V2u/n3Ha5He0=
-24,94,ZgP+mvzkI8odgTlkxCrjtFBvAHg=,i3pxxwE0cejxOQ2V2u/n3Ha5He0=
-22,94,ZgP+mvzkI8odgTlkxCrjtFBvAHg=,i3pxxwE0cejxOQ2V2u/n3Ha5He0=
-23,94,ZgP+mvzkI8odgTlkxCrjtFBvAHg=,i3pxxwE0cejxOQ2V2u/n3Ha5He0=
-26,94,ZgP+mvzkI8odgTlkxCrjtFBvAHg=,i3pxxwE0cejxOQ2V2u/n3Ha5He0=
-28,80,ZgP+mvzkI8odgTlkxCrjtFBvAHg=,i3pxxwE0cejxOQ2V2u/n3Ha5He0=
-28,94,ZgP+mvzkI8odgTlkxCrjtFBvAHg=,i3pxxwE0cejxOQ2V2u/n3Ha5He0=
-32,80,ZgP+mvzkI8odgTlkxCrjtFBvAHg=,i3pxxwE0cejxOQ2V2u/n3Ha5He0=
-23,83,0kAOjW6G4nccLxbCkYJVIgeeexY=,i3pxxwE0cejxOQ2V2u/n3Ha5He0=
-25,94,ZgP+mvzkI8odgTlkxCrjtFBvAHg=,i3pxxwE0cejxOQ2V2u/n3Ha5He0=
-29,94,ZgP+mvzkI8odgTlkxCrjtFBvAHg=,i3pxxwE0cejxOQ2V2u/n3Ha5He0=
-27,94,ZgP+mvzkI8odgTlkxCrjtFBvAHg=,i3pxxwE0cejxOQ2V2u/n3Ha5He0=
-17,93,ZgP+mvzkI8odgTlkxCrjtFBvAHg=,i3pxxwE0cejxOQ2V2u/n3Ha5He0=
-30,94,ZgP+mvzkI8odgTlkxCrjtFBvAHg=,i3pxxwE0cejxOQ2V2u/n3Ha5He0=
-31,94,ZgP+mvzkI8odgTlkxCrjtFBvAHg=,i3pxxwE0cejxOQ2V2u/n3Ha5He0=
-30,82,ZgP+mvzkI8odgTlkxCrjtFBvAHg=,i3pxxwE0cejxOQ2V2u/n3Ha5He0=
-32,94,ZgP+mvzkI8odgTlkxCrjtFBvAHg=,i3pxxwE0cejxOQ2V2u/n3Ha5He0=
-18,93,ZgP+mvzkI8odgTlkxCrjtFBvAHg=,i3pxxwE0cejxOQ2V2u/n3Ha5He0=
-30,81,ZgP+mvzkI8odgTlkxCrjtFBvAHg=,i3pxxwE0cejxOQ2V2u/n3Ha5He0=
-21,93,ZgP+mvzkI8odgTlkxCrjtFBvAHg=,i3pxxwE0cejxOQ2V2u/n3Ha5He0=
-24,93,ZgP+mvzkI8odgTlkxCrjtFBvAHg=,i3pxxwE0cejxOQ2V2u/n3Ha5He0=
-19,93,ZgP+mvzkI8odgTlkxCrjtFBvAHg=,i3pxxwE0cejxOQ2V2u/n3Ha5He0=
-22,93,ZgP+mvzkI8odgTlkxCrjtFBvAHg=,i3pxxwE0cejxOQ2V2u/n3Ha5He0=
-28,93,ZgP+mvzkI8odgTlkxCrjtFBvAHg=,i3pxxwE0cejxOQ2V2u/n3Ha5He0=
-31,82,ZgP+mvzkI8odgTlkxCrjtFBvAHg=,i3pxxwE0cejxOQ2V2u/n3Ha5He0=
-26,93,ZgP+mvzkI8odgTlkxCrjtFBvAHg=,i3pxxwE0cejxOQ2V2u/n3Ha5He0=
-23,93,ZgP+mvzkI8odgTlkxCrjtFBvAHg=,i3pxxwE0cejxOQ2V2u/n3Ha5He0=
-20,93,ZgP+mvzkI8odgTlkxCrjtFBvAHg=,i3pxxwE0cejxOQ2V2u/n3Ha5He0=
-22,83,UcGHundDWMdVxrZQOP3d6noviXk=,i3pxxwE0cejxOQ2V2u/n3Ha5He0=
-25,93,ZgP+mvzkI8odgTlkxCrjtFBvAHg=,i3pxxwE0cejxOQ2V2u/n3Ha5He0=
-27,93,ZgP+mvzkI8odgTlkxCrjtFBvAHg=,i3pxxwE0cejxOQ2V2u/n3Ha5He0=
-29,93,ZgP+mvzkI8odgTlkxCrjtFBvAHg=,i3pxxwE0cejxOQ2V2u/n3Ha5He0=
-30,93,ZgP+mvzkI8odgTlkxCrjtFBvAHg=,i3pxxwE0cejxOQ2V2u/n3Ha5He0=
-32,93,ZgP+mvzkI8odgTlkxCrjtFBvAHg=,i3pxxwE0cejxOQ2V2u/n3Ha5He0=
-17,92,ZgP+mvzkI8odgTlkxCrjtFBvAHg=,i3pxxwE0cejxOQ2V2u/n3Ha5He0=
-31,93,ZgP+mvzkI8odgTlkxCrjtFBvAHg=,i3pxxwE0cejxOQ2V2u/n3Ha5He0=
-18,92,ZgP+mvzkI8odgTlkxCrjtFBvAHg=,i3pxxwE0cejxOQ2V2u/n3Ha5He0=
-21,83,UcGHundDWMdVxrZQOP3d6noviXk=,i3pxxwE0cejxOQ2V2u/n3Ha5He0=
-19,92,ZgP+mvzkI8odgTlkxCrjtFBvAHg=,i3pxxwE0cejxOQ2V2u/n3Ha5He0=
-21,92,ZgP+mvzkI8odgTlkxCrjtFBvAHg=,i3pxxwE0cejxOQ2V2u/n3Ha5He0=
-20,92,ZgP+mvzkI8odgTlkxCrjtFBvAHg=,i3pxxwE0cejxOQ2V2u/n3Ha5He0=
-22,92,ZgP+mvzkI8odgTlkxCrjtFBvAHg=,i3pxxwE0cejxOQ2V2u/n3Ha5He0=
-32,82,ZgP+mvzkI8odgTlkxCrjtFBvAHg=,i3pxxwE0cejxOQ2V2u/n3Ha5He0=
-31,81,ZgP+mvzkI8odgTlkxCrjtFBvAHg=,i3pxxwE0cejxOQ2V2u/n3Ha5He0=
-27,92,ZgP+mvzkI8odgTlkxCrjtFBvAHg=,i3pxxwE0cejxOQ2V2u/n3Ha5He0=
-24,92,ZgP+mvzkI8odgTlkxCrjtFBvAHg=,i3pxxwE0cejxOQ2V2u/n3Ha5He0=
-29,92,ZgP+mvzkI8odgTlkxCrjtFBvAHg=,i3pxxwE0cejxOQ2V2u/n3Ha5He0=
-23,92,ZgP+mvzkI8odgTlkxCrjtFBvAHg=,i3pxxwE0cejxOQ2V2u/n3Ha5He0=
-25,92,ZgP+mvzkI8odgTlkxCrjtFBvAHg=,i3pxxwE0cejxOQ2V2u/n3Ha5He0=
-28,92,ZgP+mvzkI8odgTlkxCrjtFBvAHg=,i3pxxwE0cejxOQ2V2u/n3Ha5He0=
-30,92,ZgP+mvzkI8odgTlkxCrjtFBvAHg=,i3pxxwE0cejxOQ2V2u/n3Ha5He0=
-32,92,ZgP+mvzkI8odgTlkxCrjtFBvAHg=,i3pxxwE0cejxOQ2V2u/n3Ha5He0=
-32,81,ZgP+mvzkI8odgTlkxCrjtFBvAHg=,i3pxxwE0cejxOQ2V2u/n3Ha5He0=
-17,91,ZgP+mvzkI8odgTlkxCrjtFBvAHg=,i3pxxwE0cejxOQ2V2u/n3Ha5He0=
-31,92,ZgP+mvzkI8odgTlkxCrjtFBvAHg=,i3pxxwE0cejxOQ2V2u/n3Ha5He0=
-18,91,ZgP+mvzkI8odgTlkxCrjtFBvAHg=,i3pxxwE0cejxOQ2V2u/n3Ha5He0=
-26,92,ZgP+mvzkI8odgTlkxCrjtFBvAHg=,i3pxxwE0cejxOQ2V2u/n3Ha5He0=
-20,83,ZgP+mvzkI8odgTlkxCrjtFBvAHg=,i3pxxwE0cejxOQ2V2u/n3Ha5He0=
-20,91,ZgP+mvzkI8odgTlkxCrjtFBvAHg=,i3pxxwE0cejxOQ2V2u/n3Ha5He0=
-17,80,ZgP+mvzkI8odgTlkxCrjtFBvAHg=,i3pxxwE0cejxOQ2V2u/n3Ha5He0=
-19,91,ZgP+mvzkI8odgTlkxCrjtFBvAHg=,i3pxxwE0cejxOQ2V2u/n3Ha5He0=
-18,80,ZgP+mvzkI8odgTlkxCrjtFBvAHg=,i3pxxwE0cejxOQ2V2u/n3Ha5He0=
-22,91,ZgP+mvzkI8odgTlkxCrjtFBvAHg=,i3pxxwE0cejxOQ2V2u/n3Ha5He0=
-19,83,ZgP+mvzkI8odgTlkxCrjtFBvAHg=,i3pxxwE0cejxOQ2V2u/n3Ha5He0=
-21,91,ZgP+mvzkI8odgTlkxCrjtFBvAHg=,i3pxxwE0cejxOQ2V2u/n3Ha5He0=
-30,80,ZgP+mvzkI8odgTlkxCrjtFBvAHg=,i3pxxwE0cejxOQ2V2u/n3Ha5He0=
-24,91,ZgP+mvzkI8odgTlkxCrjtFBvAHg=,i3pxxwE0cejxOQ2V2u/n3Ha5He0=
-23,91,ZgP+mvzkI8odgTlkxCrjtFBvAHg=,i3pxxwE0cejxOQ2V2u/n3Ha5He0=
-17,81,ZgP+mvzkI8odgTlkxCrjtFBvAHg=,i3pxxwE0cejxOQ2V2u/n3Ha5He0=
-26,91,ZgP+mvzkI8odgTlkxCrjtFBvAHg=,i3pxxwE0cejxOQ2V2u/n3Ha5He0=
-25,91,ZgP+mvzkI8odgTlkxCrjtFBvAHg=,i3pxxwE0cejxOQ2V2u/n3Ha5He0=
-27,91,ZgP+mvzkI8odgTlkxCrjtFBvAHg=,i3pxxwE0cejxOQ2V2u/n3Ha5He0=
-32,83,ZgP+mvzkI8odgTlkxCrjtFBvAHg=,i3pxxwE0cejxOQ2V2u/n3Ha5He0=
-29,91,ZgP+mvzkI8odgTlkxCrjtFBvAHg=,i3pxxwE0cejxOQ2V2u/n3Ha5He0=
-28,91,ZgP+mvzkI8odgTlkxCrjtFBvAHg=,i3pxxwE0cejxOQ2V2u/n3Ha5He0=
-30,91,ZgP+mvzkI8odgTlkxCrjtFBvAHg=,i3pxxwE0cejxOQ2V2u/n3Ha5He0=
-31,91,ZgP+mvzkI8odgTlkxCrjtFBvAHg=,i3pxxwE0cejxOQ2V2u/n3Ha5He0=
-32,91,ZgP+mvzkI8odgTlkxCrjtFBvAHg=,i3pxxwE0cejxOQ2V2u/n3Ha5He0=
-18,83,UcGHundDWMdVxrZQOP3d6noviXk=,i3pxxwE0cejxOQ2V2u/n3Ha5He0=
-17,90,ZgP+mvzkI8odgTlkxCrjtFBvAHg=,i3pxxwE0cejxOQ2V2u/n3Ha5He0=
-19,81,ZgP+mvzkI8odgTlkxCrjtFBvAHg=,i3pxxwE0cejxOQ2V2u/n3Ha5He0=
-18,81,ZgP+mvzkI8odgTlkxCrjtFBvAHg=,i3pxxwE0cejxOQ2V2u/n3Ha5He0=
-25,82,okEkw1SoNA5W5b49zXKmJXEWHIY=,i3pxxwE0cejxOQ2V2u/n3Ha5He0=
-18,90,ZgP+mvzkI8odgTlkxCrjtFBvAHg=,i3pxxwE0cejxOQ2V2u/n3Ha5He0=
-19,80,ZgP+mvzkI8odgTlkxCrjtFBvAHg=,i3pxxwE0cejxOQ2V2u/n3Ha5He0=
-17,82,ZgP+mvzkI8odgTlkxCrjtFBvAHg=,i3pxxwE0cejxOQ2V2u/n3Ha5He0=
-19,90,ZgP+mvzkI8odgTlkxCrjtFBvAHg=,i3pxxwE0cejxOQ2V2u/n3Ha5He0=
-22,90,ZgP+mvzkI8odgTlkxCrjtFBvAHg=,i3pxxwE0cejxOQ2V2u/n3Ha5He0=
-21,90,ZgP+mvzkI8odgTlkxCrjtFBvAHg=,i3pxxwE0cejxOQ2V2u/n3Ha5He0=
-23,90,ZgP+mvzkI8odgTlkxCrjtFBvAHg=,i3pxxwE0cejxOQ2V2u/n3Ha5He0=
-17,83,ZgP+mvzkI8odgTlkxCrjtFBvAHg=,i3pxxwE0cejxOQ2V2u/n3Ha5He0=
-20,90,ZgP+mvzkI8odgTlkxCrjtFBvAHg=,i3pxxwE0cejxOQ2V2u/n3Ha5He0=
-32,84,UcGHundDWMdVxrZQOP3d6noviXk=,i3pxxwE0cejxOQ2V2u/n3Ha5He0=
-24,90,ZgP+mvzkI8odgTlkxCrjtFBvAHg=,i3pxxwE0cejxOQ2V2u/n3Ha5He0=
-29,90,ZgP+mvzkI8odgTlkxCrjtFBvAHg=,i3pxxwE0cejxOQ2V2u/n3Ha5He0=
-25,90,ZgP+mvzkI8odgTlkxCrjtFBvAHg=,i3pxxwE0cejxOQ2V2u/n3Ha5He0=
-28,90,ZgP+mvzkI8odgTlkxCrjtFBvAHg=,i3pxxwE0cejxOQ2V2u/n3Ha5He0=
-30,90,ZgP+mvzkI8odgTlkxCrjtFBvAHg=,i3pxxwE0cejxOQ2V2u/n3Ha5He0=
-32,90,ZgP+mvzkI8odgTlkxCrjtFBvAHg=,i3pxxwE0cejxOQ2V2u/n3Ha5He0=
-27,90,ZgP+mvzkI8odgTlkxCrjtFBvAHg=,i3pxxwE0cejxOQ2V2u/n3Ha5He0=
-31,90,ZgP+mvzkI8odgTlkxCrjtFBvAHg=,i3pxxwE0cejxOQ2V2u/n3Ha5He0=
-26,90,ZgP+mvzkI8odgTlkxCrjtFBvAHg=,i3pxxwE0cejxOQ2V2u/n3Ha5He0=
-20,80,ZgP+mvzkI8odgTlkxCrjtFBvAHg=,i3pxxwE0cejxOQ2V2u/n3Ha5He0=
-17,89,ZgP+mvzkI8odgTlkxCrjtFBvAHg=,i3pxxwE0cejxOQ2V2u/n3Ha5He0=
-26,81,ZgP+mvzkI8odgTlkxCrjtFBvAHg=,i3pxxwE0cejxOQ2V2u/n3Ha5He0=
-18,89,ZgP+mvzkI8odgTlkxCrjtFBvAHg=,i3pxxwE0cejxOQ2V2u/n3Ha5He0=
-20,81,ZgP+mvzkI8odgTlkxCrjtFBvAHg=,i3pxxwE0cejxOQ2V2u/n3Ha5He0=
-23,89,ZgP+mvzkI8odgTlkxCrjtFBvAHg=,i3pxxwE0cejxOQ2V2u/n3Ha5He0=
-21,89,ZgP+mvzkI8odgTlkxCrjtFBvAHg=,i3pxxwE0cejxOQ2V2u/n3Ha5He0=
-22,89,ZgP+mvzkI8odgTlkxCrjtFBvAHg=,i3pxxwE0cejxOQ2V2u/n3Ha5He0=
-31,84,VR1ncJZ6hxw34Dd7xbfCsPIKmX8=,i3pxxwE0cejxOQ2V2u/n3Ha5He0=
-26,80,UcGHundDWMdVxrZQOP3d6noviXk=,i3pxxwE0cejxOQ2V2u/n3Ha5He0=
-30,84,VR1ncJZ6hxw34Dd7xbfCsPIKmX8=,i3pxxwE0cejxOQ2V2u/n3Ha5He0=
-29,84,ZgP+mvzkI8odgTlkxCrjtFBvAHg=,i3pxxwE0cejxOQ2V2u/n3Ha5He0=
-28,84,ZgP+mvzkI8odgTlkxCrjtFBvAHg=,i3pxxwE0cejxOQ2V2u/n3Ha5He0=
-24,89,ZgP+mvzkI8odgTlkxCrjtFBvAHg=,i3pxxwE0cejxOQ2V2u/n3Ha5He0=
-27,84,ZgP+mvzkI8odgTlkxCrjtFBvAHg=,i3pxxwE0cejxOQ2V2u/n3Ha5He0=
-26,84,ZgP+mvzkI8odgTlkxCrjtFBvAHg=,i3pxxwE0cejxOQ2V2u/n3Ha5He0=
-19,89,ZgP+mvzkI8odgTlkxCrjtFBvAHg=,i3pxxwE0cejxOQ2V2u/n3Ha5He0=
-18,82,ZgP+mvzkI8odgTlkxCrjtFBvAHg=,i3pxxwE0cejxOQ2V2u/n3Ha5He0=
-20,89,ZgP+mvzkI8odgTlkxCrjtFBvAHg=,i3pxxwE0cejxOQ2V2u/n3Ha5He0=
-25,89,ZgP+mvzkI8odgTlkxCrjtFBvAHg=,i3pxxwE0cejxOQ2V2u/n3Ha5He0=
-19,82,ZgP+mvzkI8odgTlkxCrjtFBvAHg=,i3pxxwE0cejxOQ2V2u/n3Ha5He0=
-25,84,ZgP+mvzkI8odgTlkxCrjtFBvAHg=,i3pxxwE0cejxOQ2V2u/n3Ha5He0=
-31,89,ZgP+mvzkI8odgTlkxCrjtFBvAHg=,i3pxxwE0cejxOQ2V2u/n3Ha5He0=
-29,89,ZgP+mvzkI8odgTlkxCrjtFBvAHg=,i3pxxwE0cejxOQ2V2u/n3Ha5He0=
-32,89,ZgP+mvzkI8odgTlkxCrjtFBvAHg=,i3pxxwE0cejxOQ2V2u/n3Ha5He0=
-30,89,ZgP+mvzkI8odgTlkxCrjtFBvAHg=,i3pxxwE0cejxOQ2V2u/n3Ha5He0=
-27,89,ZgP+mvzkI8odgTlkxCrjtFBvAHg=,i3pxxwE0cejxOQ2V2u/n3Ha5He0=
-24,84,ZgP+mvzkI8odgTlkxCrjtFBvAHg=,i3pxxwE0cejxOQ2V2u/n3Ha5He0=
-26,89,ZgP+mvzkI8odgTlkxCrjtFBvAHg=,i3pxxwE0cejxOQ2V2u/n3Ha5He0=
-21,80,ZgP+mvzkI8odgTlkxCrjtFBvAHg=,i3pxxwE0cejxOQ2V2u/n3Ha5He0=
-18,88,ZgP+mvzkI8odgTlkxCrjtFBvAHg=,i3pxxwE0cejxOQ2V2u/n3Ha5He0=
-28,89,ZgP+mvzkI8odgTlkxCrjtFBvAHg=,i3pxxwE0cejxOQ2V2u/n3Ha5He0=
-21,81,ZgP+mvzkI8odgTlkxCrjtFBvAHg=,i3pxxwE0cejxOQ2V2u/n3Ha5He0=
-22,88,ZgP+mvzkI8odgTlkxCrjtFBvAHg=,i3pxxwE0cejxOQ2V2u/n3Ha5He0=
-19,88,ZgP+mvzkI8odgTlkxCrjtFBvAHg=,i3pxxwE0cejxOQ2V2u/n3Ha5He0=
-21,88,ZgP+mvzkI8odgTlkxCrjtFBvAHg=,i3pxxwE0cejxOQ2V2u/n3Ha5He0=
-17,88,ZgP+mvzkI8odgTlkxCrjtFBvAHg=,i3pxxwE0cejxOQ2V2u/n3Ha5He0=
-24,88,ZgP+mvzkI8odgTlkxCrjtFBvAHg=,i3pxxwE0cejxOQ2V2u/n3Ha5He0=
-23,84,ZgP+mvzkI8odgTlkxCrjtFBvAHg=,i3pxxwE0cejxOQ2V2u/n3Ha5He0=
-27,88,ZgP+mvzkI8odgTlkxCrjtFBvAHg=,i3pxxwE0cejxOQ2V2u/n3Ha5He0=
-23,88,ZgP+mvzkI8odgTlkxCrjtFBvAHg=,i3pxxwE0cejxOQ2V2u/n3Ha5He0=
-28,88,ZgP+mvzkI8odgTlkxCrjtFBvAHg=,i3pxxwE0cejxOQ2V2u/n3Ha5He0=
-30,88,ZgP+mvzkI8odgTlkxCrjtFBvAHg=,i3pxxwE0cejxOQ2V2u/n3Ha5He0=
-31,88,ZgP+mvzkI8odgTlkxCrjtFBvAHg=,i3pxxwE0cejxOQ2V2u/n3Ha5He0=
-29,88,ZgP+mvzkI8odgTlkxCrjtFBvAHg=,i3pxxwE0cejxOQ2V2u/n3Ha5He0=
-25,88,ZgP+mvzkI8odgTlkxCrjtFBvAHg=,i3pxxwE0cejxOQ2V2u/n3Ha5He0=
-32,88,ZgP+mvzkI8odgTlkxCrjtFBvAHg=,i3pxxwE0cejxOQ2V2u/n3Ha5He0=
-20,88,ZgP+mvzkI8odgTlkxCrjtFBvAHg=,i3pxxwE0cejxOQ2V2u/n3Ha5He0=
-26,88,ZgP+mvzkI8odgTlkxCrjtFBvAHg=,i3pxxwE0cejxOQ2V2u/n3Ha5He0=
-22,84,ZgP+mvzkI8odgTlkxCrjtFBvAHg=,i3pxxwE0cejxOQ2V2u/n3Ha5He0=
-20,82,ZgP+mvzkI8odgTlkxCrjtFBvAHg=,i3pxxwE0cejxOQ2V2u/n3Ha5He0=
-18,87,ZgP+mvzkI8odgTlkxCrjtFBvAHg=,i3pxxwE0cejxOQ2V2u/n3Ha5He0=
-22,80,ZgP+mvzkI8odgTlkxCrjtFBvAHg=,i3pxxwE0cejxOQ2V2u/n3Ha5He0=
-19,87,ZgP+mvzkI8odgTlkxCrjtFBvAHg=,i3pxxwE0cejxOQ2V2u/n3Ha5He0=
-17,87,ZgP+mvzkI8odgTlkxCrjtFBvAHg=,i3pxxwE0cejxOQ2V2u/n3Ha5He0=
-22,81,ZgP+mvzkI8odgTlkxCrjtFBvAHg=,i3pxxwE0cejxOQ2V2u/n3Ha5He0=
-22,87,ZgP+mvzkI8odgTlkxCrjtFBvAHg=,i3pxxwE0cejxOQ2V2u/n3Ha5He0=
-20,87,ZgP+mvzkI8odgTlkxCrjtFBvAHg=,i3pxxwE0cejxOQ2V2u/n3Ha5He0=
-23,87,ZgP+mvzkI8odgTlkxCrjtFBvAHg=,i3pxxwE0cejxOQ2V2u/n3Ha5He0=
-21,87,ZgP+mvzkI8odgTlkxCrjtFBvAHg=,i3pxxwE0cejxOQ2V2u/n3Ha5He0=
-21,84,ZgP+mvzkI8odgTlkxCrjtFBvAHg=,i3pxxwE0cejxOQ2V2u/n3Ha5He0=
-27,87,ZgP+mvzkI8odgTlkxCrjtFBvAHg=,i3pxxwE0cejxOQ2V2u/n3Ha5He0=
-21,82,ZgP+mvzkI8odgTlkxCrjtFBvAHg=,i3pxxwE0cejxOQ2V2u/n3Ha5He0=
-28,87,ZgP+mvzkI8odgTlkxCrjtFBvAHg=,i3pxxwE0cejxOQ2V2u/n3Ha5He0=
-31,87,ZgP+mvzkI8odgTlkxCrjtFBvAHg=,i3pxxwE0cejxOQ2V2u/n3Ha5He0=
-25,87,ZgP+mvzkI8odgTlkxCrjtFBvAHg=,i3pxxwE0cejxOQ2V2u/n3Ha5He0=
-29,87,ZgP+mvzkI8odgTlkxCrjtFBvAHg=,i3pxxwE0cejxOQ2V2u/n3Ha5He0=
-30,87,ZgP+mvzkI8odgTlkxCrjtFBvAHg=,i3pxxwE0cejxOQ2V2u/n3Ha5He0=
-26,87,ZgP+mvzkI8odgTlkxCrjtFBvAHg=,i3pxxwE0cejxOQ2V2u/n3Ha5He0=
-24,87,ZgP+mvzkI8odgTlkxCrjtFBvAHg=,i3pxxwE0cejxOQ2V2u/n3Ha5He0=
-32,87,ZgP+mvzkI8odgTlkxCrjtFBvAHg=,i3pxxwE0cejxOQ2V2u/n3Ha5He0=
-20,86,ZgP+mvzkI8odgTlkxCrjtFBvAHg=,i3pxxwE0cejxOQ2V2u/n3Ha5He0=
-19,86,ZgP+mvzkI8odgTlkxCrjtFBvAHg=,i3pxxwE0cejxOQ2V2u/n3Ha5He0=
-17,86,ZgP+mvzkI8odgTlkxCrjtFBvAHg=,i3pxxwE0cejxOQ2V2u/n3Ha5He0=
-23,81,ZgP+mvzkI8odgTlkxCrjtFBvAHg=,i3pxxwE0cejxOQ2V2u/n3Ha5He0=
-20,84,ZgP+mvzkI8odgTlkxCrjtFBvAHg=,i3pxxwE0cejxOQ2V2u/n3Ha5He0=
-18,86,ZgP+mvzkI8odgTlkxCrjtFBvAHg=,i3pxxwE0cejxOQ2V2u/n3Ha5He0=
-23,80,ZgP+mvzkI8odgTlkxCrjtFBvAHg=,i3pxxwE0cejxOQ2V2u/n3Ha5He0=
-22,82,ZgP+mvzkI8odgTlkxCrjtFBvAHg=,i3pxxwE0cejxOQ2V2u/n3Ha5He0=
-19,84,ZgP+mvzkI8odgTlkxCrjtFBvAHg=,i3pxxwE0cejxOQ2V2u/n3Ha5He0=
-22,86,ZgP+mvzkI8odgTlkxCrjtFBvAHg=,i3pxxwE0cejxOQ2V2u/n3Ha5He0=
-23,86,ZgP+mvzkI8odgTlkxCrjtFBvAHg=,i3pxxwE0cejxOQ2V2u/n3Ha5He0=
-24,86,ZgP+mvzkI8odgTlkxCrjtFBvAHg=,i3pxxwE0cejxOQ2V2u/n3Ha5He0=
-25,86,ZgP+mvzkI8odgTlkxCrjtFBvAHg=,i3pxxwE0cejxOQ2V2u/n3Ha5He0=
-31,86,ZgP+mvzkI8odgTlkxCrjtFBvAHg=,i3pxxwE0cejxOQ2V2u/n3Ha5He0=
-30,86,ZgP+mvzkI8odgTlkxCrjtFBvAHg=,i3pxxwE0cejxOQ2V2u/n3Ha5He0=
-28,86,ZgP+mvzkI8odgTlkxCrjtFBvAHg=,i3pxxwE0cejxOQ2V2u/n3Ha5He0=
-27,86,ZgP+mvzkI8odgTlkxCrjtFBvAHg=,i3pxxwE0cejxOQ2V2u/n3Ha5He0=
-29,86,ZgP+mvzkI8odgTlkxCrjtFBvAHg=,i3pxxwE0cejxOQ2V2u/n3Ha5He0=
-32,86,ZgP+mvzkI8odgTlkxCrjtFBvAHg=,i3pxxwE0cejxOQ2V2u/n3Ha5He0=
-26,86,ZgP+mvzkI8odgTlkxCrjtFBvAHg=,i3pxxwE0cejxOQ2V2u/n3Ha5He0=
-21,86,ZgP+mvzkI8odgTlkxCrjtFBvAHg=,i3pxxwE0cejxOQ2V2u/n3Ha5He0=
-18,85,ZgP+mvzkI8odgTlkxCrjtFBvAHg=,i3pxxwE0cejxOQ2V2u/n3Ha5He0=
-17,85,ZgP+mvzkI8odgTlkxCrjtFBvAHg=,i3pxxwE0cejxOQ2V2u/n3Ha5He0=
-23,82,ZgP+mvzkI8odgTlkxCrjtFBvAHg=,i3pxxwE0cejxOQ2V2u/n3Ha5He0=
-24,80,ZgP+mvzkI8odgTlkxCrjtFBvAHg=,i3pxxwE0cejxOQ2V2u/n3Ha5He0=
-24,81,ZgP+mvzkI8odgTlkxCrjtFBvAHg=,i3pxxwE0cejxOQ2V2u/n3Ha5He0=
-19,85,ZgP+mvzkI8odgTlkxCrjtFBvAHg=,i3pxxwE0cejxOQ2V2u/n3Ha5He0=
-24,82,ZgP+mvzkI8odgTlkxCrjtFBvAHg=,i3pxxwE0cejxOQ2V2u/n3Ha5He0=
-24,85,ZgP+mvzkI8odgTlkxCrjtFBvAHg=,i3pxxwE0cejxOQ2V2u/n3Ha5He0=
-25,85,ZgP+mvzkI8odgTlkxCrjtFBvAHg=,i3pxxwE0cejxOQ2V2u/n3Ha5He0=
-23,85,ZgP+mvzkI8odgTlkxCrjtFBvAHg=,i3pxxwE0cejxOQ2V2u/n3Ha5He0=
-20,85,ZgP+mvzkI8odgTlkxCrjtFBvAHg=,i3pxxwE0cejxOQ2V2u/n3Ha5He0=
-26,85,ZgP+mvzkI8odgTlkxCrjtFBvAHg=,i3pxxwE0cejxOQ2V2u/n3Ha5He0=
-29,85,ZgP+mvzkI8odgTlkxCrjtFBvAHg=,i3pxxwE0cejxOQ2V2u/n3Ha5He0=
-31,85,ZgP+mvzkI8odgTlkxCrjtFBvAHg=,i3pxxwE0cejxOQ2V2u/n3Ha5He0=
-18,84,ZgP+mvzkI8odgTlkxCrjtFBvAHg=,i3pxxwE0cejxOQ2V2u/n3Ha5He0=
-28,85,ZgP+mvzkI8odgTlkxCrjtFBvAHg=,i3pxxwE0cejxOQ2V2u/n3Ha5He0=
-25,80,ZgP+mvzkI8odgTlkxCrjtFBvAHg=,i3pxxwE0cejxOQ2V2u/n3Ha5He0=
-32,85,ZgP+mvzkI8odgTlkxCrjtFBvAHg=,i3pxxwE0cejxOQ2V2u/n3Ha5He0=
-21,85,ZgP+mvzkI8odgTlkxCrjtFBvAHg=,i3pxxwE0cejxOQ2V2u/n3Ha5He0=
-30,85,ZgP+mvzkI8odgTlkxCrjtFBvAHg=,i3pxxwE0cejxOQ2V2u/n3Ha5He0=
-22,85,ZgP+mvzkI8odgTlkxCrjtFBvAHg=,i3pxxwE0cejxOQ2V2u/n3Ha5He0=
-25,81,ZgP+mvzkI8odgTlkxCrjtFBvAHg=,i3pxxwE0cejxOQ2V2u/n3Ha5He0=
-27,85,ZgP+mvzkI8odgTlkxCrjtFBvAHg=,i3pxxwE0cejxOQ2V2u/n3Ha5He0=
-17,84,ZgP+mvzkI8odgTlkxCrjtFBvAHg=,i3pxxwE0cejxOQ2V2u/n3Ha5He0=
-4,95,U8xwXm4bf54RhqzJFES8fv2ZjrU=,tAqNbdSQ3M48xEJJE5/lf4BeKS4=
-5,95,U8xwXm4bf54RhqzJFES8fv2ZjrU=,tAqNbdSQ3M48xEJJE5/lf4BeKS4=
-6,95,U8xwXm4bf54RhqzJFES8fv2ZjrU=,tAqNbdSQ3M48xEJJE5/lf4BeKS4=
-7,95,U8xwXm4bf54RhqzJFES8fv2ZjrU=,tAqNbdSQ3M48xEJJE5/lf4BeKS4=
-2,85,a6mJ575sCfK6h3GypupePM6pHDk=,tAqNbdSQ3M48xEJJE5/lf4BeKS4=
-8,95,U8xwXm4bf54RhqzJFES8fv2ZjrU=,tAqNbdSQ3M48xEJJE5/lf4BeKS4=
-1,85,a6mJ575sCfK6h3GypupePM6pHDk=,tAqNbdSQ3M48xEJJE5/lf4BeKS4=
-3,85,a6mJ575sCfK6h3GypupePM6pHDk=,tAqNbdSQ3M48xEJJE5/lf4BeKS4=
-9,95,rxwLmSwkjKf0IaWymHuUQyrDVNo=,tAqNbdSQ3M48xEJJE5/lf4BeKS4=
-1,95,U8xwXm4bf54RhqzJFES8fv2ZjrU=,tAqNbdSQ3M48xEJJE5/lf4BeKS4=
-4,85,a6mJ575sCfK6h3GypupePM6pHDk=,tAqNbdSQ3M48xEJJE5/lf4BeKS4=
-11,95,a6mJ575sCfK6h3GypupePM6pHDk=,tAqNbdSQ3M48xEJJE5/lf4BeKS4=
-5,85,a6mJ575sCfK6h3GypupePM6pHDk=,tAqNbdSQ3M48xEJJE5/lf4BeKS4=
-16,86,a6mJ575sCfK6h3GypupePM6pHDk=,tAqNbdSQ3M48xEJJE5/lf4BeKS4=
-2,95,U8xwXm4bf54RhqzJFES8fv2ZjrU=,tAqNbdSQ3M48xEJJE5/lf4BeKS4=
-9,83,NlG0onX6p/lggEMbi01FUijfPdI=,tAqNbdSQ3M48xEJJE5/lf4BeKS4=
-13,95,rxwLmSwkjKf0IaWymHuUQyrDVNo=,tAqNbdSQ3M48xEJJE5/lf4BeKS4=
-9,80,a6mJ575sCfK6h3GypupePM6pHDk=,tAqNbdSQ3M48xEJJE5/lf4BeKS4=
-12,95,rxwLmSwkjKf0IaWymHuUQyrDVNo=,tAqNbdSQ3M48xEJJE5/lf4BeKS4=
-6,85,a6mJ575sCfK6h3GypupePM6pHDk=,tAqNbdSQ3M48xEJJE5/lf4BeKS4=
-15,86,a6mJ575sCfK6h3GypupePM6pHDk=,tAqNbdSQ3M48xEJJE5/lf4BeKS4=
-10,82,rxwLmSwkjKf0IaWymHuUQyrDVNo=,tAqNbdSQ3M48xEJJE5/lf4BeKS4=
-11,80,NlG0onX6p/lggEMbi01FUijfPdI=,tAqNbdSQ3M48xEJJE5/lf4BeKS4=
-7,85,a6mJ575sCfK6h3GypupePM6pHDk=,tAqNbdSQ3M48xEJJE5/lf4BeKS4=
-10,83,U8xwXm4bf54RhqzJFES8fv2ZjrU=,tAqNbdSQ3M48xEJJE5/lf4BeKS4=
-8,83,NlG0onX6p/lggEMbi01FUijfPdI=,tAqNbdSQ3M48xEJJE5/lf4BeKS4=
-10,95,rxwLmSwkjKf0IaWymHuUQyrDVNo=,tAqNbdSQ3M48xEJJE5/lf4BeKS4=
-9,82,a6mJ575sCfK6h3GypupePM6pHDk=,tAqNbdSQ3M48xEJJE5/lf4BeKS4=
-16,95,rxwLmSwkjKf0IaWymHuUQyrDVNo=,tAqNbdSQ3M48xEJJE5/lf4BeKS4=
-15,95,rxwLmSwkjKf0IaWymHuUQyrDVNo=,tAqNbdSQ3M48xEJJE5/lf4BeKS4=
-13,80,VpI92xkJgDL0BhHgTjUz3iZyib4=,tAqNbdSQ3M48xEJJE5/lf4BeKS4=
-8,85,a6mJ575sCfK6h3GypupePM6pHDk=,tAqNbdSQ3M48xEJJE5/lf4BeKS4=
-14,95,a6mJ575sCfK6h3GypupePM6pHDk=,tAqNbdSQ3M48xEJJE5/lf4BeKS4=
-9,85,a6mJ575sCfK6h3GypupePM6pHDk=,tAqNbdSQ3M48xEJJE5/lf4BeKS4=
-7,83,VpI92xkJgDL0BhHgTjUz3iZyib4=,tAqNbdSQ3M48xEJJE5/lf4BeKS4=
-6,81,a6mJ575sCfK6h3GypupePM6pHDk=,tAqNbdSQ3M48xEJJE5/lf4BeKS4=
-10,81,a6mJ575sCfK6h3GypupePM6pHDk=,tAqNbdSQ3M48xEJJE5/lf4BeKS4=
-10,85,a6mJ575sCfK6h3GypupePM6pHDk=,tAqNbdSQ3M48xEJJE5/lf4BeKS4=
-15,80,U8xwXm4bf54RhqzJFES8fv2ZjrU=,tAqNbdSQ3M48xEJJE5/lf4BeKS4=
-2,94,a6mJ575sCfK6h3GypupePM6pHDk=,tAqNbdSQ3M48xEJJE5/lf4BeKS4=
-14,86,a6mJ575sCfK6h3GypupePM6pHDk=,tAqNbdSQ3M48xEJJE5/lf4BeKS4=
-1,94,a6mJ575sCfK6h3GypupePM6pHDk=,tAqNbdSQ3M48xEJJE5/lf4BeKS4=
-11,85,a6mJ575sCfK6h3GypupePM6pHDk=,tAqNbdSQ3M48xEJJE5/lf4BeKS4=
-11,81,VpI92xkJgDL0BhHgTjUz3iZyib4=,tAqNbdSQ3M48xEJJE5/lf4BeKS4=
-4,94,a6mJ575sCfK6h3GypupePM6pHDk=,tAqNbdSQ3M48xEJJE5/lf4BeKS4=
-3,94,a6mJ575sCfK6h3GypupePM6pHDk=,tAqNbdSQ3M48xEJJE5/lf4BeKS4=
-10,80,a6mJ575sCfK6h3GypupePM6pHDk=,tAqNbdSQ3M48xEJJE5/lf4BeKS4=
-12,85,a6mJ575sCfK6h3GypupePM6pHDk=,tAqNbdSQ3M48xEJJE5/lf4BeKS4=
-16,80,a6mJ575sCfK6h3GypupePM6pHDk=,tAqNbdSQ3M48xEJJE5/lf4BeKS4=
-11,83,rxwLmSwkjKf0IaWymHuUQyrDVNo=,tAqNbdSQ3M48xEJJE5/lf4BeKS4=
-12,83,VpI92xkJgDL0BhHgTjUz3iZyib4=,tAqNbdSQ3M48xEJJE5/lf4BeKS4=
-13,86,a6mJ575sCfK6h3GypupePM6pHDk=,tAqNbdSQ3M48xEJJE5/lf4BeKS4=
-14,83,VpI92xkJgDL0BhHgTjUz3iZyib4=,tAqNbdSQ3M48xEJJE5/lf4BeKS4=
-13,85,a6mJ575sCfK6h3GypupePM6pHDk=,tAqNbdSQ3M48xEJJE5/lf4BeKS4=
-13,83,VpI92xkJgDL0BhHgTjUz3iZyib4=,tAqNbdSQ3M48xEJJE5/lf4BeKS4=
-9,81,a6mJ575sCfK6h3GypupePM6pHDk=,tAqNbdSQ3M48xEJJE5/lf4BeKS4=
-6,80,a6mJ575sCfK6h3GypupePM6pHDk=,tAqNbdSQ3M48xEJJE5/lf4BeKS4=
-7,80,a6mJ575sCfK6h3GypupePM6pHDk=,tAqNbdSQ3M48xEJJE5/lf4BeKS4=
-14,85,a6mJ575sCfK6h3GypupePM6pHDk=,tAqNbdSQ3M48xEJJE5/lf4BeKS4=
-15,85,a6mJ575sCfK6h3GypupePM6pHDk=,tAqNbdSQ3M48xEJJE5/lf4BeKS4=
-12,86,a6mJ575sCfK6h3GypupePM6pHDk=,tAqNbdSQ3M48xEJJE5/lf4BeKS4=
-14,80,a6mJ575sCfK6h3GypupePM6pHDk=,tAqNbdSQ3M48xEJJE5/lf4BeKS4=
-16,85,a6mJ575sCfK6h3GypupePM6pHDk=,tAqNbdSQ3M48xEJJE5/lf4BeKS4=
-2,84,a6mJ575sCfK6h3GypupePM6pHDk=,tAqNbdSQ3M48xEJJE5/lf4BeKS4=
-1,84,a6mJ575sCfK6h3GypupePM6pHDk=,tAqNbdSQ3M48xEJJE5/lf4BeKS4=
-7,81,a6mJ575sCfK6h3GypupePM6pHDk=,tAqNbdSQ3M48xEJJE5/lf4BeKS4=
-3,84,a6mJ575sCfK6h3GypupePM6pHDk=,tAqNbdSQ3M48xEJJE5/lf4BeKS4=
-5,84,a6mJ575sCfK6h3GypupePM6pHDk=,tAqNbdSQ3M48xEJJE5/lf4BeKS4=
-6,84,a6mJ575sCfK6h3GypupePM6pHDk=,tAqNbdSQ3M48xEJJE5/lf4BeKS4=
-11,86,a6mJ575sCfK6h3GypupePM6pHDk=,tAqNbdSQ3M48xEJJE5/lf4BeKS4=
-6,83,rxwLmSwkjKf0IaWymHuUQyrDVNo=,tAqNbdSQ3M48xEJJE5/lf4BeKS4=
-8,84,a6mJ575sCfK6h3GypupePM6pHDk=,tAqNbdSQ3M48xEJJE5/lf4BeKS4=
-9,84,a6mJ575sCfK6h3GypupePM6pHDk=,tAqNbdSQ3M48xEJJE5/lf4BeKS4=
-7,84,a6mJ575sCfK6h3GypupePM6pHDk=,tAqNbdSQ3M48xEJJE5/lf4BeKS4=
-10,86,a6mJ575sCfK6h3GypupePM6pHDk=,tAqNbdSQ3M48xEJJE5/lf4BeKS4=
-4,84,a6mJ575sCfK6h3GypupePM6pHDk=,tAqNbdSQ3M48xEJJE5/lf4BeKS4=
-11,84,a6mJ575sCfK6h3GypupePM6pHDk=,tAqNbdSQ3M48xEJJE5/lf4BeKS4=
-10,84,a6mJ575sCfK6h3GypupePM6pHDk=,tAqNbdSQ3M48xEJJE5/lf4BeKS4=
-13,84,a6mJ575sCfK6h3GypupePM6pHDk=,tAqNbdSQ3M48xEJJE5/lf4BeKS4=
-14,84,a6mJ575sCfK6h3GypupePM6pHDk=,tAqNbdSQ3M48xEJJE5/lf4BeKS4=
-8,80,a6mJ575sCfK6h3GypupePM6pHDk=,tAqNbdSQ3M48xEJJE5/lf4BeKS4=
-9,86,a6mJ575sCfK6h3GypupePM6pHDk=,tAqNbdSQ3M48xEJJE5/lf4BeKS4=
-16,84,a6mJ575sCfK6h3GypupePM6pHDk=,tAqNbdSQ3M48xEJJE5/lf4BeKS4=
-15,84,a6mJ575sCfK6h3GypupePM6pHDk=,tAqNbdSQ3M48xEJJE5/lf4BeKS4=
-3,95,rxwLmSwkjKf0IaWymHuUQyrDVNo=,tAqNbdSQ3M48xEJJE5/lf4BeKS4=
-12,84,a6mJ575sCfK6h3GypupePM6pHDk=,tAqNbdSQ3M48xEJJE5/lf4BeKS4=
-3,83,a6mJ575sCfK6h3GypupePM6pHDk=,tAqNbdSQ3M48xEJJE5/lf4BeKS4=
-8,86,a6mJ575sCfK6h3GypupePM6pHDk=,tAqNbdSQ3M48xEJJE5/lf4BeKS4=
-4,83,a6mJ575sCfK6h3GypupePM6pHDk=,tAqNbdSQ3M48xEJJE5/lf4BeKS4=
-5,83,a6mJ575sCfK6h3GypupePM6pHDk=,tAqNbdSQ3M48xEJJE5/lf4BeKS4=
-1,83,a6mJ575sCfK6h3GypupePM6pHDk=,tAqNbdSQ3M48xEJJE5/lf4BeKS4=
-15,83,a6mJ575sCfK6h3GypupePM6pHDk=,tAqNbdSQ3M48xEJJE5/lf4BeKS4=
-16,83,a6mJ575sCfK6h3GypupePM6pHDk=,tAqNbdSQ3M48xEJJE5/lf4BeKS4=
-8,81,a6mJ575sCfK6h3GypupePM6pHDk=,tAqNbdSQ3M48xEJJE5/lf4BeKS4=
-2,83,a6mJ575sCfK6h3GypupePM6pHDk=,tAqNbdSQ3M48xEJJE5/lf4BeKS4=
-4,82,a6mJ575sCfK6h3GypupePM6pHDk=,tAqNbdSQ3M48xEJJE5/lf4BeKS4=
-7,86,a6mJ575sCfK6h3GypupePM6pHDk=,tAqNbdSQ3M48xEJJE5/lf4BeKS4=
-5,82,a6mJ575sCfK6h3GypupePM6pHDk=,tAqNbdSQ3M48xEJJE5/lf4BeKS4=
-6,86,a6mJ575sCfK6h3GypupePM6pHDk=,tAqNbdSQ3M48xEJJE5/lf4BeKS4=
-5,86,a6mJ575sCfK6h3GypupePM6pHDk=,tAqNbdSQ3M48xEJJE5/lf4BeKS4=
-3,82,a6mJ575sCfK6h3GypupePM6pHDk=,tAqNbdSQ3M48xEJJE5/lf4BeKS4=
-1,82,a6mJ575sCfK6h3GypupePM6pHDk=,tAqNbdSQ3M48xEJJE5/lf4BeKS4=
-4,86,a6mJ575sCfK6h3GypupePM6pHDk=,tAqNbdSQ3M48xEJJE5/lf4BeKS4=
-12,80,a6mJ575sCfK6h3GypupePM6pHDk=,tAqNbdSQ3M48xEJJE5/lf4BeKS4=
-5,94,a6mJ575sCfK6h3GypupePM6pHDk=,tAqNbdSQ3M48xEJJE5/lf4BeKS4=
-3,86,a6mJ575sCfK6h3GypupePM6pHDk=,tAqNbdSQ3M48xEJJE5/lf4BeKS4=
-11,82,rxwLmSwkjKf0IaWymHuUQyrDVNo=,tAqNbdSQ3M48xEJJE5/lf4BeKS4=
-7,82,a6mJ575sCfK6h3GypupePM6pHDk=,tAqNbdSQ3M48xEJJE5/lf4BeKS4=
-6,94,a6mJ575sCfK6h3GypupePM6pHDk=,tAqNbdSQ3M48xEJJE5/lf4BeKS4=
-8,82,a6mJ575sCfK6h3GypupePM6pHDk=,tAqNbdSQ3M48xEJJE5/lf4BeKS4=
-7,94,a6mJ575sCfK6h3GypupePM6pHDk=,tAqNbdSQ3M48xEJJE5/lf4BeKS4=
-6,82,a6mJ575sCfK6h3GypupePM6pHDk=,tAqNbdSQ3M48xEJJE5/lf4BeKS4=
-8,94,a6mJ575sCfK6h3GypupePM6pHDk=,tAqNbdSQ3M48xEJJE5/lf4BeKS4=
-2,82,a6mJ575sCfK6h3GypupePM6pHDk=,tAqNbdSQ3M48xEJJE5/lf4BeKS4=
-9,94,a6mJ575sCfK6h3GypupePM6pHDk=,tAqNbdSQ3M48xEJJE5/lf4BeKS4=
-15,94,a6mJ575sCfK6h3GypupePM6pHDk=,tAqNbdSQ3M48xEJJE5/lf4BeKS4=
-16,94,a6mJ575sCfK6h3GypupePM6pHDk=,tAqNbdSQ3M48xEJJE5/lf4BeKS4=
-14,94,a6mJ575sCfK6h3GypupePM6pHDk=,tAqNbdSQ3M48xEJJE5/lf4BeKS4=
-2,93,a6mJ575sCfK6h3GypupePM6pHDk=,tAqNbdSQ3M48xEJJE5/lf4BeKS4=
-13,94,a6mJ575sCfK6h3GypupePM6pHDk=,tAqNbdSQ3M48xEJJE5/lf4BeKS4=
-4,93,a6mJ575sCfK6h3GypupePM6pHDk=,tAqNbdSQ3M48xEJJE5/lf4BeKS4=
-2,86,a6mJ575sCfK6h3GypupePM6pHDk=,tAqNbdSQ3M48xEJJE5/lf4BeKS4=
-11,94,a6mJ575sCfK6h3GypupePM6pHDk=,tAqNbdSQ3M48xEJJE5/lf4BeKS4=
-1,93,a6mJ575sCfK6h3GypupePM6pHDk=,tAqNbdSQ3M48xEJJE5/lf4BeKS4=
-5,93,a6mJ575sCfK6h3GypupePM6pHDk=,tAqNbdSQ3M48xEJJE5/lf4BeKS4=
-6,93,a6mJ575sCfK6h3GypupePM6pHDk=,tAqNbdSQ3M48xEJJE5/lf4BeKS4=
-1,86,a6mJ575sCfK6h3GypupePM6pHDk=,tAqNbdSQ3M48xEJJE5/lf4BeKS4=
-7,93,a6mJ575sCfK6h3GypupePM6pHDk=,tAqNbdSQ3M48xEJJE5/lf4BeKS4=
-12,94,a6mJ575sCfK6h3GypupePM6pHDk=,tAqNbdSQ3M48xEJJE5/lf4BeKS4=
-16,87,a6mJ575sCfK6h3GypupePM6pHDk=,tAqNbdSQ3M48xEJJE5/lf4BeKS4=
-8,93,a6mJ575sCfK6h3GypupePM6pHDk=,tAqNbdSQ3M48xEJJE5/lf4BeKS4=
-3,93,a6mJ575sCfK6h3GypupePM6pHDk=,tAqNbdSQ3M48xEJJE5/lf4BeKS4=
-9,93,a6mJ575sCfK6h3GypupePM6pHDk=,tAqNbdSQ3M48xEJJE5/lf4BeKS4=
-12,81,VpI92xkJgDL0BhHgTjUz3iZyib4=,tAqNbdSQ3M48xEJJE5/lf4BeKS4=
-15,87,a6mJ575sCfK6h3GypupePM6pHDk=,tAqNbdSQ3M48xEJJE5/lf4BeKS4=
-10,93,a6mJ575sCfK6h3GypupePM6pHDk=,tAqNbdSQ3M48xEJJE5/lf4BeKS4=
-11,93,a6mJ575sCfK6h3GypupePM6pHDk=,tAqNbdSQ3M48xEJJE5/lf4BeKS4=
-12,93,a6mJ575sCfK6h3GypupePM6pHDk=,tAqNbdSQ3M48xEJJE5/lf4BeKS4=
-13,93,a6mJ575sCfK6h3GypupePM6pHDk=,tAqNbdSQ3M48xEJJE5/lf4BeKS4=
-14,93,a6mJ575sCfK6h3GypupePM6pHDk=,tAqNbdSQ3M48xEJJE5/lf4BeKS4=
-15,93,a6mJ575sCfK6h3GypupePM6pHDk=,tAqNbdSQ3M48xEJJE5/lf4BeKS4=
-1,92,a6mJ575sCfK6h3GypupePM6pHDk=,tAqNbdSQ3M48xEJJE5/lf4BeKS4=
-4,92,a6mJ575sCfK6h3GypupePM6pHDk=,tAqNbdSQ3M48xEJJE5/lf4BeKS4=
-16,93,a6mJ575sCfK6h3GypupePM6pHDk=,tAqNbdSQ3M48xEJJE5/lf4BeKS4=
-3,92,a6mJ575sCfK6h3GypupePM6pHDk=,tAqNbdSQ3M48xEJJE5/lf4BeKS4=
-14,87,a6mJ575sCfK6h3GypupePM6pHDk=,tAqNbdSQ3M48xEJJE5/lf4BeKS4=
-5,92,a6mJ575sCfK6h3GypupePM6pHDk=,tAqNbdSQ3M48xEJJE5/lf4BeKS4=
-10,94,a6mJ575sCfK6h3GypupePM6pHDk=,tAqNbdSQ3M48xEJJE5/lf4BeKS4=
-6,92,a6mJ575sCfK6h3GypupePM6pHDk=,tAqNbdSQ3M48xEJJE5/lf4BeKS4=
-12,82,a6mJ575sCfK6h3GypupePM6pHDk=,tAqNbdSQ3M48xEJJE5/lf4BeKS4=
-2,92,a6mJ575sCfK6h3GypupePM6pHDk=,tAqNbdSQ3M48xEJJE5/lf4BeKS4=
-7,92,a6mJ575sCfK6h3GypupePM6pHDk=,tAqNbdSQ3M48xEJJE5/lf4BeKS4=
-13,81,a6mJ575sCfK6h3GypupePM6pHDk=,tAqNbdSQ3M48xEJJE5/lf4BeKS4=
-15,81,a6mJ575sCfK6h3GypupePM6pHDk=,tAqNbdSQ3M48xEJJE5/lf4BeKS4=
-5,81,a6mJ575sCfK6h3GypupePM6pHDk=,tAqNbdSQ3M48xEJJE5/lf4BeKS4=
-14,82,a6mJ575sCfK6h3GypupePM6pHDk=,tAqNbdSQ3M48xEJJE5/lf4BeKS4=
-8,92,a6mJ575sCfK6h3GypupePM6pHDk=,tAqNbdSQ3M48xEJJE5/lf4BeKS4=
-9,92,a6mJ575sCfK6h3GypupePM6pHDk=,tAqNbdSQ3M48xEJJE5/lf4BeKS4=
-16,81,a6mJ575sCfK6h3GypupePM6pHDk=,tAqNbdSQ3M48xEJJE5/lf4BeKS4=
-13,87,a6mJ575sCfK6h3GypupePM6pHDk=,tAqNbdSQ3M48xEJJE5/lf4BeKS4=
-16,82,a6mJ575sCfK6h3GypupePM6pHDk=,tAqNbdSQ3M48xEJJE5/lf4BeKS4=
-15,82,a6mJ575sCfK6h3GypupePM6pHDk=,tAqNbdSQ3M48xEJJE5/lf4BeKS4=
-10,92,a6mJ575sCfK6h3GypupePM6pHDk=,tAqNbdSQ3M48xEJJE5/lf4BeKS4=
-13,82,a6mJ575sCfK6h3GypupePM6pHDk=,tAqNbdSQ3M48xEJJE5/lf4BeKS4=
-15,92,a6mJ575sCfK6h3GypupePM6pHDk=,tAqNbdSQ3M48xEJJE5/lf4BeKS4=
-11,92,a6mJ575sCfK6h3GypupePM6pHDk=,tAqNbdSQ3M48xEJJE5/lf4BeKS4=
-1,91,a6mJ575sCfK6h3GypupePM6pHDk=,tAqNbdSQ3M48xEJJE5/lf4BeKS4=
-2,91,a6mJ575sCfK6h3GypupePM6pHDk=,tAqNbdSQ3M48xEJJE5/lf4BeKS4=
-3,91,a6mJ575sCfK6h3GypupePM6pHDk=,tAqNbdSQ3M48xEJJE5/lf4BeKS4=
-4,91,a6mJ575sCfK6h3GypupePM6pHDk=,tAqNbdSQ3M48xEJJE5/lf4BeKS4=
-14,81,a6mJ575sCfK6h3GypupePM6pHDk=,tAqNbdSQ3M48xEJJE5/lf4BeKS4=
-13,92,a6mJ575sCfK6h3GypupePM6pHDk=,tAqNbdSQ3M48xEJJE5/lf4BeKS4=
-7,91,a6mJ575sCfK6h3GypupePM6pHDk=,tAqNbdSQ3M48xEJJE5/lf4BeKS4=
-12,87,a6mJ575sCfK6h3GypupePM6pHDk=,tAqNbdSQ3M48xEJJE5/lf4BeKS4=
-6,91,a6mJ575sCfK6h3GypupePM6pHDk=,tAqNbdSQ3M48xEJJE5/lf4BeKS4=
-8,91,a6mJ575sCfK6h3GypupePM6pHDk=,tAqNbdSQ3M48xEJJE5/lf4BeKS4=
-12,92,a6mJ575sCfK6h3GypupePM6pHDk=,tAqNbdSQ3M48xEJJE5/lf4BeKS4=
-9,91,a6mJ575sCfK6h3GypupePM6pHDk=,tAqNbdSQ3M48xEJJE5/lf4BeKS4=
-5,91,a6mJ575sCfK6h3GypupePM6pHDk=,tAqNbdSQ3M48xEJJE5/lf4BeKS4=
-14,92,a6mJ575sCfK6h3GypupePM6pHDk=,tAqNbdSQ3M48xEJJE5/lf4BeKS4=
-16,92,a6mJ575sCfK6h3GypupePM6pHDk=,tAqNbdSQ3M48xEJJE5/lf4BeKS4=
-5,80,a6mJ575sCfK6h3GypupePM6pHDk=,tAqNbdSQ3M48xEJJE5/lf4BeKS4=
-1,80,a6mJ575sCfK6h3GypupePM6pHDk=,tAqNbdSQ3M48xEJJE5/lf4BeKS4=
-10,91,a6mJ575sCfK6h3GypupePM6pHDk=,tAqNbdSQ3M48xEJJE5/lf4BeKS4=
-11,91,a6mJ575sCfK6h3GypupePM6pHDk=,tAqNbdSQ3M48xEJJE5/lf4BeKS4=
-13,91,a6mJ575sCfK6h3GypupePM6pHDk=,tAqNbdSQ3M48xEJJE5/lf4BeKS4=
-14,91,a6mJ575sCfK6h3GypupePM6pHDk=,tAqNbdSQ3M48xEJJE5/lf4BeKS4=
-2,90,a6mJ575sCfK6h3GypupePM6pHDk=,tAqNbdSQ3M48xEJJE5/lf4BeKS4=
-3,90,a6mJ575sCfK6h3GypupePM6pHDk=,tAqNbdSQ3M48xEJJE5/lf4BeKS4=
-12,91,a6mJ575sCfK6h3GypupePM6pHDk=,tAqNbdSQ3M48xEJJE5/lf4BeKS4=
-15,91,a6mJ575sCfK6h3GypupePM6pHDk=,tAqNbdSQ3M48xEJJE5/lf4BeKS4=
-16,91,a6mJ575sCfK6h3GypupePM6pHDk=,tAqNbdSQ3M48xEJJE5/lf4BeKS4=
-7,90,a6mJ575sCfK6h3GypupePM6pHDk=,tAqNbdSQ3M48xEJJE5/lf4BeKS4=
-1,81,a6mJ575sCfK6h3GypupePM6pHDk=,tAqNbdSQ3M48xEJJE5/lf4BeKS4=
-11,87,a6mJ575sCfK6h3GypupePM6pHDk=,tAqNbdSQ3M48xEJJE5/lf4BeKS4=
-6,90,a6mJ575sCfK6h3GypupePM6pHDk=,tAqNbdSQ3M48xEJJE5/lf4BeKS4=
-1,90,a6mJ575sCfK6h3GypupePM6pHDk=,tAqNbdSQ3M48xEJJE5/lf4BeKS4=
-5,90,a6mJ575sCfK6h3GypupePM6pHDk=,tAqNbdSQ3M48xEJJE5/lf4BeKS4=
-8,90,a6mJ575sCfK6h3GypupePM6pHDk=,tAqNbdSQ3M48xEJJE5/lf4BeKS4=
-11,90,a6mJ575sCfK6h3GypupePM6pHDk=,tAqNbdSQ3M48xEJJE5/lf4BeKS4=
-10,90,a6mJ575sCfK6h3GypupePM6pHDk=,tAqNbdSQ3M48xEJJE5/lf4BeKS4=
-4,90,a6mJ575sCfK6h3GypupePM6pHDk=,tAqNbdSQ3M48xEJJE5/lf4BeKS4=
-9,90,a6mJ575sCfK6h3GypupePM6pHDk=,tAqNbdSQ3M48xEJJE5/lf4BeKS4=
-15,90,a6mJ575sCfK6h3GypupePM6pHDk=,tAqNbdSQ3M48xEJJE5/lf4BeKS4=
-16,90,a6mJ575sCfK6h3GypupePM6pHDk=,tAqNbdSQ3M48xEJJE5/lf4BeKS4=
-13,90,a6mJ575sCfK6h3GypupePM6pHDk=,tAqNbdSQ3M48xEJJE5/lf4BeKS4=
-10,87,a6mJ575sCfK6h3GypupePM6pHDk=,tAqNbdSQ3M48xEJJE5/lf4BeKS4=
-1,89,a6mJ575sCfK6h3GypupePM6pHDk=,tAqNbdSQ3M48xEJJE5/lf4BeKS4=
-2,80,a6mJ575sCfK6h3GypupePM6pHDk=,tAqNbdSQ3M48xEJJE5/lf4BeKS4=
-14,90,a6mJ575sCfK6h3GypupePM6pHDk=,tAqNbdSQ3M48xEJJE5/lf4BeKS4=
-5,89,a6mJ575sCfK6h3GypupePM6pHDk=,tAqNbdSQ3M48xEJJE5/lf4BeKS4=
-6,89,a6mJ575sCfK6h3GypupePM6pHDk=,tAqNbdSQ3M48xEJJE5/lf4BeKS4=
-2,81,a6mJ575sCfK6h3GypupePM6pHDk=,tAqNbdSQ3M48xEJJE5/lf4BeKS4=
-8,89,a6mJ575sCfK6h3GypupePM6pHDk=,tAqNbdSQ3M48xEJJE5/lf4BeKS4=
-3,89,a6mJ575sCfK6h3GypupePM6pHDk=,tAqNbdSQ3M48xEJJE5/lf4BeKS4=
-4,89,a6mJ575sCfK6h3GypupePM6pHDk=,tAqNbdSQ3M48xEJJE5/lf4BeKS4=
-9,89,a6mJ575sCfK6h3GypupePM6pHDk=,tAqNbdSQ3M48xEJJE5/lf4BeKS4=
-9,87,a6mJ575sCfK6h3GypupePM6pHDk=,tAqNbdSQ3M48xEJJE5/lf4BeKS4=
-2,89,a6mJ575sCfK6h3GypupePM6pHDk=,tAqNbdSQ3M48xEJJE5/lf4BeKS4=
-7,89,a6mJ575sCfK6h3GypupePM6pHDk=,tAqNbdSQ3M48xEJJE5/lf4BeKS4=
-12,90,a6mJ575sCfK6h3GypupePM6pHDk=,tAqNbdSQ3M48xEJJE5/lf4BeKS4=
-3,80,a6mJ575sCfK6h3GypupePM6pHDk=,tAqNbdSQ3M48xEJJE5/lf4BeKS4=
-8,87,a6mJ575sCfK6h3GypupePM6pHDk=,tAqNbdSQ3M48xEJJE5/lf4BeKS4=
-13,89,a6mJ575sCfK6h3GypupePM6pHDk=,tAqNbdSQ3M48xEJJE5/lf4BeKS4=
-15,89,a6mJ575sCfK6h3GypupePM6pHDk=,tAqNbdSQ3M48xEJJE5/lf4BeKS4=
-16,89,a6mJ575sCfK6h3GypupePM6pHDk=,tAqNbdSQ3M48xEJJE5/lf4BeKS4=
-3,81,a6mJ575sCfK6h3GypupePM6pHDk=,tAqNbdSQ3M48xEJJE5/lf4BeKS4=
-2,88,a6mJ575sCfK6h3GypupePM6pHDk=,tAqNbdSQ3M48xEJJE5/lf4BeKS4=
-14,89,a6mJ575sCfK6h3GypupePM6pHDk=,tAqNbdSQ3M48xEJJE5/lf4BeKS4=
-10,89,a6mJ575sCfK6h3GypupePM6pHDk=,tAqNbdSQ3M48xEJJE5/lf4BeKS4=
-7,87,a6mJ575sCfK6h3GypupePM6pHDk=,tAqNbdSQ3M48xEJJE5/lf4BeKS4=
-11,89,a6mJ575sCfK6h3GypupePM6pHDk=,tAqNbdSQ3M48xEJJE5/lf4BeKS4=
-6,88,a6mJ575sCfK6h3GypupePM6pHDk=,tAqNbdSQ3M48xEJJE5/lf4BeKS4=
-3,88,a6mJ575sCfK6h3GypupePM6pHDk=,tAqNbdSQ3M48xEJJE5/lf4BeKS4=
-1,88,a6mJ575sCfK6h3GypupePM6pHDk=,tAqNbdSQ3M48xEJJE5/lf4BeKS4=
-9,88,a6mJ575sCfK6h3GypupePM6pHDk=,tAqNbdSQ3M48xEJJE5/lf4BeKS4=
-5,88,a6mJ575sCfK6h3GypupePM6pHDk=,tAqNbdSQ3M48xEJJE5/lf4BeKS4=
-4,88,a6mJ575sCfK6h3GypupePM6pHDk=,tAqNbdSQ3M48xEJJE5/lf4BeKS4=
-8,88,a6mJ575sCfK6h3GypupePM6pHDk=,tAqNbdSQ3M48xEJJE5/lf4BeKS4=
-6,87,a6mJ575sCfK6h3GypupePM6pHDk=,tAqNbdSQ3M48xEJJE5/lf4BeKS4=
-12,89,a6mJ575sCfK6h3GypupePM6pHDk=,tAqNbdSQ3M48xEJJE5/lf4BeKS4=
-4,80,a6mJ575sCfK6h3GypupePM6pHDk=,tAqNbdSQ3M48xEJJE5/lf4BeKS4=
-12,88,a6mJ575sCfK6h3GypupePM6pHDk=,tAqNbdSQ3M48xEJJE5/lf4BeKS4=
-7,88,a6mJ575sCfK6h3GypupePM6pHDk=,tAqNbdSQ3M48xEJJE5/lf4BeKS4=
-14,88,a6mJ575sCfK6h3GypupePM6pHDk=,tAqNbdSQ3M48xEJJE5/lf4BeKS4=
-4,81,a6mJ575sCfK6h3GypupePM6pHDk=,tAqNbdSQ3M48xEJJE5/lf4BeKS4=
-5,87,a6mJ575sCfK6h3GypupePM6pHDk=,tAqNbdSQ3M48xEJJE5/lf4BeKS4=
-11,88,a6mJ575sCfK6h3GypupePM6pHDk=,tAqNbdSQ3M48xEJJE5/lf4BeKS4=
-15,88,a6mJ575sCfK6h3GypupePM6pHDk=,tAqNbdSQ3M48xEJJE5/lf4BeKS4=
-13,88,a6mJ575sCfK6h3GypupePM6pHDk=,tAqNbdSQ3M48xEJJE5/lf4BeKS4=
-10,88,a6mJ575sCfK6h3GypupePM6pHDk=,tAqNbdSQ3M48xEJJE5/lf4BeKS4=
-2,87,a6mJ575sCfK6h3GypupePM6pHDk=,tAqNbdSQ3M48xEJJE5/lf4BeKS4=
-16,88,a6mJ575sCfK6h3GypupePM6pHDk=,tAqNbdSQ3M48xEJJE5/lf4BeKS4=
-3,87,a6mJ575sCfK6h3GypupePM6pHDk=,tAqNbdSQ3M48xEJJE5/lf4BeKS4=
-4,87,a6mJ575sCfK6h3GypupePM6pHDk=,tAqNbdSQ3M48xEJJE5/lf4BeKS4=
-1,87,a6mJ575sCfK6h3GypupePM6pHDk=,tAqNbdSQ3M48xEJJE5/lf4BeKS4=
-9,67,MMziCs6eNdf4tuVWeEbuh1TYEq8=,hd+kWOSKz9UMEmKgyJs0EOvrzO8=
-10,67,MMziCs6eNdf4tuVWeEbuh1TYEq8=,hd+kWOSKz9UMEmKgyJs0EOvrzO8=
-11,65,MMziCs6eNdf4tuVWeEbuh1TYEq8=,hd+kWOSKz9UMEmKgyJs0EOvrzO8=
-11,67,MMziCs6eNdf4tuVWeEbuh1TYEq8=,hd+kWOSKz9UMEmKgyJs0EOvrzO8=
-10,66,MMziCs6eNdf4tuVWeEbuh1TYEq8=,hd+kWOSKz9UMEmKgyJs0EOvrzO8=
-13,67,MMziCs6eNdf4tuVWeEbuh1TYEq8=,hd+kWOSKz9UMEmKgyJs0EOvrzO8=
-12,67,MMziCs6eNdf4tuVWeEbuh1TYEq8=,hd+kWOSKz9UMEmKgyJs0EOvrzO8=
-12,65,MMziCs6eNdf4tuVWeEbuh1TYEq8=,hd+kWOSKz9UMEmKgyJs0EOvrzO8=
-15,64,0G10yYbn6FViEkXOWdv/PeSslSY=,hd+kWOSKz9UMEmKgyJs0EOvrzO8=
-11,66,f52pHePUyRGoazlJ5izZXPj+LjE=,hd+kWOSKz9UMEmKgyJs0EOvrzO8=
-12,66,MMziCs6eNdf4tuVWeEbuh1TYEq8=,hd+kWOSKz9UMEmKgyJs0EOvrzO8=
-11,64,MMziCs6eNdf4tuVWeEbuh1TYEq8=,hd+kWOSKz9UMEmKgyJs0EOvrzO8=
-14,67,MMziCs6eNdf4tuVWeEbuh1TYEq8=,hd+kWOSKz9UMEmKgyJs0EOvrzO8=
-13,64,MMziCs6eNdf4tuVWeEbuh1TYEq8=,hd+kWOSKz9UMEmKgyJs0EOvrzO8=
-7,79,f52pHePUyRGoazlJ5izZXPj+LjE=,hd+kWOSKz9UMEmKgyJs0EOvrzO8=
-5,79,f52pHePUyRGoazlJ5izZXPj+LjE=,hd+kWOSKz9UMEmKgyJs0EOvrzO8=
-6,79,f52pHePUyRGoazlJ5izZXPj+LjE=,hd+kWOSKz9UMEmKgyJs0EOvrzO8=
-4,79,f52pHePUyRGoazlJ5izZXPj+LjE=,hd+kWOSKz9UMEmKgyJs0EOvrzO8=
-8,79,f52pHePUyRGoazlJ5izZXPj+LjE=,hd+kWOSKz9UMEmKgyJs0EOvrzO8=
-15,67,f52pHePUyRGoazlJ5izZXPj+LjE=,hd+kWOSKz9UMEmKgyJs0EOvrzO8=
-9,79,f52pHePUyRGoazlJ5izZXPj+LjE=,hd+kWOSKz9UMEmKgyJs0EOvrzO8=
-13,66,f52pHePUyRGoazlJ5izZXPj+LjE=,hd+kWOSKz9UMEmKgyJs0EOvrzO8=
-2,79,f52pHePUyRGoazlJ5izZXPj+LjE=,hd+kWOSKz9UMEmKgyJs0EOvrzO8=
-11,79,f52pHePUyRGoazlJ5izZXPj+LjE=,hd+kWOSKz9UMEmKgyJs0EOvrzO8=
-13,65,f52pHePUyRGoazlJ5izZXPj+LjE=,hd+kWOSKz9UMEmKgyJs0EOvrzO8=
-3,79,f52pHePUyRGoazlJ5izZXPj+LjE=,hd+kWOSKz9UMEmKgyJs0EOvrzO8=
-16,64,f52pHePUyRGoazlJ5izZXPj+LjE=,hd+kWOSKz9UMEmKgyJs0EOvrzO8=
-10,79,f52pHePUyRGoazlJ5izZXPj+LjE=,hd+kWOSKz9UMEmKgyJs0EOvrzO8=
-13,79,f52pHePUyRGoazlJ5izZXPj+LjE=,hd+kWOSKz9UMEmKgyJs0EOvrzO8=
-12,79,f52pHePUyRGoazlJ5izZXPj+LjE=,hd+kWOSKz9UMEmKgyJs0EOvrzO8=
-15,79,f52pHePUyRGoazlJ5izZXPj+LjE=,hd+kWOSKz9UMEmKgyJs0EOvrzO8=
-14,79,f52pHePUyRGoazlJ5izZXPj+LjE=,hd+kWOSKz9UMEmKgyJs0EOvrzO8=
-14,66,f52pHePUyRGoazlJ5izZXPj+LjE=,hd+kWOSKz9UMEmKgyJs0EOvrzO8=
-12,64,f52pHePUyRGoazlJ5izZXPj+LjE=,hd+kWOSKz9UMEmKgyJs0EOvrzO8=
-16,79,f52pHePUyRGoazlJ5izZXPj+LjE=,hd+kWOSKz9UMEmKgyJs0EOvrzO8=
-6,78,f52pHePUyRGoazlJ5izZXPj+LjE=,hd+kWOSKz9UMEmKgyJs0EOvrzO8=
-5,78,f52pHePUyRGoazlJ5izZXPj+LjE=,hd+kWOSKz9UMEmKgyJs0EOvrzO8=
-1,79,f52pHePUyRGoazlJ5izZXPj+LjE=,hd+kWOSKz9UMEmKgyJs0EOvrzO8=
-7,78,f52pHePUyRGoazlJ5izZXPj+LjE=,hd+kWOSKz9UMEmKgyJs0EOvrzO8=
-4,78,f52pHePUyRGoazlJ5izZXPj+LjE=,hd+kWOSKz9UMEmKgyJs0EOvrzO8=
-3,78,f52pHePUyRGoazlJ5izZXPj+LjE=,hd+kWOSKz9UMEmKgyJs0EOvrzO8=
-9,78,f52pHePUyRGoazlJ5izZXPj+LjE=,hd+kWOSKz9UMEmKgyJs0EOvrzO8=
-1,78,f52pHePUyRGoazlJ5izZXPj+LjE=,hd+kWOSKz9UMEmKgyJs0EOvrzO8=
-8,78,f52pHePUyRGoazlJ5izZXPj+LjE=,hd+kWOSKz9UMEmKgyJs0EOvrzO8=
-10,78,f52pHePUyRGoazlJ5izZXPj+LjE=,hd+kWOSKz9UMEmKgyJs0EOvrzO8=
-11,78,f52pHePUyRGoazlJ5izZXPj+LjE=,hd+kWOSKz9UMEmKgyJs0EOvrzO8=
-15,78,f52pHePUyRGoazlJ5izZXPj+LjE=,hd+kWOSKz9UMEmKgyJs0EOvrzO8=
-13,78,f52pHePUyRGoazlJ5izZXPj+LjE=,hd+kWOSKz9UMEmKgyJs0EOvrzO8=
-14,78,f52pHePUyRGoazlJ5izZXPj+LjE=,hd+kWOSKz9UMEmKgyJs0EOvrzO8=
-2,78,f52pHePUyRGoazlJ5izZXPj+LjE=,hd+kWOSKz9UMEmKgyJs0EOvrzO8=
-16,78,f52pHePUyRGoazlJ5izZXPj+LjE=,hd+kWOSKz9UMEmKgyJs0EOvrzO8=
-15,66,f52pHePUyRGoazlJ5izZXPj+LjE=,hd+kWOSKz9UMEmKgyJs0EOvrzO8=
-14,65,f52pHePUyRGoazlJ5izZXPj+LjE=,hd+kWOSKz9UMEmKgyJs0EOvrzO8=
-3,77,f52pHePUyRGoazlJ5izZXPj+LjE=,hd+kWOSKz9UMEmKgyJs0EOvrzO8=
-1,77,f52pHePUyRGoazlJ5izZXPj+LjE=,hd+kWOSKz9UMEmKgyJs0EOvrzO8=
-5,77,f52pHePUyRGoazlJ5izZXPj+LjE=,hd+kWOSKz9UMEmKgyJs0EOvrzO8=
-8,77,f52pHePUyRGoazlJ5izZXPj+LjE=,hd+kWOSKz9UMEmKgyJs0EOvrzO8=
-4,77,f52pHePUyRGoazlJ5izZXPj+LjE=,hd+kWOSKz9UMEmKgyJs0EOvrzO8=
-7,77,f52pHePUyRGoazlJ5izZXPj+LjE=,hd+kWOSKz9UMEmKgyJs0EOvrzO8=
-6,77,f52pHePUyRGoazlJ5izZXPj+LjE=,hd+kWOSKz9UMEmKgyJs0EOvrzO8=
-12,78,f52pHePUyRGoazlJ5izZXPj+LjE=,hd+kWOSKz9UMEmKgyJs0EOvrzO8=
-10,77,f52pHePUyRGoazlJ5izZXPj+LjE=,hd+kWOSKz9UMEmKgyJs0EOvrzO8=
-9,77,f52pHePUyRGoazlJ5izZXPj+LjE=,hd+kWOSKz9UMEmKgyJs0EOvrzO8=
-12,77,f52pHePUyRGoazlJ5izZXPj+LjE=,hd+kWOSKz9UMEmKgyJs0EOvrzO8=
-11,77,f52pHePUyRGoazlJ5izZXPj+LjE=,hd+kWOSKz9UMEmKgyJs0EOvrzO8=
-13,77,f52pHePUyRGoazlJ5izZXPj+LjE=,hd+kWOSKz9UMEmKgyJs0EOvrzO8=
-15,77,f52pHePUyRGoazlJ5izZXPj+LjE=,hd+kWOSKz9UMEmKgyJs0EOvrzO8=
-2,77,f52pHePUyRGoazlJ5izZXPj+LjE=,hd+kWOSKz9UMEmKgyJs0EOvrzO8=
-1,76,f52pHePUyRGoazlJ5izZXPj+LjE=,hd+kWOSKz9UMEmKgyJs0EOvrzO8=
-4,76,f52pHePUyRGoazlJ5izZXPj+LjE=,hd+kWOSKz9UMEmKgyJs0EOvrzO8=
-15,65,f52pHePUyRGoazlJ5izZXPj+LjE=,hd+kWOSKz9UMEmKgyJs0EOvrzO8=
-6,76,f52pHePUyRGoazlJ5izZXPj+LjE=,hd+kWOSKz9UMEmKgyJs0EOvrzO8=
-16,66,f52pHePUyRGoazlJ5izZXPj+LjE=,hd+kWOSKz9UMEmKgyJs0EOvrzO8=
-7,76,f52pHePUyRGoazlJ5izZXPj+LjE=,hd+kWOSKz9UMEmKgyJs0EOvrzO8=
-16,77,f52pHePUyRGoazlJ5izZXPj+LjE=,hd+kWOSKz9UMEmKgyJs0EOvrzO8=
-16,65,f52pHePUyRGoazlJ5izZXPj+LjE=,hd+kWOSKz9UMEmKgyJs0EOvrzO8=
-5,76,f52pHePUyRGoazlJ5izZXPj+LjE=,hd+kWOSKz9UMEmKgyJs0EOvrzO8=
-8,76,f52pHePUyRGoazlJ5izZXPj+LjE=,hd+kWOSKz9UMEmKgyJs0EOvrzO8=
-2,76,f52pHePUyRGoazlJ5izZXPj+LjE=,hd+kWOSKz9UMEmKgyJs0EOvrzO8=
-3,76,f52pHePUyRGoazlJ5izZXPj+LjE=,hd+kWOSKz9UMEmKgyJs0EOvrzO8=
-9,76,f52pHePUyRGoazlJ5izZXPj+LjE=,hd+kWOSKz9UMEmKgyJs0EOvrzO8=
-12,76,f52pHePUyRGoazlJ5izZXPj+LjE=,hd+kWOSKz9UMEmKgyJs0EOvrzO8=
-11,76,f52pHePUyRGoazlJ5izZXPj+LjE=,hd+kWOSKz9UMEmKgyJs0EOvrzO8=
-14,77,f52pHePUyRGoazlJ5izZXPj+LjE=,hd+kWOSKz9UMEmKgyJs0EOvrzO8=
-10,76,f52pHePUyRGoazlJ5izZXPj+LjE=,hd+kWOSKz9UMEmKgyJs0EOvrzO8=
-13,76,f52pHePUyRGoazlJ5izZXPj+LjE=,hd+kWOSKz9UMEmKgyJs0EOvrzO8=
-14,76,f52pHePUyRGoazlJ5izZXPj+LjE=,hd+kWOSKz9UMEmKgyJs0EOvrzO8=
-1,75,f52pHePUyRGoazlJ5izZXPj+LjE=,hd+kWOSKz9UMEmKgyJs0EOvrzO8=
-1,64,f52pHePUyRGoazlJ5izZXPj+LjE=,hd+kWOSKz9UMEmKgyJs0EOvrzO8=
-15,76,f52pHePUyRGoazlJ5izZXPj+LjE=,hd+kWOSKz9UMEmKgyJs0EOvrzO8=
-16,76,f52pHePUyRGoazlJ5izZXPj+LjE=,hd+kWOSKz9UMEmKgyJs0EOvrzO8=
-2,75,f52pHePUyRGoazlJ5izZXPj+LjE=,hd+kWOSKz9UMEmKgyJs0EOvrzO8=
-2,64,f52pHePUyRGoazlJ5izZXPj+LjE=,hd+kWOSKz9UMEmKgyJs0EOvrzO8=
-14,64,f52pHePUyRGoazlJ5izZXPj+LjE=,hd+kWOSKz9UMEmKgyJs0EOvrzO8=
-7,75,f52pHePUyRGoazlJ5izZXPj+LjE=,hd+kWOSKz9UMEmKgyJs0EOvrzO8=
-4,75,f52pHePUyRGoazlJ5izZXPj+LjE=,hd+kWOSKz9UMEmKgyJs0EOvrzO8=
-5,75,f52pHePUyRGoazlJ5izZXPj+LjE=,hd+kWOSKz9UMEmKgyJs0EOvrzO8=
-6,75,f52pHePUyRGoazlJ5izZXPj+LjE=,hd+kWOSKz9UMEmKgyJs0EOvrzO8=
-1,65,f52pHePUyRGoazlJ5izZXPj+LjE=,hd+kWOSKz9UMEmKgyJs0EOvrzO8=
-3,75,f52pHePUyRGoazlJ5izZXPj+LjE=,hd+kWOSKz9UMEmKgyJs0EOvrzO8=
-9,75,f52pHePUyRGoazlJ5izZXPj+LjE=,hd+kWOSKz9UMEmKgyJs0EOvrzO8=
-8,75,f52pHePUyRGoazlJ5izZXPj+LjE=,hd+kWOSKz9UMEmKgyJs0EOvrzO8=
-10,75,f52pHePUyRGoazlJ5izZXPj+LjE=,hd+kWOSKz9UMEmKgyJs0EOvrzO8=
-2,65,f52pHePUyRGoazlJ5izZXPj+LjE=,hd+kWOSKz9UMEmKgyJs0EOvrzO8=
-14,75,f52pHePUyRGoazlJ5izZXPj+LjE=,hd+kWOSKz9UMEmKgyJs0EOvrzO8=
-11,75,f52pHePUyRGoazlJ5izZXPj+LjE=,hd+kWOSKz9UMEmKgyJs0EOvrzO8=
-12,75,f52pHePUyRGoazlJ5izZXPj+LjE=,hd+kWOSKz9UMEmKgyJs0EOvrzO8=
-15,75,f52pHePUyRGoazlJ5izZXPj+LjE=,hd+kWOSKz9UMEmKgyJs0EOvrzO8=
-16,67,f52pHePUyRGoazlJ5izZXPj+LjE=,hd+kWOSKz9UMEmKgyJs0EOvrzO8=
-13,75,f52pHePUyRGoazlJ5izZXPj+LjE=,hd+kWOSKz9UMEmKgyJs0EOvrzO8=
-3,74,f52pHePUyRGoazlJ5izZXPj+LjE=,hd+kWOSKz9UMEmKgyJs0EOvrzO8=
-4,74,f52pHePUyRGoazlJ5izZXPj+LjE=,hd+kWOSKz9UMEmKgyJs0EOvrzO8=
-3,65,f52pHePUyRGoazlJ5izZXPj+LjE=,hd+kWOSKz9UMEmKgyJs0EOvrzO8=
-7,74,f52pHePUyRGoazlJ5izZXPj+LjE=,hd+kWOSKz9UMEmKgyJs0EOvrzO8=
-16,75,f52pHePUyRGoazlJ5izZXPj+LjE=,hd+kWOSKz9UMEmKgyJs0EOvrzO8=
-2,74,f52pHePUyRGoazlJ5izZXPj+LjE=,hd+kWOSKz9UMEmKgyJs0EOvrzO8=
-6,74,f52pHePUyRGoazlJ5izZXPj+LjE=,hd+kWOSKz9UMEmKgyJs0EOvrzO8=
-5,74,f52pHePUyRGoazlJ5izZXPj+LjE=,hd+kWOSKz9UMEmKgyJs0EOvrzO8=
-9,74,f52pHePUyRGoazlJ5izZXPj+LjE=,hd+kWOSKz9UMEmKgyJs0EOvrzO8=
-8,74,f52pHePUyRGoazlJ5izZXPj+LjE=,hd+kWOSKz9UMEmKgyJs0EOvrzO8=
-2,66,f52pHePUyRGoazlJ5izZXPj+LjE=,hd+kWOSKz9UMEmKgyJs0EOvrzO8=
-1,74,f52pHePUyRGoazlJ5izZXPj+LjE=,hd+kWOSKz9UMEmKgyJs0EOvrzO8=
-3,64,f52pHePUyRGoazlJ5izZXPj+LjE=,hd+kWOSKz9UMEmKgyJs0EOvrzO8=
-1,66,f52pHePUyRGoazlJ5izZXPj+LjE=,hd+kWOSKz9UMEmKgyJs0EOvrzO8=
-4,64,f52pHePUyRGoazlJ5izZXPj+LjE=,hd+kWOSKz9UMEmKgyJs0EOvrzO8=
-11,74,f52pHePUyRGoazlJ5izZXPj+LjE=,hd+kWOSKz9UMEmKgyJs0EOvrzO8=
-4,65,f52pHePUyRGoazlJ5izZXPj+LjE=,hd+kWOSKz9UMEmKgyJs0EOvrzO8=
-10,74,f52pHePUyRGoazlJ5izZXPj+LjE=,hd+kWOSKz9UMEmKgyJs0EOvrzO8=
-12,74,f52pHePUyRGoazlJ5izZXPj+LjE=,hd+kWOSKz9UMEmKgyJs0EOvrzO8=
-3,73,f52pHePUyRGoazlJ5izZXPj+LjE=,hd+kWOSKz9UMEmKgyJs0EOvrzO8=
-15,74,f52pHePUyRGoazlJ5izZXPj+LjE=,hd+kWOSKz9UMEmKgyJs0EOvrzO8=
-5,73,f52pHePUyRGoazlJ5izZXPj+LjE=,hd+kWOSKz9UMEmKgyJs0EOvrzO8=
-13,74,f52pHePUyRGoazlJ5izZXPj+LjE=,hd+kWOSKz9UMEmKgyJs0EOvrzO8=
-7,73,f52pHePUyRGoazlJ5izZXPj+LjE=,hd+kWOSKz9UMEmKgyJs0EOvrzO8=
-2,73,f52pHePUyRGoazlJ5izZXPj+LjE=,hd+kWOSKz9UMEmKgyJs0EOvrzO8=
-4,73,f52pHePUyRGoazlJ5izZXPj+LjE=,hd+kWOSKz9UMEmKgyJs0EOvrzO8=
-16,74,f52pHePUyRGoazlJ5izZXPj+LjE=,hd+kWOSKz9UMEmKgyJs0EOvrzO8=
-3,66,f52pHePUyRGoazlJ5izZXPj+LjE=,hd+kWOSKz9UMEmKgyJs0EOvrzO8=
-1,73,f52pHePUyRGoazlJ5izZXPj+LjE=,hd+kWOSKz9UMEmKgyJs0EOvrzO8=
-14,74,f52pHePUyRGoazlJ5izZXPj+LjE=,hd+kWOSKz9UMEmKgyJs0EOvrzO8=
-9,73,f52pHePUyRGoazlJ5izZXPj+LjE=,hd+kWOSKz9UMEmKgyJs0EOvrzO8=
-8,73,f52pHePUyRGoazlJ5izZXPj+LjE=,hd+kWOSKz9UMEmKgyJs0EOvrzO8=
-15,73,f52pHePUyRGoazlJ5izZXPj+LjE=,hd+kWOSKz9UMEmKgyJs0EOvrzO8=
-11,73,f52pHePUyRGoazlJ5izZXPj+LjE=,hd+kWOSKz9UMEmKgyJs0EOvrzO8=
-13,73,f52pHePUyRGoazlJ5izZXPj+LjE=,hd+kWOSKz9UMEmKgyJs0EOvrzO8=
-5,65,f52pHePUyRGoazlJ5izZXPj+LjE=,hd+kWOSKz9UMEmKgyJs0EOvrzO8=
-10,73,f52pHePUyRGoazlJ5izZXPj+LjE=,hd+kWOSKz9UMEmKgyJs0EOvrzO8=
-2,72,f52pHePUyRGoazlJ5izZXPj+LjE=,hd+kWOSKz9UMEmKgyJs0EOvrzO8=
-3,72,f52pHePUyRGoazlJ5izZXPj+LjE=,hd+kWOSKz9UMEmKgyJs0EOvrzO8=
-4,72,f52pHePUyRGoazlJ5izZXPj+LjE=,hd+kWOSKz9UMEmKgyJs0EOvrzO8=
-5,72,f52pHePUyRGoazlJ5izZXPj+LjE=,hd+kWOSKz9UMEmKgyJs0EOvrzO8=
-5,64,f52pHePUyRGoazlJ5izZXPj+LjE=,hd+kWOSKz9UMEmKgyJs0EOvrzO8=
-4,66,f52pHePUyRGoazlJ5izZXPj+LjE=,hd+kWOSKz9UMEmKgyJs0EOvrzO8=
-7,72,f52pHePUyRGoazlJ5izZXPj+LjE=,hd+kWOSKz9UMEmKgyJs0EOvrzO8=
-12,73,f52pHePUyRGoazlJ5izZXPj+LjE=,hd+kWOSKz9UMEmKgyJs0EOvrzO8=
-9,72,f52pHePUyRGoazlJ5izZXPj+LjE=,hd+kWOSKz9UMEmKgyJs0EOvrzO8=
-1,72,f52pHePUyRGoazlJ5izZXPj+LjE=,hd+kWOSKz9UMEmKgyJs0EOvrzO8=
-8,72,f52pHePUyRGoazlJ5izZXPj+LjE=,hd+kWOSKz9UMEmKgyJs0EOvrzO8=
-14,73,f52pHePUyRGoazlJ5izZXPj+LjE=,hd+kWOSKz9UMEmKgyJs0EOvrzO8=
-16,73,f52pHePUyRGoazlJ5izZXPj+LjE=,hd+kWOSKz9UMEmKgyJs0EOvrzO8=
-6,72,f52pHePUyRGoazlJ5izZXPj+LjE=,hd+kWOSKz9UMEmKgyJs0EOvrzO8=
-15,72,f52pHePUyRGoazlJ5izZXPj+LjE=,hd+kWOSKz9UMEmKgyJs0EOvrzO8=
-11,72,f52pHePUyRGoazlJ5izZXPj+LjE=,hd+kWOSKz9UMEmKgyJs0EOvrzO8=
-10,72,f52pHePUyRGoazlJ5izZXPj+LjE=,hd+kWOSKz9UMEmKgyJs0EOvrzO8=
-6,65,f52pHePUyRGoazlJ5izZXPj+LjE=,hd+kWOSKz9UMEmKgyJs0EOvrzO8=
-13,72,f52pHePUyRGoazlJ5izZXPj+LjE=,hd+kWOSKz9UMEmKgyJs0EOvrzO8=
-2,71,f52pHePUyRGoazlJ5izZXPj+LjE=,hd+kWOSKz9UMEmKgyJs0EOvrzO8=
-3,71,f52pHePUyRGoazlJ5izZXPj+LjE=,hd+kWOSKz9UMEmKgyJs0EOvrzO8=
-4,71,f52pHePUyRGoazlJ5izZXPj+LjE=,hd+kWOSKz9UMEmKgyJs0EOvrzO8=
-5,71,f52pHePUyRGoazlJ5izZXPj+LjE=,hd+kWOSKz9UMEmKgyJs0EOvrzO8=
-5,66,f52pHePUyRGoazlJ5izZXPj+LjE=,hd+kWOSKz9UMEmKgyJs0EOvrzO8=
-14,72,f52pHePUyRGoazlJ5izZXPj+LjE=,hd+kWOSKz9UMEmKgyJs0EOvrzO8=
-12,72,f52pHePUyRGoazlJ5izZXPj+LjE=,hd+kWOSKz9UMEmKgyJs0EOvrzO8=
-1,71,f52pHePUyRGoazlJ5izZXPj+LjE=,hd+kWOSKz9UMEmKgyJs0EOvrzO8=
-6,73,f52pHePUyRGoazlJ5izZXPj+LjE=,hd+kWOSKz9UMEmKgyJs0EOvrzO8=
-6,64,f52pHePUyRGoazlJ5izZXPj+LjE=,hd+kWOSKz9UMEmKgyJs0EOvrzO8=
-9,71,f52pHePUyRGoazlJ5izZXPj+LjE=,hd+kWOSKz9UMEmKgyJs0EOvrzO8=
-16,72,f52pHePUyRGoazlJ5izZXPj+LjE=,hd+kWOSKz9UMEmKgyJs0EOvrzO8=
-8,71,f52pHePUyRGoazlJ5izZXPj+LjE=,hd+kWOSKz9UMEmKgyJs0EOvrzO8=
-7,71,f52pHePUyRGoazlJ5izZXPj+LjE=,hd+kWOSKz9UMEmKgyJs0EOvrzO8=
-15,71,f52pHePUyRGoazlJ5izZXPj+LjE=,hd+kWOSKz9UMEmKgyJs0EOvrzO8=
-10,71,f52pHePUyRGoazlJ5izZXPj+LjE=,hd+kWOSKz9UMEmKgyJs0EOvrzO8=
-16,71,f52pHePUyRGoazlJ5izZXPj+LjE=,hd+kWOSKz9UMEmKgyJs0EOvrzO8=
-6,71,f52pHePUyRGoazlJ5izZXPj+LjE=,hd+kWOSKz9UMEmKgyJs0EOvrzO8=
-1,70,f52pHePUyRGoazlJ5izZXPj+LjE=,hd+kWOSKz9UMEmKgyJs0EOvrzO8=
-2,70,f52pHePUyRGoazlJ5izZXPj+LjE=,hd+kWOSKz9UMEmKgyJs0EOvrzO8=
-3,70,f52pHePUyRGoazlJ5izZXPj+LjE=,hd+kWOSKz9UMEmKgyJs0EOvrzO8=
-4,70,f52pHePUyRGoazlJ5izZXPj+LjE=,hd+kWOSKz9UMEmKgyJs0EOvrzO8=
-6,66,f52pHePUyRGoazlJ5izZXPj+LjE=,hd+kWOSKz9UMEmKgyJs0EOvrzO8=
-11,71,f52pHePUyRGoazlJ5izZXPj+LjE=,hd+kWOSKz9UMEmKgyJs0EOvrzO8=
-7,64,f52pHePUyRGoazlJ5izZXPj+LjE=,hd+kWOSKz9UMEmKgyJs0EOvrzO8=
-13,71,f52pHePUyRGoazlJ5izZXPj+LjE=,hd+kWOSKz9UMEmKgyJs0EOvrzO8=
-14,71,f52pHePUyRGoazlJ5izZXPj+LjE=,hd+kWOSKz9UMEmKgyJs0EOvrzO8=
-9,70,f52pHePUyRGoazlJ5izZXPj+LjE=,hd+kWOSKz9UMEmKgyJs0EOvrzO8=
-7,65,f52pHePUyRGoazlJ5izZXPj+LjE=,hd+kWOSKz9UMEmKgyJs0EOvrzO8=
-5,70,f52pHePUyRGoazlJ5izZXPj+LjE=,hd+kWOSKz9UMEmKgyJs0EOvrzO8=
-8,70,f52pHePUyRGoazlJ5izZXPj+LjE=,hd+kWOSKz9UMEmKgyJs0EOvrzO8=
-7,70,f52pHePUyRGoazlJ5izZXPj+LjE=,hd+kWOSKz9UMEmKgyJs0EOvrzO8=
-10,70,f52pHePUyRGoazlJ5izZXPj+LjE=,hd+kWOSKz9UMEmKgyJs0EOvrzO8=
-6,70,f52pHePUyRGoazlJ5izZXPj+LjE=,hd+kWOSKz9UMEmKgyJs0EOvrzO8=
-15,70,f52pHePUyRGoazlJ5izZXPj+LjE=,hd+kWOSKz9UMEmKgyJs0EOvrzO8=
-12,70,f52pHePUyRGoazlJ5izZXPj+LjE=,hd+kWOSKz9UMEmKgyJs0EOvrzO8=
-1,69,f52pHePUyRGoazlJ5izZXPj+LjE=,hd+kWOSKz9UMEmKgyJs0EOvrzO8=
-2,69,f52pHePUyRGoazlJ5izZXPj+LjE=,hd+kWOSKz9UMEmKgyJs0EOvrzO8=
-11,70,f52pHePUyRGoazlJ5izZXPj+LjE=,hd+kWOSKz9UMEmKgyJs0EOvrzO8=
-3,69,f52pHePUyRGoazlJ5izZXPj+LjE=,hd+kWOSKz9UMEmKgyJs0EOvrzO8=
-4,69,f52pHePUyRGoazlJ5izZXPj+LjE=,hd+kWOSKz9UMEmKgyJs0EOvrzO8=
-8,64,f52pHePUyRGoazlJ5izZXPj+LjE=,hd+kWOSKz9UMEmKgyJs0EOvrzO8=
-8,65,f52pHePUyRGoazlJ5izZXPj+LjE=,hd+kWOSKz9UMEmKgyJs0EOvrzO8=
-13,70,f52pHePUyRGoazlJ5izZXPj+LjE=,hd+kWOSKz9UMEmKgyJs0EOvrzO8=
-7,69,f52pHePUyRGoazlJ5izZXPj+LjE=,hd+kWOSKz9UMEmKgyJs0EOvrzO8=
-16,70,f52pHePUyRGoazlJ5izZXPj+LjE=,hd+kWOSKz9UMEmKgyJs0EOvrzO8=
-5,69,f52pHePUyRGoazlJ5izZXPj+LjE=,hd+kWOSKz9UMEmKgyJs0EOvrzO8=
-6,69,f52pHePUyRGoazlJ5izZXPj+LjE=,hd+kWOSKz9UMEmKgyJs0EOvrzO8=
-14,70,f52pHePUyRGoazlJ5izZXPj+LjE=,hd+kWOSKz9UMEmKgyJs0EOvrzO8=
-10,69,f52pHePUyRGoazlJ5izZXPj+LjE=,hd+kWOSKz9UMEmKgyJs0EOvrzO8=
-7,66,f52pHePUyRGoazlJ5izZXPj+LjE=,hd+kWOSKz9UMEmKgyJs0EOvrzO8=
-12,71,f52pHePUyRGoazlJ5izZXPj+LjE=,hd+kWOSKz9UMEmKgyJs0EOvrzO8=
-15,69,f52pHePUyRGoazlJ5izZXPj+LjE=,hd+kWOSKz9UMEmKgyJs0EOvrzO8=
-11,69,f52pHePUyRGoazlJ5izZXPj+LjE=,hd+kWOSKz9UMEmKgyJs0EOvrzO8=
-12,69,f52pHePUyRGoazlJ5izZXPj+LjE=,hd+kWOSKz9UMEmKgyJs0EOvrzO8=
-8,69,f52pHePUyRGoazlJ5izZXPj+LjE=,hd+kWOSKz9UMEmKgyJs0EOvrzO8=
-9,64,f52pHePUyRGoazlJ5izZXPj+LjE=,hd+kWOSKz9UMEmKgyJs0EOvrzO8=
-2,68,f52pHePUyRGoazlJ5izZXPj+LjE=,hd+kWOSKz9UMEmKgyJs0EOvrzO8=
-14,69,f52pHePUyRGoazlJ5izZXPj+LjE=,hd+kWOSKz9UMEmKgyJs0EOvrzO8=
-3,68,f52pHePUyRGoazlJ5izZXPj+LjE=,hd+kWOSKz9UMEmKgyJs0EOvrzO8=
-4,68,f52pHePUyRGoazlJ5izZXPj+LjE=,hd+kWOSKz9UMEmKgyJs0EOvrzO8=
-8,66,f52pHePUyRGoazlJ5izZXPj+LjE=,hd+kWOSKz9UMEmKgyJs0EOvrzO8=
-5,68,f52pHePUyRGoazlJ5izZXPj+LjE=,hd+kWOSKz9UMEmKgyJs0EOvrzO8=
-1,68,f52pHePUyRGoazlJ5izZXPj+LjE=,hd+kWOSKz9UMEmKgyJs0EOvrzO8=
-8,68,f52pHePUyRGoazlJ5izZXPj+LjE=,hd+kWOSKz9UMEmKgyJs0EOvrzO8=
-9,69,f52pHePUyRGoazlJ5izZXPj+LjE=,hd+kWOSKz9UMEmKgyJs0EOvrzO8=
-9,65,f52pHePUyRGoazlJ5izZXPj+LjE=,hd+kWOSKz9UMEmKgyJs0EOvrzO8=
-9,68,f52pHePUyRGoazlJ5izZXPj+LjE=,hd+kWOSKz9UMEmKgyJs0EOvrzO8=
-13,69,f52pHePUyRGoazlJ5izZXPj+LjE=,hd+kWOSKz9UMEmKgyJs0EOvrzO8=
-7,68,f52pHePUyRGoazlJ5izZXPj+LjE=,hd+kWOSKz9UMEmKgyJs0EOvrzO8=
-10,68,f52pHePUyRGoazlJ5izZXPj+LjE=,hd+kWOSKz9UMEmKgyJs0EOvrzO8=
-15,68,f52pHePUyRGoazlJ5izZXPj+LjE=,hd+kWOSKz9UMEmKgyJs0EOvrzO8=
-11,68,f52pHePUyRGoazlJ5izZXPj+LjE=,hd+kWOSKz9UMEmKgyJs0EOvrzO8=
-16,68,f52pHePUyRGoazlJ5izZXPj+LjE=,hd+kWOSKz9UMEmKgyJs0EOvrzO8=
-12,68,f52pHePUyRGoazlJ5izZXPj+LjE=,hd+kWOSKz9UMEmKgyJs0EOvrzO8=
-13,68,f52pHePUyRGoazlJ5izZXPj+LjE=,hd+kWOSKz9UMEmKgyJs0EOvrzO8=
-9,66,f52pHePUyRGoazlJ5izZXPj+LjE=,hd+kWOSKz9UMEmKgyJs0EOvrzO8=
-14,68,f52pHePUyRGoazlJ5izZXPj+LjE=,hd+kWOSKz9UMEmKgyJs0EOvrzO8=
-3,67,f52pHePUyRGoazlJ5izZXPj+LjE=,hd+kWOSKz9UMEmKgyJs0EOvrzO8=
-10,64,f52pHePUyRGoazlJ5izZXPj+LjE=,hd+kWOSKz9UMEmKgyJs0EOvrzO8=
-5,67,f52pHePUyRGoazlJ5izZXPj+LjE=,hd+kWOSKz9UMEmKgyJs0EOvrzO8=
-6,67,f52pHePUyRGoazlJ5izZXPj+LjE=,hd+kWOSKz9UMEmKgyJs0EOvrzO8=
-16,69,f52pHePUyRGoazlJ5izZXPj+LjE=,hd+kWOSKz9UMEmKgyJs0EOvrzO8=
-2,67,f52pHePUyRGoazlJ5izZXPj+LjE=,hd+kWOSKz9UMEmKgyJs0EOvrzO8=
-10,65,f52pHePUyRGoazlJ5izZXPj+LjE=,hd+kWOSKz9UMEmKgyJs0EOvrzO8=
-6,68,f52pHePUyRGoazlJ5izZXPj+LjE=,hd+kWOSKz9UMEmKgyJs0EOvrzO8=
-4,67,f52pHePUyRGoazlJ5izZXPj+LjE=,hd+kWOSKz9UMEmKgyJs0EOvrzO8=
-8,67,f52pHePUyRGoazlJ5izZXPj+LjE=,hd+kWOSKz9UMEmKgyJs0EOvrzO8=
-1,67,f52pHePUyRGoazlJ5izZXPj+LjE=,hd+kWOSKz9UMEmKgyJs0EOvrzO8=
-7,67,f52pHePUyRGoazlJ5izZXPj+LjE=,hd+kWOSKz9UMEmKgyJs0EOvrzO8=
