38,34,K4DvimE36U8Oxybqf7zhok/6WUY=,D5GFHWqGUUK/OagaxURQzV15u+E=
37,34,K4DvimE36U8Oxybqf7zhok/6WUY=,D5GFHWqGUUK/OagaxURQzV15u+E=
35,32,K4DvimE36U8Oxybqf7zhok/6WUY=,D5GFHWqGUUK/OagaxURQzV15u+E=
36,35,K4DvimE36U8Oxybqf7zhok/6WUY=,D5GFHWqGUUK/OagaxURQzV15u+E=
34,35,aa0laF9rrjlnWFuLimMttID+3nE=,D5GFHWqGUUK/OagaxURQzV15u+E=
37,33,aa0laF9rrjlnWFuLimMttID+3nE=,D5GFHWqGUUK/OagaxURQzV15u+E=
33,32,wsAUbJ++DpWUd3TPdOee7NVem9s=,D5GFHWqGUUK/OagaxURQzV15u+E=
36,33,aa0laF9rrjlnWFuLimMttID+3nE=,D5GFHWqGUUK/OagaxURQzV15u+E=
36,34,wsAUbJ++DpWUd3TPdOee7NVem9s=,D5GFHWqGUUK/OagaxURQzV15u+E=
46,47,STD1t3UUn3zrvXic0DwY04QKk7M=,D5GFHWqGUUK/OagaxURQzV15u+E=
44,47,STD1t3UUn3zrvXic0DwY04QKk7M=,D5GFHWqGUUK/OagaxURQzV15u+E=
47,47,FLBg2eXQX1Hr5WqxgEDgQ+7WnFo=,D5GFHWqGUUK/OagaxURQzV15u+E=
38,35,aa0laF9rrjlnWFuLimMttID+3nE=,D5GFHWqGUUK/OagaxURQzV15u+E=
37,32,aa0laF9rrjlnWFuLimMttID+3nE=,D5GFHWqGUUK/OagaxURQzV15u+E=
37,35,K4DvimE36U8Oxybqf7zhok/6WUY=,D5GFHWqGUUK/OagaxURQzV15u+E=
39,35,kFW7j+Jaobahk4kSnGyycB3Q7Mw=,D5GFHWqGUUK/OagaxURQzV15u+E=
43,47,STD1t3UUn3zrvXic0DwY04QKk7M=,D5GFHWqGUUK/OagaxURQzV15u+E=
35,35,aa0laF9rrjlnWFuLimMttID+3nE=,D5GFHWqGUUK/OagaxURQzV15u+E=
41,47,STD1t3UUn3zrvXic0DwY04QKk7M=,D5GFHWqGUUK/OagaxURQzV15u+E=
42,47,STD1t3UUn3zrvXic0DwY04QKk7M=,D5GFHWqGUUK/OagaxURQzV15u+E=
40,35,aa0laF9rrjlnWFuLimMttID+3nE=,D5GFHWqGUUK/OagaxURQzV15u+E=
40,47,STD1t3UUn3zrvXic0DwY04QKk7M=,D5GFHWqGUUK/OagaxURQzV15u+E=
39,47,STD1t3UUn3zrvXic0DwY04QKk7M=,D5GFHWqGUUK/OagaxURQzV15u+E=
38,47,STD1t3UUn3zrvXic0DwY04QKk7M=,D5GFHWqGUUK/OagaxURQzV15u+E=
36,47,STD1t3UUn3zrvXic0DwY04QKk7M=,D5GFHWqGUUK/OagaxURQzV15u+E=
45,47,STD1t3UUn3zrvXic0DwY04QKk7M=,D5GFHWqGUUK/OagaxURQzV15u+E=
41,35,FLBg2eXQX1Hr5WqxgEDgQ+7WnFo=,D5GFHWqGUUK/OagaxURQzV15u+E=
35,47,STD1t3UUn3zrvXic0DwY04QKk7M=,D5GFHWqGUUK/OagaxURQzV15u+E=
37,47,STD1t3UUn3zrvXic0DwY04QKk7M=,D5GFHWqGUUK/OagaxURQzV15u+E=
42,35,wsAUbJ++DpWUd3TPdOee7NVem9s=,D5GFHWqGUUK/OagaxURQzV15u+E=
36,32,STD1t3UUn3zrvXic0DwY04QKk7M=,D5GFHWqGUUK/OagaxURQzV15u+E=
47,46,STD1t3UUn3zrvXic0DwY04QKk7M=,D5GFHWqGUUK/OagaxURQzV15u+E=
35,34,STD1t3UUn3zrvXic0DwY04QKk7M=,D5GFHWqGUUK/OagaxURQzV15u+E=
33,47,STD1t3UUn3zrvXic0DwY04QKk7M=,D5GFHWqGUUK/OagaxURQzV15u+E=
46,46,STD1t3UUn3zrvXic0DwY04QKk7M=,D5GFHWqGUUK/OagaxURQzV15u+E=
34,47,STD1t3UUn3zrvXic0DwY04QKk7M=,D5GFHWqGUUK/OagaxURQzV15u+E=
32,47,STD1t3UUn3zrvXic0DwY04QKk7M=,D5GFHWqGUUK/OagaxURQzV15u+E=
33,35,STD1t3UUn3zrvXic0DwY04QKk7M=,D5GFHWqGUUK/OagaxURQzV15u+E=
43,46,STD1t3UUn3zrvXic0DwY04QKk7M=,D5GFHWqGUUK/OagaxURQzV15u+E=
42,46,STD1t3UUn3zrvXic0DwY04QKk7M=,D5GFHWqGUUK/OagaxURQzV15u+E=
44,46,STD1t3UUn3zrvXic0DwY04QKk7M=,D5GFHWqGUUK/OagaxURQzV15u+E=
45,46,STD1t3UUn3zrvXic0DwY04QKk7M=,D5GFHWqGUUK/OagaxURQzV15u+E=
32,32,STD1t3UUn3zrvXic0DwY04QKk7M=,D5GFHWqGUUK/OagaxURQzV15u+E=
37,46,STD1t3UUn3zrvXic0DwY04QKk7M=,D5GFHWqGUUK/OagaxURQzV15u+E=
41,46,STD1t3UUn3zrvXic0DwY04QKk7M=,D5GFHWqGUUK/OagaxURQzV15u+E=
36,46,STD1t3UUn3zrvXic0DwY04QKk7M=,D5GFHWqGUUK/OagaxURQzV15u+E=
43,35,STD1t3UUn3zrvXic0DwY04QKk7M=,D5GFHWqGUUK/OagaxURQzV15u+E=
39,46,STD1t3UUn3zrvXic0DwY04QKk7M=,D5GFHWqGUUK/OagaxURQzV15u+E=
35,46,STD1t3UUn3zrvXic0DwY04QKk7M=,D5GFHWqGUUK/OagaxURQzV15u+E=
33,46,STD1t3UUn3zrvXic0DwY04QKk7M=,D5GFHWqGUUK/OagaxURQzV15u+E=
47,45,STD1t3UUn3zrvXic0DwY04QKk7M=,D5GFHWqGUUK/OagaxURQzV15u+E=
32,46,STD1t3UUn3zrvXic0DwY04QKk7M=,D5GFHWqGUUK/OagaxURQzV15u+E=
38,46,STD1t3UUn3zrvXic0DwY04QKk7M=,D5GFHWqGUUK/OagaxURQzV15u+E=
40,46,STD1t3UUn3zrvXic0DwY04QKk7M=,D5GFHWqGUUK/OagaxURQzV15u+E=
44,35,STD1t3UUn3zrvXic0DwY04QKk7M=,D5GFHWqGUUK/OagaxURQzV15u+E=
34,34,STD1t3UUn3zrvXic0DwY04QKk7M=,D5GFHWqGUUK/OagaxURQzV15u+E=
46,45,STD1t3UUn3zrvXic0DwY04QKk7M=,D5GFHWqGUUK/OagaxURQzV15u+E=
45,45,STD1t3UUn3zrvXic0DwY04QKk7M=,D5GFHWqGUUK/OagaxURQzV15u+E=
34,46,STD1t3UUn3zrvXic0DwY04QKk7M=,D5GFHWqGUUK/OagaxURQzV15u+E=
42,45,STD1t3UUn3zrvXic0DwY04QKk7M=,D5GFHWqGUUK/OagaxURQzV15u+E=
44,45,STD1t3UUn3zrvXic0DwY04QKk7M=,D5GFHWqGUUK/OagaxURQzV15u+E=
35,33,STD1t3UUn3zrvXic0DwY04QKk7M=,D5GFHWqGUUK/OagaxURQzV15u+E=
37,45,STD1t3UUn3zrvXic0DwY04QKk7M=,D5GFHWqGUUK/OagaxURQzV15u+E=
43,45,STD1t3UUn3zrvXic0DwY04QKk7M=,D5GFHWqGUUK/OagaxURQzV15u+E=
41,45,STD1t3UUn3zrvXic0DwY04QKk7M=,D5GFHWqGUUK/OagaxURQzV15u+E=
38,45,STD1t3UUn3zrvXic0DwY04QKk7M=,D5GFHWqGUUK/OagaxURQzV15u+E=
36,45,STD1t3UUn3zrvXic0DwY04QKk7M=,D5GFHWqGUUK/OagaxURQzV15u+E=
40,45,STD1t3UUn3zrvXic0DwY04QKk7M=,D5GFHWqGUUK/OagaxURQzV15u+E=
39,45,STD1t3UUn3zrvXic0DwY04QKk7M=,D5GFHWqGUUK/OagaxURQzV15u+E=
47,44,STD1t3UUn3zrvXic0DwY04QKk7M=,D5GFHWqGUUK/OagaxURQzV15u+E=
33,45,STD1t3UUn3zrvXic0DwY04QKk7M=,D5GFHWqGUUK/OagaxURQzV15u+E=
32,45,STD1t3UUn3zrvXic0DwY04QKk7M=,D5GFHWqGUUK/OagaxURQzV15u+E=
35,45,STD1t3UUn3zrvXic0DwY04QKk7M=,D5GFHWqGUUK/OagaxURQzV15u+E=
45,35,STD1t3UUn3zrvXic0DwY04QKk7M=,D5GFHWqGUUK/OagaxURQzV15u+E=
34,45,STD1t3UUn3zrvXic0DwY04QKk7M=,D5GFHWqGUUK/OagaxURQzV15u+E=
46,44,STD1t3UUn3zrvXic0DwY04QKk7M=,D5GFHWqGUUK/OagaxURQzV15u+E=
33,34,STD1t3UUn3zrvXic0DwY04QKk7M=,D5GFHWqGUUK/OagaxURQzV15u+E=
44,44,STD1t3UUn3zrvXic0DwY04QKk7M=,D5GFHWqGUUK/OagaxURQzV15u+E=
45,44,STD1t3UUn3zrvXic0DwY04QKk7M=,D5GFHWqGUUK/OagaxURQzV15u+E=
43,44,STD1t3UUn3zrvXic0DwY04QKk7M=,D5GFHWqGUUK/OagaxURQzV15u+E=
41,44,STD1t3UUn3zrvXic0DwY04QKk7M=,D5GFHWqGUUK/OagaxURQzV15u+E=
34,33,STD1t3UUn3zrvXic0DwY04QKk7M=,D5GFHWqGUUK/OagaxURQzV15u+E=
40,44,STD1t3UUn3zrvXic0DwY04QKk7M=,D5GFHWqGUUK/OagaxURQzV15u+E=
42,44,STD1t3UUn3zrvXic0DwY04QKk7M=,D5GFHWqGUUK/OagaxURQzV15u+E=
46,35,STD1t3UUn3zrvXic0DwY04QKk7M=,D5GFHWqGUUK/OagaxURQzV15u+E=
38,44,STD1t3UUn3zrvXic0DwY04QKk7M=,D5GFHWqGUUK/OagaxURQzV15u+E=
36,44,STD1t3UUn3zrvXic0DwY04QKk7M=,D5GFHWqGUUK/OagaxURQzV15u+E=
39,44,STD1t3UUn3zrvXic0DwY04QKk7M=,D5GFHWqGUUK/OagaxURQzV15u+E=
35,44,STD1t3UUn3zrvXic0DwY04QKk7M=,D5GFHWqGUUK/OagaxURQzV15u+E=
34,44,STD1t3UUn3zrvXic0DwY04QKk7M=,D5GFHWqGUUK/OagaxURQzV15u+E=
34,32,STD1t3UUn3zrvXic0DwY04QKk7M=,D5GFHWqGUUK/OagaxURQzV15u+E=
37,44,STD1t3UUn3zrvXic0DwY04QKk7M=,D5GFHWqGUUK/OagaxURQzV15u+E=
32,44,STD1t3UUn3zrvXic0DwY04QKk7M=,D5GFHWqGUUK/OagaxURQzV15u+E=
32,35,STD1t3UUn3zrvXic0DwY04QKk7M=,D5GFHWqGUUK/OagaxURQzV15u+E=
46,33,STD1t3UUn3zrvXic0DwY04QKk7M=,D5GFHWqGUUK/OagaxURQzV15u+E=
46,32,STD1t3UUn3zrvXic0DwY04QKk7M=,D5GFHWqGUUK/OagaxURQzV15u+E=
47,35,STD1t3UUn3zrvXic0DwY04QKk7M=,D5GFHWqGUUK/OagaxURQzV15u+E=
33,44,STD1t3UUn3zrvXic0DwY04QKk7M=,D5GFHWqGUUK/OagaxURQzV15u+E=
38,33,STD1t3UUn3zrvXic0DwY04QKk7M=,D5GFHWqGUUK/OagaxURQzV15u+E=
47,32,STD1t3UUn3zrvXic0DwY04QKk7M=,D5GFHWqGUUK/OagaxURQzV15u+E=
47,43,STD1t3UUn3zrvXic0DwY04QKk7M=,D5GFHWqGUUK/OagaxURQzV15u+E=
47,33,STD1t3UUn3zrvXic0DwY04QKk7M=,D5GFHWqGUUK/OagaxURQzV15u+E=
32,34,STD1t3UUn3zrvXic0DwY04QKk7M=,D5GFHWqGUUK/OagaxURQzV15u+E=
45,43,STD1t3UUn3zrvXic0DwY04QKk7M=,D5GFHWqGUUK/OagaxURQzV15u+E=
39,34,STD1t3UUn3zrvXic0DwY04QKk7M=,D5GFHWqGUUK/OagaxURQzV15u+E=
43,43,STD1t3UUn3zrvXic0DwY04QKk7M=,D5GFHWqGUUK/OagaxURQzV15u+E=
44,43,STD1t3UUn3zrvXic0DwY04QKk7M=,D5GFHWqGUUK/OagaxURQzV15u+E=
47,34,STD1t3UUn3zrvXic0DwY04QKk7M=,D5GFHWqGUUK/OagaxURQzV15u+E=
39,43,STD1t3UUn3zrvXic0DwY04QKk7M=,D5GFHWqGUUK/OagaxURQzV15u+E=
38,43,STD1t3UUn3zrvXic0DwY04QKk7M=,D5GFHWqGUUK/OagaxURQzV15u+E=
46,43,STD1t3UUn3zrvXic0DwY04QKk7M=,D5GFHWqGUUK/OagaxURQzV15u+E=
32,33,STD1t3UUn3zrvXic0DwY04QKk7M=,D5GFHWqGUUK/OagaxURQzV15u+E=
37,43,STD1t3UUn3zrvXic0DwY04QKk7M=,D5GFHWqGUUK/OagaxURQzV15u+E=
33,43,STD1t3UUn3zrvXic0DwY04QKk7M=,D5GFHWqGUUK/OagaxURQzV15u+E=
41,43,STD1t3UUn3zrvXic0DwY04QKk7M=,D5GFHWqGUUK/OagaxURQzV15u+E=
34,43,STD1t3UUn3zrvXic0DwY04QKk7M=,D5GFHWqGUUK/OagaxURQzV15u+E=
36,43,STD1t3UUn3zrvXic0DwY04QKk7M=,D5GFHWqGUUK/OagaxURQzV15u+E=
33,33,STD1t3UUn3zrvXic0DwY04QKk7M=,D5GFHWqGUUK/OagaxURQzV15u+E=
32,43,STD1t3UUn3zrvXic0DwY04QKk7M=,D5GFHWqGUUK/OagaxURQzV15u+E=
45,32,STD1t3UUn3zrvXic0DwY04QKk7M=,D5GFHWqGUUK/OagaxURQzV15u+E=
45,33,STD1t3UUn3zrvXic0DwY04QKk7M=,D5GFHWqGUUK/OagaxURQzV15u+E=
35,43,STD1t3UUn3zrvXic0DwY04QKk7M=,D5GFHWqGUUK/OagaxURQzV15u+E=
42,43,STD1t3UUn3zrvXic0DwY04QKk7M=,D5GFHWqGUUK/OagaxURQzV15u+E=
43,42,STD1t3UUn3zrvXic0DwY04QKk7M=,D5GFHWqGUUK/OagaxURQzV15u+E=
40,42,STD1t3UUn3zrvXic0DwY04QKk7M=,D5GFHWqGUUK/OagaxURQzV15u+E=
46,42,STD1t3UUn3zrvXic0DwY04QKk7M=,D5GFHWqGUUK/OagaxURQzV15u+E=
39,42,STD1t3UUn3zrvXic0DwY04QKk7M=,D5GFHWqGUUK/OagaxURQzV15u+E=
38,42,STD1t3UUn3zrvXic0DwY04QKk7M=,D5GFHWqGUUK/OagaxURQzV15u+E=
41,42,STD1t3UUn3zrvXic0DwY04QKk7M=,D5GFHWqGUUK/OagaxURQzV15u+E=
35,42,STD1t3UUn3zrvXic0DwY04QKk7M=,D5GFHWqGUUK/OagaxURQzV15u+E=
46,34,STD1t3UUn3zrvXic0DwY04QKk7M=,D5GFHWqGUUK/OagaxURQzV15u+E=
32,42,STD1t3UUn3zrvXic0DwY04QKk7M=,D5GFHWqGUUK/OagaxURQzV15u+E=
37,42,STD1t3UUn3zrvXic0DwY04QKk7M=,D5GFHWqGUUK/OagaxURQzV15u+E=
47,41,STD1t3UUn3zrvXic0DwY04QKk7M=,D5GFHWqGUUK/OagaxURQzV15u+E=
34,42,STD1t3UUn3zrvXic0DwY04QKk7M=,D5GFHWqGUUK/OagaxURQzV15u+E=
40,43,STD1t3UUn3zrvXic0DwY04QKk7M=,D5GFHWqGUUK/OagaxURQzV15u+E=
44,33,STD1t3UUn3zrvXic0DwY04QKk7M=,D5GFHWqGUUK/OagaxURQzV15u+E=
45,34,STD1t3UUn3zrvXic0DwY04QKk7M=,D5GFHWqGUUK/OagaxURQzV15u+E=
42,42,STD1t3UUn3zrvXic0DwY04QKk7M=,D5GFHWqGUUK/OagaxURQzV15u+E=
44,32,STD1t3UUn3zrvXic0DwY04QKk7M=,D5GFHWqGUUK/OagaxURQzV15u+E=
45,41,STD1t3UUn3zrvXic0DwY04QKk7M=,D5GFHWqGUUK/OagaxURQzV15u+E=
39,41,STD1t3UUn3zrvXic0DwY04QKk7M=,D5GFHWqGUUK/OagaxURQzV15u+E=
32,36,FLBg2eXQX1Hr5WqxgEDgQ+7WnFo=,D5GFHWqGUUK/OagaxURQzV15u+E=
42,41,STD1t3UUn3zrvXic0DwY04QKk7M=,D5GFHWqGUUK/OagaxURQzV15u+E=
44,41,STD1t3UUn3zrvXic0DwY04QKk7M=,D5GFHWqGUUK/OagaxURQzV15u+E=
47,42,STD1t3UUn3zrvXic0DwY04QKk7M=,D5GFHWqGUUK/OagaxURQzV15u+E=
38,32,FLBg2eXQX1Hr5WqxgEDgQ+7WnFo=,D5GFHWqGUUK/OagaxURQzV15u+E=
33,36,aa0laF9rrjlnWFuLimMttID+3nE=,D5GFHWqGUUK/OagaxURQzV15u+E=
34,36,K4DvimE36U8Oxybqf7zhok/6WUY=,D5GFHWqGUUK/OagaxURQzV15u+E=
35,36,STD1t3UUn3zrvXic0DwY04QKk7M=,D5GFHWqGUUK/OagaxURQzV15u+E=
44,42,STD1t3UUn3zrvXic0DwY04QKk7M=,D5GFHWqGUUK/OagaxURQzV15u+E=
36,42,STD1t3UUn3zrvXic0DwY04QKk7M=,D5GFHWqGUUK/OagaxURQzV15u+E=
35,41,STD1t3UUn3zrvXic0DwY04QKk7M=,D5GFHWqGUUK/OagaxURQzV15u+E=
45,42,STD1t3UUn3zrvXic0DwY04QKk7M=,D5GFHWqGUUK/OagaxURQzV15u+E=
33,42,STD1t3UUn3zrvXic0DwY04QKk7M=,D5GFHWqGUUK/OagaxURQzV15u+E=
36,36,STD1t3UUn3zrvXic0DwY04QKk7M=,D5GFHWqGUUK/OagaxURQzV15u+E=
34,41,STD1t3UUn3zrvXic0DwY04QKk7M=,D5GFHWqGUUK/OagaxURQzV15u+E=
37,41,STD1t3UUn3zrvXic0DwY04QKk7M=,D5GFHWqGUUK/OagaxURQzV15u+E=
38,41,STD1t3UUn3zrvXic0DwY04QKk7M=,D5GFHWqGUUK/OagaxURQzV15u+E=
37,36,STD1t3UUn3zrvXic0DwY04QKk7M=,D5GFHWqGUUK/OagaxURQzV15u+E=
44,34,STD1t3UUn3zrvXic0DwY04QKk7M=,D5GFHWqGUUK/OagaxURQzV15u+E=
32,41,STD1t3UUn3zrvXic0DwY04QKk7M=,D5GFHWqGUUK/OagaxURQzV15u+E=
46,41,STD1t3UUn3zrvXic0DwY04QKk7M=,D5GFHWqGUUK/OagaxURQzV15u+E=
47,40,STD1t3UUn3zrvXic0DwY04QKk7M=,D5GFHWqGUUK/OagaxURQzV15u+E=
41,41,STD1t3UUn3zrvXic0DwY04QKk7M=,D5GFHWqGUUK/OagaxURQzV15u+E=
46,40,STD1t3UUn3zrvXic0DwY04QKk7M=,D5GFHWqGUUK/OagaxURQzV15u+E=
43,41,STD1t3UUn3zrvXic0DwY04QKk7M=,D5GFHWqGUUK/OagaxURQzV15u+E=
33,41,STD1t3UUn3zrvXic0DwY04QKk7M=,D5GFHWqGUUK/OagaxURQzV15u+E=
36,40,STD1t3UUn3zrvXic0DwY04QKk7M=,D5GFHWqGUUK/OagaxURQzV15u+E=
44,40,STD1t3UUn3zrvXic0DwY04QKk7M=,D5GFHWqGUUK/OagaxURQzV15u+E=
40,41,STD1t3UUn3zrvXic0DwY04QKk7M=,D5GFHWqGUUK/OagaxURQzV15u+E=
38,40,STD1t3UUn3zrvXic0DwY04QKk7M=,D5GFHWqGUUK/OagaxURQzV15u+E=
35,40,STD1t3UUn3zrvXic0DwY04QKk7M=,D5GFHWqGUUK/OagaxURQzV15u+E=
42,40,STD1t3UUn3zrvXic0DwY04QKk7M=,D5GFHWqGUUK/OagaxURQzV15u+E=
40,40,STD1t3UUn3zrvXic0DwY04QKk7M=,D5GFHWqGUUK/OagaxURQzV15u+E=
37,40,STD1t3UUn3zrvXic0DwY04QKk7M=,D5GFHWqGUUK/OagaxURQzV15u+E=
34,40,STD1t3UUn3zrvXic0DwY04QKk7M=,D5GFHWqGUUK/OagaxURQzV15u+E=
36,41,STD1t3UUn3zrvXic0DwY04QKk7M=,D5GFHWqGUUK/OagaxURQzV15u+E=
39,40,STD1t3UUn3zrvXic0DwY04QKk7M=,D5GFHWqGUUK/OagaxURQzV15u+E=
33,40,STD1t3UUn3zrvXic0DwY04QKk7M=,D5GFHWqGUUK/OagaxURQzV15u+E=
46,39,STD1t3UUn3zrvXic0DwY04QKk7M=,D5GFHWqGUUK/OagaxURQzV15u+E=
38,36,STD1t3UUn3zrvXic0DwY04QKk7M=,D5GFHWqGUUK/OagaxURQzV15u+E=
41,40,STD1t3UUn3zrvXic0DwY04QKk7M=,D5GFHWqGUUK/OagaxURQzV15u+E=
45,39,STD1t3UUn3zrvXic0DwY04QKk7M=,D5GFHWqGUUK/OagaxURQzV15u+E=
43,33,STD1t3UUn3zrvXic0DwY04QKk7M=,D5GFHWqGUUK/OagaxURQzV15u+E=
39,36,STD1t3UUn3zrvXic0DwY04QKk7M=,D5GFHWqGUUK/OagaxURQzV15u+E=
44,39,STD1t3UUn3zrvXic0DwY04QKk7M=,D5GFHWqGUUK/OagaxURQzV15u+E=
43,40,STD1t3UUn3zrvXic0DwY04QKk7M=,D5GFHWqGUUK/OagaxURQzV15u+E=
37,39,STD1t3UUn3zrvXic0DwY04QKk7M=,D5GFHWqGUUK/OagaxURQzV15u+E=
41,39,STD1t3UUn3zrvXic0DwY04QKk7M=,D5GFHWqGUUK/OagaxURQzV15u+E=
43,32,STD1t3UUn3zrvXic0DwY04QKk7M=,D5GFHWqGUUK/OagaxURQzV15u+E=
34,39,STD1t3UUn3zrvXic0DwY04QKk7M=,D5GFHWqGUUK/OagaxURQzV15u+E=
38,39,STD1t3UUn3zrvXic0DwY04QKk7M=,D5GFHWqGUUK/OagaxURQzV15u+E=
33,39,STD1t3UUn3zrvXic0DwY04QKk7M=,D5GFHWqGUUK/OagaxURQzV15u+E=
39,39,STD1t3UUn3zrvXic0DwY04QKk7M=,D5GFHWqGUUK/OagaxURQzV15u+E=
42,32,STD1t3UUn3zrvXic0DwY04QKk7M=,D5GFHWqGUUK/OagaxURQzV15u+E=
32,39,STD1t3UUn3zrvXic0DwY04QKk7M=,D5GFHWqGUUK/OagaxURQzV15u+E=
47,39,STD1t3UUn3zrvXic0DwY04QKk7M=,D5GFHWqGUUK/OagaxURQzV15u+E=
45,40,STD1t3UUn3zrvXic0DwY04QKk7M=,D5GFHWqGUUK/OagaxURQzV15u+E=
47,38,STD1t3UUn3zrvXic0DwY04QKk7M=,D5GFHWqGUUK/OagaxURQzV15u+E=
41,32,STD1t3UUn3zrvXic0DwY04QKk7M=,D5GFHWqGUUK/OagaxURQzV15u+E=
41,33,STD1t3UUn3zrvXic0DwY04QKk7M=,D5GFHWqGUUK/OagaxURQzV15u+E=
45,38,STD1t3UUn3zrvXic0DwY04QKk7M=,D5GFHWqGUUK/OagaxURQzV15u+E=
43,39,STD1t3UUn3zrvXic0DwY04QKk7M=,D5GFHWqGUUK/OagaxURQzV15u+E=
42,39,STD1t3UUn3zrvXic0DwY04QKk7M=,D5GFHWqGUUK/OagaxURQzV15u+E=
42,33,STD1t3UUn3zrvXic0DwY04QKk7M=,D5GFHWqGUUK/OagaxURQzV15u+E=
38,38,STD1t3UUn3zrvXic0DwY04QKk7M=,D5GFHWqGUUK/OagaxURQzV15u+E=
43,34,STD1t3UUn3zrvXic0DwY04QKk7M=,D5GFHWqGUUK/OagaxURQzV15u+E=
37,38,STD1t3UUn3zrvXic0DwY04QKk7M=,D5GFHWqGUUK/OagaxURQzV15u+E=
36,38,STD1t3UUn3zrvXic0DwY04QKk7M=,D5GFHWqGUUK/OagaxURQzV15u+E=
33,38,STD1t3UUn3zrvXic0DwY04QKk7M=,D5GFHWqGUUK/OagaxURQzV15u+E=
40,39,STD1t3UUn3zrvXic0DwY04QKk7M=,D5GFHWqGUUK/OagaxURQzV15u+E=
35,38,STD1t3UUn3zrvXic0DwY04QKk7M=,D5GFHWqGUUK/OagaxURQzV15u+E=
32,40,STD1t3UUn3zrvXic0DwY04QKk7M=,D5GFHWqGUUK/OagaxURQzV15u+E=
32,38,STD1t3UUn3zrvXic0DwY04QKk7M=,D5GFHWqGUUK/OagaxURQzV15u+E=
34,38,STD1t3UUn3zrvXic0DwY04QKk7M=,D5GFHWqGUUK/OagaxURQzV15u+E=
40,36,STD1t3UUn3zrvXic0DwY04QKk7M=,D5GFHWqGUUK/OagaxURQzV15u+E=
39,38,STD1t3UUn3zrvXic0DwY04QKk7M=,D5GFHWqGUUK/OagaxURQzV15u+E=
40,32,STD1t3UUn3zrvXic0DwY04QKk7M=,D5GFHWqGUUK/OagaxURQzV15u+E=
35,39,STD1t3UUn3zrvXic0DwY04QKk7M=,D5GFHWqGUUK/OagaxURQzV15u+E=
41,36,STD1t3UUn3zrvXic0DwY04QKk7M=,D5GFHWqGUUK/OagaxURQzV15u+E=
40,33,STD1t3UUn3zrvXic0DwY04QKk7M=,D5GFHWqGUUK/OagaxURQzV15u+E=
44,37,STD1t3UUn3zrvXic0DwY04QKk7M=,D5GFHWqGUUK/OagaxURQzV15u+E=
43,37,STD1t3UUn3zrvXic0DwY04QKk7M=,D5GFHWqGUUK/OagaxURQzV15u+E=
41,37,STD1t3UUn3zrvXic0DwY04QKk7M=,D5GFHWqGUUK/OagaxURQzV15u+E=
42,37,STD1t3UUn3zrvXic0DwY04QKk7M=,D5GFHWqGUUK/OagaxURQzV15u+E=
45,37,STD1t3UUn3zrvXic0DwY04QKk7M=,D5GFHWqGUUK/OagaxURQzV15u+E=
41,38,STD1t3UUn3zrvXic0DwY04QKk7M=,D5GFHWqGUUK/OagaxURQzV15u+E=
43,38,STD1t3UUn3zrvXic0DwY04QKk7M=,D5GFHWqGUUK/OagaxURQzV15u+E=
47,37,STD1t3UUn3zrvXic0DwY04QKk7M=,D5GFHWqGUUK/OagaxURQzV15u+E=
40,38,STD1t3UUn3zrvXic0DwY04QKk7M=,D5GFHWqGUUK/OagaxURQzV15u+E=
42,34,STD1t3UUn3zrvXic0DwY04QKk7M=,D5GFHWqGUUK/OagaxURQzV15u+E=
46,37,STD1t3UUn3zrvXic0DwY04QKk7M=,D5GFHWqGUUK/OagaxURQzV15u+E=
46,38,STD1t3UUn3zrvXic0DwY04QKk7M=,D5GFHWqGUUK/OagaxURQzV15u+E=
42,38,STD1t3UUn3zrvXic0DwY04QKk7M=,D5GFHWqGUUK/OagaxURQzV15u+E=
38,37,STD1t3UUn3zrvXic0DwY04QKk7M=,D5GFHWqGUUK/OagaxURQzV15u+E=
37,37,STD1t3UUn3zrvXic0DwY04QKk7M=,D5GFHWqGUUK/OagaxURQzV15u+E=
36,37,STD1t3UUn3zrvXic0DwY04QKk7M=,D5GFHWqGUUK/OagaxURQzV15u+E=
44,38,STD1t3UUn3zrvXic0DwY04QKk7M=,D5GFHWqGUUK/OagaxURQzV15u+E=
34,37,STD1t3UUn3zrvXic0DwY04QKk7M=,D5GFHWqGUUK/OagaxURQzV15u+E=
33,37,STD1t3UUn3zrvXic0DwY04QKk7M=,D5GFHWqGUUK/OagaxURQzV15u+E=
36,39,STD1t3UUn3zrvXic0DwY04QKk7M=,D5GFHWqGUUK/OagaxURQzV15u+E=
42,36,STD1t3UUn3zrvXic0DwY04QKk7M=,D5GFHWqGUUK/OagaxURQzV15u+E=
35,37,STD1t3UUn3zrvXic0DwY04QKk7M=,D5GFHWqGUUK/OagaxURQzV15u+E=
41,34,STD1t3UUn3zrvXic0DwY04QKk7M=,D5GFHWqGUUK/OagaxURQzV15u+E=
39,37,STD1t3UUn3zrvXic0DwY04QKk7M=,D5GFHWqGUUK/OagaxURQzV15u+E=
32,37,STD1t3UUn3zrvXic0DwY04QKk7M=,D5GFHWqGUUK/OagaxURQzV15u+E=
40,37,STD1t3UUn3zrvXic0DwY04QKk7M=,D5GFHWqGUUK/OagaxURQzV15u+E=
39,32,STD1t3UUn3zrvXic0DwY04QKk7M=,D5GFHWqGUUK/OagaxURQzV15u+E=
43,36,STD1t3UUn3zrvXic0DwY04QKk7M=,D5GFHWqGUUK/OagaxURQzV15u+E=
39,33,STD1t3UUn3zrvXic0DwY04QKk7M=,D5GFHWqGUUK/OagaxURQzV15u+E=
47,36,STD1t3UUn3zrvXic0DwY04QKk7M=,D5GFHWqGUUK/OagaxURQzV15u+E=
46,36,STD1t3UUn3zrvXic0DwY04QKk7M=,D5GFHWqGUUK/OagaxURQzV15u+E=
44,36,STD1t3UUn3zrvXic0DwY04QKk7M=,D5GFHWqGUUK/OagaxURQzV15u+E=
40,34,STD1t3UUn3zrvXic0DwY04QKk7M=,D5GFHWqGUUK/OagaxURQzV15u+E=
45,36,STD1t3UUn3zrvXic0DwY04QKk7M=,D5GFHWqGUUK/OagaxURQzV15u+E=
34,51,2cYB0SzZ+xTbheZF2Qr8N2cstFQ=,qqfToOaYTPk/T+lQuQjeQDqy4k4=
47,63,2cYB0SzZ+xTbheZF2Qr8N2cstFQ=,qqfToOaYTPk/T+lQuQjeQDqy4k4=
39,51,2cYB0SzZ+xTbheZF2Qr8N2cstFQ=,qqfToOaYTPk/T+lQuQjeQDqy4k4=
37,49,2cYB0SzZ+xTbheZF2Qr8N2cstFQ=,qqfToOaYTPk/T+lQuQjeQDqy4k4=
46,63,2cYB0SzZ+xTbheZF2Qr8N2cstFQ=,qqfToOaYTPk/T+lQuQjeQDqy4k4=
45,63,2cYB0SzZ+xTbheZF2Qr8N2cstFQ=,qqfToOaYTPk/T+lQuQjeQDqy4k4=
44,63,Fx5KLdLNodF2UlTN72B5t3iPGQc=,qqfToOaYTPk/T+lQuQjeQDqy4k4=
43,63,Fx5KLdLNodF2UlTN72B5t3iPGQc=,qqfToOaYTPk/T+lQuQjeQDqy4k4=
33,48,Fx5KLdLNodF2UlTN72B5t3iPGQc=,qqfToOaYTPk/T+lQuQjeQDqy4k4=
42,63,Fx5KLdLNodF2UlTN72B5t3iPGQc=,qqfToOaYTPk/T+lQuQjeQDqy4k4=
36,49,Fx5KLdLNodF2UlTN72B5t3iPGQc=,qqfToOaYTPk/T+lQuQjeQDqy4k4=
36,50,Fx5KLdLNodF2UlTN72B5t3iPGQc=,qqfToOaYTPk/T+lQuQjeQDqy4k4=
41,63,Fx5KLdLNodF2UlTN72B5t3iPGQc=,qqfToOaYTPk/T+lQuQjeQDqy4k4=
40,63,Fx5KLdLNodF2UlTN72B5t3iPGQc=,qqfToOaYTPk/T+lQuQjeQDqy4k4=
39,63,Fx5KLdLNodF2UlTN72B5t3iPGQc=,qqfToOaYTPk/T+lQuQjeQDqy4k4=
38,63,Fx5KLdLNodF2UlTN72B5t3iPGQc=,qqfToOaYTPk/T+lQuQjeQDqy4k4=
37,63,iglgYXf+FRYgOzqKqxszaDPixjY=,qqfToOaYTPk/T+lQuQjeQDqy4k4=
40,51,iglgYXf+FRYgOzqKqxszaDPixjY=,qqfToOaYTPk/T+lQuQjeQDqy4k4=
36,51,iglgYXf+FRYgOzqKqxszaDPixjY=,qqfToOaYTPk/T+lQuQjeQDqy4k4=
36,63,iglgYXf+FRYgOzqKqxszaDPixjY=,qqfToOaYTPk/T+lQuQjeQDqy4k4=
38,51,iglgYXf+FRYgOzqKqxszaDPixjY=,qqfToOaYTPk/T+lQuQjeQDqy4k4=
38,50,iglgYXf+FRYgOzqKqxszaDPixjY=,qqfToOaYTPk/T+lQuQjeQDqy4k4=
35,51,iglgYXf+FRYgOzqKqxszaDPixjY=,qqfToOaYTPk/T+lQuQjeQDqy4k4=
37,50,iglgYXf+FRYgOzqKqxszaDPixjY=,qqfToOaYTPk/T+lQuQjeQDqy4k4=
35,63,iglgYXf+FRYgOzqKqxszaDPixjY=,qqfToOaYTPk/T+lQuQjeQDqy4k4=
41,51,iglgYXf+FRYgOzqKqxszaDPixjY=,qqfToOaYTPk/T+lQuQjeQDqy4k4=
34,63,iglgYXf+FRYgOzqKqxszaDPixjY=,qqfToOaYTPk/T+lQuQjeQDqy4k4=
37,48,iglgYXf+FRYgOzqKqxszaDPixjY=,qqfToOaYTPk/T+lQuQjeQDqy4k4=
33,51,iglgYXf+FRYgOzqKqxszaDPixjY=,qqfToOaYTPk/T+lQuQjeQDqy4k4=
32,63,iglgYXf+FRYgOzqKqxszaDPixjY=,qqfToOaYTPk/T+lQuQjeQDqy4k4=
47,62,iglgYXf+FRYgOzqKqxszaDPixjY=,qqfToOaYTPk/T+lQuQjeQDqy4k4=
37,51,iglgYXf+FRYgOzqKqxszaDPixjY=,qqfToOaYTPk/T+lQuQjeQDqy4k4=
46,62,iglgYXf+FRYgOzqKqxszaDPixjY=,qqfToOaYTPk/T+lQuQjeQDqy4k4=
45,62,iglgYXf+FRYgOzqKqxszaDPixjY=,qqfToOaYTPk/T+lQuQjeQDqy4k4=
44,62,iglgYXf+FRYgOzqKqxszaDPixjY=,qqfToOaYTPk/T+lQuQjeQDqy4k4=
43,62,iglgYXf+FRYgOzqKqxszaDPixjY=,qqfToOaYTPk/T+lQuQjeQDqy4k4=
42,62,iglgYXf+FRYgOzqKqxszaDPixjY=,qqfToOaYTPk/T+lQuQjeQDqy4k4=
40,62,iglgYXf+FRYgOzqKqxszaDPixjY=,qqfToOaYTPk/T+lQuQjeQDqy4k4=
41,62,iglgYXf+FRYgOzqKqxszaDPixjY=,qqfToOaYTPk/T+lQuQjeQDqy4k4=
39,62,iglgYXf+FRYgOzqKqxszaDPixjY=,qqfToOaYTPk/T+lQuQjeQDqy4k4=
37,62,iglgYXf+FRYgOzqKqxszaDPixjY=,qqfToOaYTPk/T+lQuQjeQDqy4k4=
38,62,iglgYXf+FRYgOzqKqxszaDPixjY=,qqfToOaYTPk/T+lQuQjeQDqy4k4=
33,63,iglgYXf+FRYgOzqKqxszaDPixjY=,qqfToOaYTPk/T+lQuQjeQDqy4k4=
36,62,iglgYXf+FRYgOzqKqxszaDPixjY=,qqfToOaYTPk/T+lQuQjeQDqy4k4=
35,62,iglgYXf+FRYgOzqKqxszaDPixjY=,qqfToOaYTPk/T+lQuQjeQDqy4k4=
42,51,iglgYXf+FRYgOzqKqxszaDPixjY=,qqfToOaYTPk/T+lQuQjeQDqy4k4=
44,51,iglgYXf+FRYgOzqKqxszaDPixjY=,qqfToOaYTPk/T+lQuQjeQDqy4k4=
43,51,iglgYXf+FRYgOzqKqxszaDPixjY=,qqfToOaYTPk/T+lQuQjeQDqy4k4=
46,51,iglgYXf+FRYgOzqKqxszaDPixjY=,qqfToOaYTPk/T+lQuQjeQDqy4k4=
45,51,iglgYXf+FRYgOzqKqxszaDPixjY=,qqfToOaYTPk/T+lQuQjeQDqy4k4=
35,48,iglgYXf+FRYgOzqKqxszaDPixjY=,qqfToOaYTPk/T+lQuQjeQDqy4k4=
32,62,iglgYXf+FRYgOzqKqxszaDPixjY=,qqfToOaYTPk/T+lQuQjeQDqy4k4=
32,48,iglgYXf+FRYgOzqKqxszaDPixjY=,qqfToOaYTPk/T+lQuQjeQDqy4k4=
47,61,iglgYXf+FRYgOzqKqxszaDPixjY=,qqfToOaYTPk/T+lQuQjeQDqy4k4=
34,50,iglgYXf+FRYgOzqKqxszaDPixjY=,qqfToOaYTPk/T+lQuQjeQDqy4k4=
46,61,iglgYXf+FRYgOzqKqxszaDPixjY=,qqfToOaYTPk/T+lQuQjeQDqy4k4=
45,61,iglgYXf+FRYgOzqKqxszaDPixjY=,qqfToOaYTPk/T+lQuQjeQDqy4k4=
44,61,iglgYXf+FRYgOzqKqxszaDPixjY=,qqfToOaYTPk/T+lQuQjeQDqy4k4=
43,61,iglgYXf+FRYgOzqKqxszaDPixjY=,qqfToOaYTPk/T+lQuQjeQDqy4k4=
42,61,iglgYXf+FRYgOzqKqxszaDPixjY=,qqfToOaYTPk/T+lQuQjeQDqy4k4=
41,61,iglgYXf+FRYgOzqKqxszaDPixjY=,qqfToOaYTPk/T+lQuQjeQDqy4k4=
40,61,iglgYXf+FRYgOzqKqxszaDPixjY=,qqfToOaYTPk/T+lQuQjeQDqy4k4=
39,61,iglgYXf+FRYgOzqKqxszaDPixjY=,qqfToOaYTPk/T+lQuQjeQDqy4k4=
38,61,iglgYXf+FRYgOzqKqxszaDPixjY=,qqfToOaYTPk/T+lQuQjeQDqy4k4=
36,61,iglgYXf+FRYgOzqKqxszaDPixjY=,qqfToOaYTPk/T+lQuQjeQDqy4k4=
35,61,iglgYXf+FRYgOzqKqxszaDPixjY=,qqfToOaYTPk/T+lQuQjeQDqy4k4=
34,61,iglgYXf+FRYgOzqKqxszaDPixjY=,qqfToOaYTPk/T+lQuQjeQDqy4k4=
34,62,iglgYXf+FRYgOzqKqxszaDPixjY=,qqfToOaYTPk/T+lQuQjeQDqy4k4=
36,48,iglgYXf+FRYgOzqKqxszaDPixjY=,qqfToOaYTPk/T+lQuQjeQDqy4k4=
47,60,iglgYXf+FRYgOzqKqxszaDPixjY=,qqfToOaYTPk/T+lQuQjeQDqy4k4=
32,61,iglgYXf+FRYgOzqKqxszaDPixjY=,qqfToOaYTPk/T+lQuQjeQDqy4k4=
33,62,iglgYXf+FRYgOzqKqxszaDPixjY=,qqfToOaYTPk/T+lQuQjeQDqy4k4=
46,60,iglgYXf+FRYgOzqKqxszaDPixjY=,qqfToOaYTPk/T+lQuQjeQDqy4k4=
45,60,iglgYXf+FRYgOzqKqxszaDPixjY=,qqfToOaYTPk/T+lQuQjeQDqy4k4=
37,61,iglgYXf+FRYgOzqKqxszaDPixjY=,qqfToOaYTPk/T+lQuQjeQDqy4k4=
44,60,iglgYXf+FRYgOzqKqxszaDPixjY=,qqfToOaYTPk/T+lQuQjeQDqy4k4=
41,60,iglgYXf+FRYgOzqKqxszaDPixjY=,qqfToOaYTPk/T+lQuQjeQDqy4k4=
42,60,iglgYXf+FRYgOzqKqxszaDPixjY=,qqfToOaYTPk/T+lQuQjeQDqy4k4=
33,61,iglgYXf+FRYgOzqKqxszaDPixjY=,qqfToOaYTPk/T+lQuQjeQDqy4k4=
39,60,iglgYXf+FRYgOzqKqxszaDPixjY=,qqfToOaYTPk/T+lQuQjeQDqy4k4=
43,60,iglgYXf+FRYgOzqKqxszaDPixjY=,qqfToOaYTPk/T+lQuQjeQDqy4k4=
38,60,iglgYXf+FRYgOzqKqxszaDPixjY=,qqfToOaYTPk/T+lQuQjeQDqy4k4=
37,60,iglgYXf+FRYgOzqKqxszaDPixjY=,qqfToOaYTPk/T+lQuQjeQDqy4k4=
36,60,iglgYXf+FRYgOzqKqxszaDPixjY=,qqfToOaYTPk/T+lQuQjeQDqy4k4=
33,50,iglgYXf+FRYgOzqKqxszaDPixjY=,qqfToOaYTPk/T+lQuQjeQDqy4k4=
40,60,iglgYXf+FRYgOzqKqxszaDPixjY=,qqfToOaYTPk/T+lQuQjeQDqy4k4=
35,50,iglgYXf+FRYgOzqKqxszaDPixjY=,qqfToOaYTPk/T+lQuQjeQDqy4k4=
34,49,iglgYXf+FRYgOzqKqxszaDPixjY=,qqfToOaYTPk/T+lQuQjeQDqy4k4=
35,60,iglgYXf+FRYgOzqKqxszaDPixjY=,qqfToOaYTPk/T+lQuQjeQDqy4k4=
32,49,iglgYXf+FRYgOzqKqxszaDPixjY=,qqfToOaYTPk/T+lQuQjeQDqy4k4=
47,51,iglgYXf+FRYgOzqKqxszaDPixjY=,qqfToOaYTPk/T+lQuQjeQDqy4k4=
33,49,iglgYXf+FRYgOzqKqxszaDPixjY=,qqfToOaYTPk/T+lQuQjeQDqy4k4=
34,60,iglgYXf+FRYgOzqKqxszaDPixjY=,qqfToOaYTPk/T+lQuQjeQDqy4k4=
32,51,iglgYXf+FRYgOzqKqxszaDPixjY=,qqfToOaYTPk/T+lQuQjeQDqy4k4=
47,48,iglgYXf+FRYgOzqKqxszaDPixjY=,qqfToOaYTPk/T+lQuQjeQDqy4k4=
32,60,iglgYXf+FRYgOzqKqxszaDPixjY=,qqfToOaYTPk/T+lQuQjeQDqy4k4=
35,49,iglgYXf+FRYgOzqKqxszaDPixjY=,qqfToOaYTPk/T+lQuQjeQDqy4k4=
47,59,iglgYXf+FRYgOzqKqxszaDPixjY=,qqfToOaYTPk/T+lQuQjeQDqy4k4=
33,60,iglgYXf+FRYgOzqKqxszaDPixjY=,qqfToOaYTPk/T+lQuQjeQDqy4k4=
46,49,iglgYXf+FRYgOzqKqxszaDPixjY=,qqfToOaYTPk/T+lQuQjeQDqy4k4=
46,59,iglgYXf+FRYgOzqKqxszaDPixjY=,qqfToOaYTPk/T+lQuQjeQDqy4k4=
45,59,iglgYXf+FRYgOzqKqxszaDPixjY=,qqfToOaYTPk/T+lQuQjeQDqy4k4=
44,59,iglgYXf+FRYgOzqKqxszaDPixjY=,qqfToOaYTPk/T+lQuQjeQDqy4k4=
43,59,iglgYXf+FRYgOzqKqxszaDPixjY=,qqfToOaYTPk/T+lQuQjeQDqy4k4=
42,59,iglgYXf+FRYgOzqKqxszaDPixjY=,qqfToOaYTPk/T+lQuQjeQDqy4k4=
41,59,iglgYXf+FRYgOzqKqxszaDPixjY=,qqfToOaYTPk/T+lQuQjeQDqy4k4=
40,59,iglgYXf+FRYgOzqKqxszaDPixjY=,qqfToOaYTPk/T+lQuQjeQDqy4k4=
38,59,iglgYXf+FRYgOzqKqxszaDPixjY=,qqfToOaYTPk/T+lQuQjeQDqy4k4=
37,59,iglgYXf+FRYgOzqKqxszaDPixjY=,qqfToOaYTPk/T+lQuQjeQDqy4k4=
39,59,iglgYXf+FRYgOzqKqxszaDPixjY=,qqfToOaYTPk/T+lQuQjeQDqy4k4=
36,59,iglgYXf+FRYgOzqKqxszaDPixjY=,qqfToOaYTPk/T+lQuQjeQDqy4k4=
35,59,iglgYXf+FRYgOzqKqxszaDPixjY=,qqfToOaYTPk/T+lQuQjeQDqy4k4=
34,59,iglgYXf+FRYgOzqKqxszaDPixjY=,qqfToOaYTPk/T+lQuQjeQDqy4k4=
47,50,iglgYXf+FRYgOzqKqxszaDPixjY=,qqfToOaYTPk/T+lQuQjeQDqy4k4=
46,48,iglgYXf+FRYgOzqKqxszaDPixjY=,qqfToOaYTPk/T+lQuQjeQDqy4k4=
32,50,iglgYXf+FRYgOzqKqxszaDPixjY=,qqfToOaYTPk/T+lQuQjeQDqy4k4=
38,49,iglgYXf+FRYgOzqKqxszaDPixjY=,qqfToOaYTPk/T+lQuQjeQDqy4k4=
47,49,iglgYXf+FRYgOzqKqxszaDPixjY=,qqfToOaYTPk/T+lQuQjeQDqy4k4=
47,58,iglgYXf+FRYgOzqKqxszaDPixjY=,qqfToOaYTPk/T+lQuQjeQDqy4k4=
45,49,iglgYXf+FRYgOzqKqxszaDPixjY=,qqfToOaYTPk/T+lQuQjeQDqy4k4=
46,58,iglgYXf+FRYgOzqKqxszaDPixjY=,qqfToOaYTPk/T+lQuQjeQDqy4k4=
45,58,iglgYXf+FRYgOzqKqxszaDPixjY=,qqfToOaYTPk/T+lQuQjeQDqy4k4=
44,58,iglgYXf+FRYgOzqKqxszaDPixjY=,qqfToOaYTPk/T+lQuQjeQDqy4k4=
43,58,iglgYXf+FRYgOzqKqxszaDPixjY=,qqfToOaYTPk/T+lQuQjeQDqy4k4=
34,48,iglgYXf+FRYgOzqKqxszaDPixjY=,qqfToOaYTPk/T+lQuQjeQDqy4k4=
41,58,iglgYXf+FRYgOzqKqxszaDPixjY=,qqfToOaYTPk/T+lQuQjeQDqy4k4=
39,58,iglgYXf+FRYgOzqKqxszaDPixjY=,qqfToOaYTPk/T+lQuQjeQDqy4k4=
40,58,iglgYXf+FRYgOzqKqxszaDPixjY=,qqfToOaYTPk/T+lQuQjeQDqy4k4=
38,58,iglgYXf+FRYgOzqKqxszaDPixjY=,qqfToOaYTPk/T+lQuQjeQDqy4k4=
32,59,iglgYXf+FRYgOzqKqxszaDPixjY=,qqfToOaYTPk/T+lQuQjeQDqy4k4=
33,59,iglgYXf+FRYgOzqKqxszaDPixjY=,qqfToOaYTPk/T+lQuQjeQDqy4k4=
37,58,iglgYXf+FRYgOzqKqxszaDPixjY=,qqfToOaYTPk/T+lQuQjeQDqy4k4=
46,50,iglgYXf+FRYgOzqKqxszaDPixjY=,qqfToOaYTPk/T+lQuQjeQDqy4k4=
36,58,iglgYXf+FRYgOzqKqxszaDPixjY=,qqfToOaYTPk/T+lQuQjeQDqy4k4=
35,58,iglgYXf+FRYgOzqKqxszaDPixjY=,qqfToOaYTPk/T+lQuQjeQDqy4k4=
32,58,iglgYXf+FRYgOzqKqxszaDPixjY=,qqfToOaYTPk/T+lQuQjeQDqy4k4=
42,58,iglgYXf+FRYgOzqKqxszaDPixjY=,qqfToOaYTPk/T+lQuQjeQDqy4k4=
45,50,iglgYXf+FRYgOzqKqxszaDPixjY=,qqfToOaYTPk/T+lQuQjeQDqy4k4=
47,57,iglgYXf+FRYgOzqKqxszaDPixjY=,qqfToOaYTPk/T+lQuQjeQDqy4k4=
46,57,iglgYXf+FRYgOzqKqxszaDPixjY=,qqfToOaYTPk/T+lQuQjeQDqy4k4=
45,57,iglgYXf+FRYgOzqKqxszaDPixjY=,qqfToOaYTPk/T+lQuQjeQDqy4k4=
44,57,iglgYXf+FRYgOzqKqxszaDPixjY=,qqfToOaYTPk/T+lQuQjeQDqy4k4=
43,57,iglgYXf+FRYgOzqKqxszaDPixjY=,qqfToOaYTPk/T+lQuQjeQDqy4k4=
42,57,iglgYXf+FRYgOzqKqxszaDPixjY=,qqfToOaYTPk/T+lQuQjeQDqy4k4=
34,58,iglgYXf+FRYgOzqKqxszaDPixjY=,qqfToOaYTPk/T+lQuQjeQDqy4k4=
41,57,iglgYXf+FRYgOzqKqxszaDPixjY=,qqfToOaYTPk/T+lQuQjeQDqy4k4=
39,57,iglgYXf+FRYgOzqKqxszaDPixjY=,qqfToOaYTPk/T+lQuQjeQDqy4k4=
40,57,iglgYXf+FRYgOzqKqxszaDPixjY=,qqfToOaYTPk/T+lQuQjeQDqy4k4=
38,57,iglgYXf+FRYgOzqKqxszaDPixjY=,qqfToOaYTPk/T+lQuQjeQDqy4k4=
37,57,iglgYXf+FRYgOzqKqxszaDPixjY=,qqfToOaYTPk/T+lQuQjeQDqy4k4=
36,57,iglgYXf+FRYgOzqKqxszaDPixjY=,qqfToOaYTPk/T+lQuQjeQDqy4k4=
34,57,iglgYXf+FRYgOzqKqxszaDPixjY=,qqfToOaYTPk/T+lQuQjeQDqy4k4=
38,48,iglgYXf+FRYgOzqKqxszaDPixjY=,qqfToOaYTPk/T+lQuQjeQDqy4k4=
35,57,iglgYXf+FRYgOzqKqxszaDPixjY=,qqfToOaYTPk/T+lQuQjeQDqy4k4=
44,49,iglgYXf+FRYgOzqKqxszaDPixjY=,qqfToOaYTPk/T+lQuQjeQDqy4k4=
44,48,iglgYXf+FRYgOzqKqxszaDPixjY=,qqfToOaYTPk/T+lQuQjeQDqy4k4=
33,57,iglgYXf+FRYgOzqKqxszaDPixjY=,qqfToOaYTPk/T+lQuQjeQDqy4k4=
33,58,iglgYXf+FRYgOzqKqxszaDPixjY=,qqfToOaYTPk/T+lQuQjeQDqy4k4=
44,50,iglgYXf+FRYgOzqKqxszaDPixjY=,qqfToOaYTPk/T+lQuQjeQDqy4k4=
45,56,iglgYXf+FRYgOzqKqxszaDPixjY=,qqfToOaYTPk/T+lQuQjeQDqy4k4=
32,57,iglgYXf+FRYgOzqKqxszaDPixjY=,qqfToOaYTPk/T+lQuQjeQDqy4k4=
44,56,iglgYXf+FRYgOzqKqxszaDPixjY=,qqfToOaYTPk/T+lQuQjeQDqy4k4=
43,56,iglgYXf+FRYgOzqKqxszaDPixjY=,qqfToOaYTPk/T+lQuQjeQDqy4k4=
42,56,iglgYXf+FRYgOzqKqxszaDPixjY=,qqfToOaYTPk/T+lQuQjeQDqy4k4=
41,56,iglgYXf+FRYgOzqKqxszaDPixjY=,qqfToOaYTPk/T+lQuQjeQDqy4k4=
39,50,iglgYXf+FRYgOzqKqxszaDPixjY=,qqfToOaYTPk/T+lQuQjeQDqy4k4=
47,56,iglgYXf+FRYgOzqKqxszaDPixjY=,qqfToOaYTPk/T+lQuQjeQDqy4k4=
39,56,iglgYXf+FRYgOzqKqxszaDPixjY=,qqfToOaYTPk/T+lQuQjeQDqy4k4=
37,56,iglgYXf+FRYgOzqKqxszaDPixjY=,qqfToOaYTPk/T+lQuQjeQDqy4k4=
38,56,iglgYXf+FRYgOzqKqxszaDPixjY=,qqfToOaYTPk/T+lQuQjeQDqy4k4=
46,56,iglgYXf+FRYgOzqKqxszaDPixjY=,qqfToOaYTPk/T+lQuQjeQDqy4k4=
32,52,iglgYXf+FRYgOzqKqxszaDPixjY=,qqfToOaYTPk/T+lQuQjeQDqy4k4=
43,49,iglgYXf+FRYgOzqKqxszaDPixjY=,qqfToOaYTPk/T+lQuQjeQDqy4k4=
36,56,iglgYXf+FRYgOzqKqxszaDPixjY=,qqfToOaYTPk/T+lQuQjeQDqy4k4=
35,56,iglgYXf+FRYgOzqKqxszaDPixjY=,qqfToOaYTPk/T+lQuQjeQDqy4k4=
34,56,iglgYXf+FRYgOzqKqxszaDPixjY=,qqfToOaYTPk/T+lQuQjeQDqy4k4=
43,48,iglgYXf+FRYgOzqKqxszaDPixjY=,qqfToOaYTPk/T+lQuQjeQDqy4k4=
45,48,iglgYXf+FRYgOzqKqxszaDPixjY=,qqfToOaYTPk/T+lQuQjeQDqy4k4=
33,52,iglgYXf+FRYgOzqKqxszaDPixjY=,qqfToOaYTPk/T+lQuQjeQDqy4k4=
43,50,iglgYXf+FRYgOzqKqxszaDPixjY=,qqfToOaYTPk/T+lQuQjeQDqy4k4=
40,56,iglgYXf+FRYgOzqKqxszaDPixjY=,qqfToOaYTPk/T+lQuQjeQDqy4k4=
42,49,iglgYXf+FRYgOzqKqxszaDPixjY=,qqfToOaYTPk/T+lQuQjeQDqy4k4=
33,56,iglgYXf+FRYgOzqKqxszaDPixjY=,qqfToOaYTPk/T+lQuQjeQDqy4k4=
42,48,iglgYXf+FRYgOzqKqxszaDPixjY=,qqfToOaYTPk/T+lQuQjeQDqy4k4=
46,55,iglgYXf+FRYgOzqKqxszaDPixjY=,qqfToOaYTPk/T+lQuQjeQDqy4k4=
34,52,iglgYXf+FRYgOzqKqxszaDPixjY=,qqfToOaYTPk/T+lQuQjeQDqy4k4=
47,55,iglgYXf+FRYgOzqKqxszaDPixjY=,qqfToOaYTPk/T+lQuQjeQDqy4k4=
42,55,iglgYXf+FRYgOzqKqxszaDPixjY=,qqfToOaYTPk/T+lQuQjeQDqy4k4=
43,55,iglgYXf+FRYgOzqKqxszaDPixjY=,qqfToOaYTPk/T+lQuQjeQDqy4k4=
39,55,iglgYXf+FRYgOzqKqxszaDPixjY=,qqfToOaYTPk/T+lQuQjeQDqy4k4=
38,55,iglgYXf+FRYgOzqKqxszaDPixjY=,qqfToOaYTPk/T+lQuQjeQDqy4k4=
37,55,iglgYXf+FRYgOzqKqxszaDPixjY=,qqfToOaYTPk/T+lQuQjeQDqy4k4=
35,55,iglgYXf+FRYgOzqKqxszaDPixjY=,qqfToOaYTPk/T+lQuQjeQDqy4k4=
36,55,iglgYXf+FRYgOzqKqxszaDPixjY=,qqfToOaYTPk/T+lQuQjeQDqy4k4=
41,55,iglgYXf+FRYgOzqKqxszaDPixjY=,qqfToOaYTPk/T+lQuQjeQDqy4k4=
34,55,iglgYXf+FRYgOzqKqxszaDPixjY=,qqfToOaYTPk/T+lQuQjeQDqy4k4=
45,55,iglgYXf+FRYgOzqKqxszaDPixjY=,qqfToOaYTPk/T+lQuQjeQDqy4k4=
40,55,iglgYXf+FRYgOzqKqxszaDPixjY=,qqfToOaYTPk/T+lQuQjeQDqy4k4=
33,55,iglgYXf+FRYgOzqKqxszaDPixjY=,qqfToOaYTPk/T+lQuQjeQDqy4k4=
35,52,iglgYXf+FRYgOzqKqxszaDPixjY=,qqfToOaYTPk/T+lQuQjeQDqy4k4=
36,52,iglgYXf+FRYgOzqKqxszaDPixjY=,qqfToOaYTPk/T+lQuQjeQDqy4k4=
37,52,iglgYXf+FRYgOzqKqxszaDPixjY=,qqfToOaYTPk/T+lQuQjeQDqy4k4=
32,55,iglgYXf+FRYgOzqKqxszaDPixjY=,qqfToOaYTPk/T+lQuQjeQDqy4k4=
47,54,iglgYXf+FRYgOzqKqxszaDPixjY=,qqfToOaYTPk/T+lQuQjeQDqy4k4=
46,54,iglgYXf+FRYgOzqKqxszaDPixjY=,qqfToOaYTPk/T+lQuQjeQDqy4k4=
44,55,iglgYXf+FRYgOzqKqxszaDPixjY=,qqfToOaYTPk/T+lQuQjeQDqy4k4=
44,54,iglgYXf+FRYgOzqKqxszaDPixjY=,qqfToOaYTPk/T+lQuQjeQDqy4k4=
32,56,iglgYXf+FRYgOzqKqxszaDPixjY=,qqfToOaYTPk/T+lQuQjeQDqy4k4=
38,52,iglgYXf+FRYgOzqKqxszaDPixjY=,qqfToOaYTPk/T+lQuQjeQDqy4k4=
42,50,iglgYXf+FRYgOzqKqxszaDPixjY=,qqfToOaYTPk/T+lQuQjeQDqy4k4=
45,54,iglgYXf+FRYgOzqKqxszaDPixjY=,qqfToOaYTPk/T+lQuQjeQDqy4k4=
39,54,iglgYXf+FRYgOzqKqxszaDPixjY=,qqfToOaYTPk/T+lQuQjeQDqy4k4=
38,54,iglgYXf+FRYgOzqKqxszaDPixjY=,qqfToOaYTPk/T+lQuQjeQDqy4k4=
37,54,iglgYXf+FRYgOzqKqxszaDPixjY=,qqfToOaYTPk/T+lQuQjeQDqy4k4=
36,54,iglgYXf+FRYgOzqKqxszaDPixjY=,qqfToOaYTPk/T+lQuQjeQDqy4k4=
35,54,iglgYXf+FRYgOzqKqxszaDPixjY=,qqfToOaYTPk/T+lQuQjeQDqy4k4=
34,54,iglgYXf+FRYgOzqKqxszaDPixjY=,qqfToOaYTPk/T+lQuQjeQDqy4k4=
33,54,iglgYXf+FRYgOzqKqxszaDPixjY=,qqfToOaYTPk/T+lQuQjeQDqy4k4=
41,54,iglgYXf+FRYgOzqKqxszaDPixjY=,qqfToOaYTPk/T+lQuQjeQDqy4k4=
43,54,iglgYXf+FRYgOzqKqxszaDPixjY=,qqfToOaYTPk/T+lQuQjeQDqy4k4=
39,52,iglgYXf+FRYgOzqKqxszaDPixjY=,qqfToOaYTPk/T+lQuQjeQDqy4k4=
40,52,iglgYXf+FRYgOzqKqxszaDPixjY=,qqfToOaYTPk/T+lQuQjeQDqy4k4=
40,54,iglgYXf+FRYgOzqKqxszaDPixjY=,qqfToOaYTPk/T+lQuQjeQDqy4k4=
41,49,iglgYXf+FRYgOzqKqxszaDPixjY=,qqfToOaYTPk/T+lQuQjeQDqy4k4=
41,52,iglgYXf+FRYgOzqKqxszaDPixjY=,qqfToOaYTPk/T+lQuQjeQDqy4k4=
47,53,iglgYXf+FRYgOzqKqxszaDPixjY=,qqfToOaYTPk/T+lQuQjeQDqy4k4=
46,53,iglgYXf+FRYgOzqKqxszaDPixjY=,qqfToOaYTPk/T+lQuQjeQDqy4k4=
40,48,iglgYXf+FRYgOzqKqxszaDPixjY=,qqfToOaYTPk/T+lQuQjeQDqy4k4=
41,48,iglgYXf+FRYgOzqKqxszaDPixjY=,qqfToOaYTPk/T+lQuQjeQDqy4k4=
44,53,iglgYXf+FRYgOzqKqxszaDPixjY=,qqfToOaYTPk/T+lQuQjeQDqy4k4=
42,54,iglgYXf+FRYgOzqKqxszaDPixjY=,qqfToOaYTPk/T+lQuQjeQDqy4k4=
41,50,iglgYXf+FRYgOzqKqxszaDPixjY=,qqfToOaYTPk/T+lQuQjeQDqy4k4=
42,52,iglgYXf+FRYgOzqKqxszaDPixjY=,qqfToOaYTPk/T+lQuQjeQDqy4k4=
43,53,iglgYXf+FRYgOzqKqxszaDPixjY=,qqfToOaYTPk/T+lQuQjeQDqy4k4=
39,53,iglgYXf+FRYgOzqKqxszaDPixjY=,qqfToOaYTPk/T+lQuQjeQDqy4k4=
40,49,iglgYXf+FRYgOzqKqxszaDPixjY=,qqfToOaYTPk/T+lQuQjeQDqy4k4=
37,53,iglgYXf+FRYgOzqKqxszaDPixjY=,qqfToOaYTPk/T+lQuQjeQDqy4k4=
36,53,iglgYXf+FRYgOzqKqxszaDPixjY=,qqfToOaYTPk/T+lQuQjeQDqy4k4=
35,53,iglgYXf+FRYgOzqKqxszaDPixjY=,qqfToOaYTPk/T+lQuQjeQDqy4k4=
34,53,iglgYXf+FRYgOzqKqxszaDPixjY=,qqfToOaYTPk/T+lQuQjeQDqy4k4=
43,52,iglgYXf+FRYgOzqKqxszaDPixjY=,qqfToOaYTPk/T+lQuQjeQDqy4k4=
44,52,iglgYXf+FRYgOzqKqxszaDPixjY=,qqfToOaYTPk/T+lQuQjeQDqy4k4=
32,54,iglgYXf+FRYgOzqKqxszaDPixjY=,qqfToOaYTPk/T+lQuQjeQDqy4k4=
45,52,iglgYXf+FRYgOzqKqxszaDPixjY=,qqfToOaYTPk/T+lQuQjeQDqy4k4=
46,52,iglgYXf+FRYgOzqKqxszaDPixjY=,qqfToOaYTPk/T+lQuQjeQDqy4k4=
38,53,iglgYXf+FRYgOzqKqxszaDPixjY=,qqfToOaYTPk/T+lQuQjeQDqy4k4=
47,52,iglgYXf+FRYgOzqKqxszaDPixjY=,qqfToOaYTPk/T+lQuQjeQDqy4k4=
40,53,iglgYXf+FRYgOzqKqxszaDPixjY=,qqfToOaYTPk/T+lQuQjeQDqy4k4=
45,53,iglgYXf+FRYgOzqKqxszaDPixjY=,qqfToOaYTPk/T+lQuQjeQDqy4k4=
33,53,iglgYXf+FRYgOzqKqxszaDPixjY=,qqfToOaYTPk/T+lQuQjeQDqy4k4=
39,49,iglgYXf+FRYgOzqKqxszaDPixjY=,qqfToOaYTPk/T+lQuQjeQDqy4k4=
32,53,iglgYXf+FRYgOzqKqxszaDPixjY=,qqfToOaYTPk/T+lQuQjeQDqy4k4=
40,50,iglgYXf+FRYgOzqKqxszaDPixjY=,qqfToOaYTPk/T+lQuQjeQDqy4k4=
39,48,iglgYXf+FRYgOzqKqxszaDPixjY=,qqfToOaYTPk/T+lQuQjeQDqy4k4=
42,53,iglgYXf+FRYgOzqKqxszaDPixjY=,qqfToOaYTPk/T+lQuQjeQDqy4k4=
41,53,iglgYXf+FRYgOzqKqxszaDPixjY=,qqfToOaYTPk/T+lQuQjeQDqy4k4=
55,51,htfLoj8IidZjU9TDX5DcuIKhK3w=,uLHLw+H4NgeUpDwENSY99gQhGIE=
53,48,htfLoj8IidZjU9TDX5DcuIKhK3w=,uLHLw+H4NgeUpDwENSY99gQhGIE=
54,51,htfLoj8IidZjU9TDX5DcuIKhK3w=,uLHLw+H4NgeUpDwENSY99gQhGIE=
54,50,htfLoj8IidZjU9TDX5DcuIKhK3w=,uLHLw+H4NgeUpDwENSY99gQhGIE=
53,50,htfLoj8IidZjU9TDX5DcuIKhK3w=,uLHLw+H4NgeUpDwENSY99gQhGIE=
53,51,htfLoj8IidZjU9TDX5DcuIKhK3w=,uLHLw+H4NgeUpDwENSY99gQhGIE=
52,51,htfLoj8IidZjU9TDX5DcuIKhK3w=,uLHLw+H4NgeUpDwENSY99gQhGIE=
51,51,htfLoj8IidZjU9TDX5DcuIKhK3w=,uLHLw+H4NgeUpDwENSY99gQhGIE=
52,49,htfLoj8IidZjU9TDX5DcuIKhK3w=,uLHLw+H4NgeUpDwENSY99gQhGIE=
53,49,htfLoj8IidZjU9TDX5DcuIKhK3w=,uLHLw+H4NgeUpDwENSY99gQhGIE=
50,51,htfLoj8IidZjU9TDX5DcuIKhK3w=,uLHLw+H4NgeUpDwENSY99gQhGIE=
52,50,htfLoj8IidZjU9TDX5DcuIKhK3w=,uLHLw+H4NgeUpDwENSY99gQhGIE=
62,63,htfLoj8IidZjU9TDX5DcuIKhK3w=,uLHLw+H4NgeUpDwENSY99gQhGIE=
59,63,htfLoj8IidZjU9TDX5DcuIKhK3w=,uLHLw+H4NgeUpDwENSY99gQhGIE=
58,63,htfLoj8IidZjU9TDX5DcuIKhK3w=,uLHLw+H4NgeUpDwENSY99gQhGIE=
57,63,htfLoj8IidZjU9TDX5DcuIKhK3w=,uLHLw+H4NgeUpDwENSY99gQhGIE=
56,63,RChvLzlue0L2/gPArI4en3PyT6w=,uLHLw+H4NgeUpDwENSY99gQhGIE=
55,63,RChvLzlue0L2/gPArI4en3PyT6w=,uLHLw+H4NgeUpDwENSY99gQhGIE=
53,63,RChvLzlue0L2/gPArI4en3PyT6w=,uLHLw+H4NgeUpDwENSY99gQhGIE=
54,63,RChvLzlue0L2/gPArI4en3PyT6w=,uLHLw+H4NgeUpDwENSY99gQhGIE=
51,63,RChvLzlue0L2/gPArI4en3PyT6w=,uLHLw+H4NgeUpDwENSY99gQhGIE=
50,63,RChvLzlue0L2/gPArI4en3PyT6w=,uLHLw+H4NgeUpDwENSY99gQhGIE=
52,63,RChvLzlue0L2/gPArI4en3PyT6w=,uLHLw+H4NgeUpDwENSY99gQhGIE=
49,63,RChvLzlue0L2/gPArI4en3PyT6w=,uLHLw+H4NgeUpDwENSY99gQhGIE=
52,48,RChvLzlue0L2/gPArI4en3PyT6w=,uLHLw+H4NgeUpDwENSY99gQhGIE=
51,50,RChvLzlue0L2/gPArI4en3PyT6w=,uLHLw+H4NgeUpDwENSY99gQhGIE=
48,63,RChvLzlue0L2/gPArI4en3PyT6w=,uLHLw+H4NgeUpDwENSY99gQhGIE=
62,62,RChvLzlue0L2/gPArI4en3PyT6w=,uLHLw+H4NgeUpDwENSY99gQhGIE=
63,62,RChvLzlue0L2/gPArI4en3PyT6w=,uLHLw+H4NgeUpDwENSY99gQhGIE=
63,63,RChvLzlue0L2/gPArI4en3PyT6w=,uLHLw+H4NgeUpDwENSY99gQhGIE=
48,48,RChvLzlue0L2/gPArI4en3PyT6w=,uLHLw+H4NgeUpDwENSY99gQhGIE=
61,62,RChvLzlue0L2/gPArI4en3PyT6w=,uLHLw+H4NgeUpDwENSY99gQhGIE=
49,51,RChvLzlue0L2/gPArI4en3PyT6w=,uLHLw+H4NgeUpDwENSY99gQhGIE=
51,48,RChvLzlue0L2/gPArI4en3PyT6w=,uLHLw+H4NgeUpDwENSY99gQhGIE=
49,48,RChvLzlue0L2/gPArI4en3PyT6w=,uLHLw+H4NgeUpDwENSY99gQhGIE=
56,62,RChvLzlue0L2/gPArI4en3PyT6w=,uLHLw+H4NgeUpDwENSY99gQhGIE=
54,62,RChvLzlue0L2/gPArI4en3PyT6w=,uLHLw+H4NgeUpDwENSY99gQhGIE=
55,62,RChvLzlue0L2/gPArI4en3PyT6w=,uLHLw+H4NgeUpDwENSY99gQhGIE=
53,62,RChvLzlue0L2/gPArI4en3PyT6w=,uLHLw+H4NgeUpDwENSY99gQhGIE=
52,62,RChvLzlue0L2/gPArI4en3PyT6w=,uLHLw+H4NgeUpDwENSY99gQhGIE=
51,62,RChvLzlue0L2/gPArI4en3PyT6w=,uLHLw+H4NgeUpDwENSY99gQhGIE=
50,62,RChvLzlue0L2/gPArI4en3PyT6w=,uLHLw+H4NgeUpDwENSY99gQhGIE=
49,62,RChvLzlue0L2/gPArI4en3PyT6w=,uLHLw+H4NgeUpDwENSY99gQhGIE=
51,49,RChvLzlue0L2/gPArI4en3PyT6w=,uLHLw+H4NgeUpDwENSY99gQhGIE=
50,50,RChvLzlue0L2/gPArI4en3PyT6w=,uLHLw+H4NgeUpDwENSY99gQhGIE=
48,62,RChvLzlue0L2/gPArI4en3PyT6w=,uLHLw+H4NgeUpDwENSY99gQhGIE=
63,61,RChvLzlue0L2/gPArI4en3PyT6w=,uLHLw+H4NgeUpDwENSY99gQhGIE=
62,61,RChvLzlue0L2/gPArI4en3PyT6w=,uLHLw+H4NgeUpDwENSY99gQhGIE=
59,62,RChvLzlue0L2/gPArI4en3PyT6w=,uLHLw+H4NgeUpDwENSY99gQhGIE=
58,62,RChvLzlue0L2/gPArI4en3PyT6w=,uLHLw+H4NgeUpDwENSY99gQhGIE=
57,62,RChvLzlue0L2/gPArI4en3PyT6w=,uLHLw+H4NgeUpDwENSY99gQhGIE=
60,63,RChvLzlue0L2/gPArI4en3PyT6w=,uLHLw+H4NgeUpDwENSY99gQhGIE=
56,61,RChvLzlue0L2/gPArI4en3PyT6w=,uLHLw+H4NgeUpDwENSY99gQhGIE=
60,62,RChvLzlue0L2/gPArI4en3PyT6w=,uLHLw+H4NgeUpDwENSY99gQhGIE=
55,61,RChvLzlue0L2/gPArI4en3PyT6w=,uLHLw+H4NgeUpDwENSY99gQhGIE=
54,61,RChvLzlue0L2/gPArI4en3PyT6w=,uLHLw+H4NgeUpDwENSY99gQhGIE=
53,61,RChvLzlue0L2/gPArI4en3PyT6w=,uLHLw+H4NgeUpDwENSY99gQhGIE=
52,61,RChvLzlue0L2/gPArI4en3PyT6w=,uLHLw+H4NgeUpDwENSY99gQhGIE=
51,61,RChvLzlue0L2/gPArI4en3PyT6w=,uLHLw+H4NgeUpDwENSY99gQhGIE=
50,61,RChvLzlue0L2/gPArI4en3PyT6w=,uLHLw+H4NgeUpDwENSY99gQhGIE=
50,49,RChvLzlue0L2/gPArI4en3PyT6w=,uLHLw+H4NgeUpDwENSY99gQhGIE=
49,61,RChvLzlue0L2/gPArI4en3PyT6w=,uLHLw+H4NgeUpDwENSY99gQhGIE=
49,50,RChvLzlue0L2/gPArI4en3PyT6w=,uLHLw+H4NgeUpDwENSY99gQhGIE=
48,61,RChvLzlue0L2/gPArI4en3PyT6w=,uLHLw+H4NgeUpDwENSY99gQhGIE=
62,60,RChvLzlue0L2/gPArI4en3PyT6w=,uLHLw+H4NgeUpDwENSY99gQhGIE=
63,60,RChvLzlue0L2/gPArI4en3PyT6w=,uLHLw+H4NgeUpDwENSY99gQhGIE=
61,60,RChvLzlue0L2/gPArI4en3PyT6w=,uLHLw+H4NgeUpDwENSY99gQhGIE=
61,63,RChvLzlue0L2/gPArI4en3PyT6w=,uLHLw+H4NgeUpDwENSY99gQhGIE=
59,60,RChvLzlue0L2/gPArI4en3PyT6w=,uLHLw+H4NgeUpDwENSY99gQhGIE=
60,61,RChvLzlue0L2/gPArI4en3PyT6w=,uLHLw+H4NgeUpDwENSY99gQhGIE=
61,61,RChvLzlue0L2/gPArI4en3PyT6w=,uLHLw+H4NgeUpDwENSY99gQhGIE=
60,60,RChvLzlue0L2/gPArI4en3PyT6w=,uLHLw+H4NgeUpDwENSY99gQhGIE=
55,60,RChvLzlue0L2/gPArI4en3PyT6w=,uLHLw+H4NgeUpDwENSY99gQhGIE=
54,60,RChvLzlue0L2/gPArI4en3PyT6w=,uLHLw+H4NgeUpDwENSY99gQhGIE=
53,60,RChvLzlue0L2/gPArI4en3PyT6w=,uLHLw+H4NgeUpDwENSY99gQhGIE=
52,60,RChvLzlue0L2/gPArI4en3PyT6w=,uLHLw+H4NgeUpDwENSY99gQhGIE=
51,60,RChvLzlue0L2/gPArI4en3PyT6w=,uLHLw+H4NgeUpDwENSY99gQhGIE=
50,60,RChvLzlue0L2/gPArI4en3PyT6w=,uLHLw+H4NgeUpDwENSY99gQhGIE=
49,60,RChvLzlue0L2/gPArI4en3PyT6w=,uLHLw+H4NgeUpDwENSY99gQhGIE=
49,49,RChvLzlue0L2/gPArI4en3PyT6w=,uLHLw+H4NgeUpDwENSY99gQhGIE=
48,60,RChvLzlue0L2/gPArI4en3PyT6w=,uLHLw+H4NgeUpDwENSY99gQhGIE=
58,60,RChvLzlue0L2/gPArI4en3PyT6w=,uLHLw+H4NgeUpDwENSY99gQhGIE=
59,61,RChvLzlue0L2/gPArI4en3PyT6w=,uLHLw+H4NgeUpDwENSY99gQhGIE=
63,48,RChvLzlue0L2/gPArI4en3PyT6w=,uLHLw+H4NgeUpDwENSY99gQhGIE=
57,61,RChvLzlue0L2/gPArI4en3PyT6w=,uLHLw+H4NgeUpDwENSY99gQhGIE=
50,48,RChvLzlue0L2/gPArI4en3PyT6w=,uLHLw+H4NgeUpDwENSY99gQhGIE=
62,48,RChvLzlue0L2/gPArI4en3PyT6w=,uLHLw+H4NgeUpDwENSY99gQhGIE=
63,50,RChvLzlue0L2/gPArI4en3PyT6w=,uLHLw+H4NgeUpDwENSY99gQhGIE=
63,49,RChvLzlue0L2/gPArI4en3PyT6w=,uLHLw+H4NgeUpDwENSY99gQhGIE=
62,49,RChvLzlue0L2/gPArI4en3PyT6w=,uLHLw+H4NgeUpDwENSY99gQhGIE=
63,59,RChvLzlue0L2/gPArI4en3PyT6w=,uLHLw+H4NgeUpDwENSY99gQhGIE=
62,59,RChvLzlue0L2/gPArI4en3PyT6w=,uLHLw+H4NgeUpDwENSY99gQhGIE=
61,59,RChvLzlue0L2/gPArI4en3PyT6w=,uLHLw+H4NgeUpDwENSY99gQhGIE=
60,59,RChvLzlue0L2/gPArI4en3PyT6w=,uLHLw+H4NgeUpDwENSY99gQhGIE=
48,49,RChvLzlue0L2/gPArI4en3PyT6w=,uLHLw+H4NgeUpDwENSY99gQhGIE=
58,59,RChvLzlue0L2/gPArI4en3PyT6w=,uLHLw+H4NgeUpDwENSY99gQhGIE=
48,50,RChvLzlue0L2/gPArI4en3PyT6w=,uLHLw+H4NgeUpDwENSY99gQhGIE=
59,59,RChvLzlue0L2/gPArI4en3PyT6w=,uLHLw+H4NgeUpDwENSY99gQhGIE=
57,59,RChvLzlue0L2/gPArI4en3PyT6w=,uLHLw+H4NgeUpDwENSY99gQhGIE=
58,61,RChvLzlue0L2/gPArI4en3PyT6w=,uLHLw+H4NgeUpDwENSY99gQhGIE=
48,51,RChvLzlue0L2/gPArI4en3PyT6w=,uLHLw+H4NgeUpDwENSY99gQhGIE=
52,59,RChvLzlue0L2/gPArI4en3PyT6w=,uLHLw+H4NgeUpDwENSY99gQhGIE=
56,60,RChvLzlue0L2/gPArI4en3PyT6w=,uLHLw+H4NgeUpDwENSY99gQhGIE=
50,59,RChvLzlue0L2/gPArI4en3PyT6w=,uLHLw+H4NgeUpDwENSY99gQhGIE=
49,59,RChvLzlue0L2/gPArI4en3PyT6w=,uLHLw+H4NgeUpDwENSY99gQhGIE=
61,48,RChvLzlue0L2/gPArI4en3PyT6w=,uLHLw+H4NgeUpDwENSY99gQhGIE=
48,59,RChvLzlue0L2/gPArI4en3PyT6w=,uLHLw+H4NgeUpDwENSY99gQhGIE=
62,50,RChvLzlue0L2/gPArI4en3PyT6w=,uLHLw+H4NgeUpDwENSY99gQhGIE=
63,58,RChvLzlue0L2/gPArI4en3PyT6w=,uLHLw+H4NgeUpDwENSY99gQhGIE=
61,49,RChvLzlue0L2/gPArI4en3PyT6w=,uLHLw+H4NgeUpDwENSY99gQhGIE=
62,58,RChvLzlue0L2/gPArI4en3PyT6w=,uLHLw+H4NgeUpDwENSY99gQhGIE=
61,58,RChvLzlue0L2/gPArI4en3PyT6w=,uLHLw+H4NgeUpDwENSY99gQhGIE=
60,58,RChvLzlue0L2/gPArI4en3PyT6w=,uLHLw+H4NgeUpDwENSY99gQhGIE=
59,58,RChvLzlue0L2/gPArI4en3PyT6w=,uLHLw+H4NgeUpDwENSY99gQhGIE=
58,58,RChvLzlue0L2/gPArI4en3PyT6w=,uLHLw+H4NgeUpDwENSY99gQhGIE=
51,59,RChvLzlue0L2/gPArI4en3PyT6w=,uLHLw+H4NgeUpDwENSY99gQhGIE=
53,59,RChvLzlue0L2/gPArI4en3PyT6w=,uLHLw+H4NgeUpDwENSY99gQhGIE=
57,58,RChvLzlue0L2/gPArI4en3PyT6w=,uLHLw+H4NgeUpDwENSY99gQhGIE=
54,59,RChvLzlue0L2/gPArI4en3PyT6w=,uLHLw+H4NgeUpDwENSY99gQhGIE=
56,59,RChvLzlue0L2/gPArI4en3PyT6w=,uLHLw+H4NgeUpDwENSY99gQhGIE=
51,58,RChvLzlue0L2/gPArI4en3PyT6w=,uLHLw+H4NgeUpDwENSY99gQhGIE=
56,58,RChvLzlue0L2/gPArI4en3PyT6w=,uLHLw+H4NgeUpDwENSY99gQhGIE=
50,58,RChvLzlue0L2/gPArI4en3PyT6w=,uLHLw+H4NgeUpDwENSY99gQhGIE=
49,58,RChvLzlue0L2/gPArI4en3PyT6w=,uLHLw+H4NgeUpDwENSY99gQhGIE=
48,58,RChvLzlue0L2/gPArI4en3PyT6w=,uLHLw+H4NgeUpDwENSY99gQhGIE=
60,48,RChvLzlue0L2/gPArI4en3PyT6w=,uLHLw+H4NgeUpDwENSY99gQhGIE=
61,50,RChvLzlue0L2/gPArI4en3PyT6w=,uLHLw+H4NgeUpDwENSY99gQhGIE=
63,57,RChvLzlue0L2/gPArI4en3PyT6w=,uLHLw+H4NgeUpDwENSY99gQhGIE=
60,49,RChvLzlue0L2/gPArI4en3PyT6w=,uLHLw+H4NgeUpDwENSY99gQhGIE=
62,57,RChvLzlue0L2/gPArI4en3PyT6w=,uLHLw+H4NgeUpDwENSY99gQhGIE=
61,57,RChvLzlue0L2/gPArI4en3PyT6w=,uLHLw+H4NgeUpDwENSY99gQhGIE=
60,57,RChvLzlue0L2/gPArI4en3PyT6w=,uLHLw+H4NgeUpDwENSY99gQhGIE=
59,57,RChvLzlue0L2/gPArI4en3PyT6w=,uLHLw+H4NgeUpDwENSY99gQhGIE=
58,57,RChvLzlue0L2/gPArI4en3PyT6w=,uLHLw+H4NgeUpDwENSY99gQhGIE=
57,57,RChvLzlue0L2/gPArI4en3PyT6w=,uLHLw+H4NgeUpDwENSY99gQhGIE=
56,57,RChvLzlue0L2/gPArI4en3PyT6w=,uLHLw+H4NgeUpDwENSY99gQhGIE=
55,57,RChvLzlue0L2/gPArI4en3PyT6w=,uLHLw+H4NgeUpDwENSY99gQhGIE=
57,60,RChvLzlue0L2/gPArI4en3PyT6w=,uLHLw+H4NgeUpDwENSY99gQhGIE=
54,58,RChvLzlue0L2/gPArI4en3PyT6w=,uLHLw+H4NgeUpDwENSY99gQhGIE=
54,57,RChvLzlue0L2/gPArI4en3PyT6w=,uLHLw+H4NgeUpDwENSY99gQhGIE=
55,58,RChvLzlue0L2/gPArI4en3PyT6w=,uLHLw+H4NgeUpDwENSY99gQhGIE=
52,58,RChvLzlue0L2/gPArI4en3PyT6w=,uLHLw+H4NgeUpDwENSY99gQhGIE=
49,57,RChvLzlue0L2/gPArI4en3PyT6w=,uLHLw+H4NgeUpDwENSY99gQhGIE=
48,57,RChvLzlue0L2/gPArI4en3PyT6w=,uLHLw+H4NgeUpDwENSY99gQhGIE=
60,50,RChvLzlue0L2/gPArI4en3PyT6w=,uLHLw+H4NgeUpDwENSY99gQhGIE=
59,48,RChvLzlue0L2/gPArI4en3PyT6w=,uLHLw+H4NgeUpDwENSY99gQhGIE=
63,56,RChvLzlue0L2/gPArI4en3PyT6w=,uLHLw+H4NgeUpDwENSY99gQhGIE=
59,49,RChvLzlue0L2/gPArI4en3PyT6w=,uLHLw+H4NgeUpDwENSY99gQhGIE=
62,56,RChvLzlue0L2/gPArI4en3PyT6w=,uLHLw+H4NgeUpDwENSY99gQhGIE=
61,56,RChvLzlue0L2/gPArI4en3PyT6w=,uLHLw+H4NgeUpDwENSY99gQhGIE=
60,56,RChvLzlue0L2/gPArI4en3PyT6w=,uLHLw+H4NgeUpDwENSY99gQhGIE=
59,56,RChvLzlue0L2/gPArI4en3PyT6w=,uLHLw+H4NgeUpDwENSY99gQhGIE=
58,56,RChvLzlue0L2/gPArI4en3PyT6w=,uLHLw+H4NgeUpDwENSY99gQhGIE=
57,56,RChvLzlue0L2/gPArI4en3PyT6w=,uLHLw+H4NgeUpDwENSY99gQhGIE=
56,56,RChvLzlue0L2/gPArI4en3PyT6w=,uLHLw+H4NgeUpDwENSY99gQhGIE=
55,56,RChvLzlue0L2/gPArI4en3PyT6w=,uLHLw+H4NgeUpDwENSY99gQhGIE=
53,57,RChvLzlue0L2/gPArI4en3PyT6w=,uLHLw+H4NgeUpDwENSY99gQhGIE=
53,56,RChvLzlue0L2/gPArI4en3PyT6w=,uLHLw+H4NgeUpDwENSY99gQhGIE=
52,56,RChvLzlue0L2/gPArI4en3PyT6w=,uLHLw+H4NgeUpDwENSY99gQhGIE=
50,57,RChvLzlue0L2/gPArI4en3PyT6w=,uLHLw+H4NgeUpDwENSY99gQhGIE=
51,57,RChvLzlue0L2/gPArI4en3PyT6w=,uLHLw+H4NgeUpDwENSY99gQhGIE=
52,57,RChvLzlue0L2/gPArI4en3PyT6w=,uLHLw+H4NgeUpDwENSY99gQhGIE=
54,56,RChvLzlue0L2/gPArI4en3PyT6w=,uLHLw+H4NgeUpDwENSY99gQhGIE=
58,48,RChvLzlue0L2/gPArI4en3PyT6w=,uLHLw+H4NgeUpDwENSY99gQhGIE=
59,50,RChvLzlue0L2/gPArI4en3PyT6w=,uLHLw+H4NgeUpDwENSY99gQhGIE=
63,55,RChvLzlue0L2/gPArI4en3PyT6w=,uLHLw+H4NgeUpDwENSY99gQhGIE=
62,55,RChvLzlue0L2/gPArI4en3PyT6w=,uLHLw+H4NgeUpDwENSY99gQhGIE=
58,49,RChvLzlue0L2/gPArI4en3PyT6w=,uLHLw+H4NgeUpDwENSY99gQhGIE=
61,55,RChvLzlue0L2/gPArI4en3PyT6w=,uLHLw+H4NgeUpDwENSY99gQhGIE=
60,55,RChvLzlue0L2/gPArI4en3PyT6w=,uLHLw+H4NgeUpDwENSY99gQhGIE=
59,55,RChvLzlue0L2/gPArI4en3PyT6w=,uLHLw+H4NgeUpDwENSY99gQhGIE=
57,55,RChvLzlue0L2/gPArI4en3PyT6w=,uLHLw+H4NgeUpDwENSY99gQhGIE=
58,55,RChvLzlue0L2/gPArI4en3PyT6w=,uLHLw+H4NgeUpDwENSY99gQhGIE=
56,55,RChvLzlue0L2/gPArI4en3PyT6w=,uLHLw+H4NgeUpDwENSY99gQhGIE=
55,55,RChvLzlue0L2/gPArI4en3PyT6w=,uLHLw+H4NgeUpDwENSY99gQhGIE=
54,55,RChvLzlue0L2/gPArI4en3PyT6w=,uLHLw+H4NgeUpDwENSY99gQhGIE=
53,55,RChvLzlue0L2/gPArI4en3PyT6w=,uLHLw+H4NgeUpDwENSY99gQhGIE=
52,55,RChvLzlue0L2/gPArI4en3PyT6w=,uLHLw+H4NgeUpDwENSY99gQhGIE=
51,55,RChvLzlue0L2/gPArI4en3PyT6w=,uLHLw+H4NgeUpDwENSY99gQhGIE=
50,55,RChvLzlue0L2/gPArI4en3PyT6w=,uLHLw+H4NgeUpDwENSY99gQhGIE=
49,55,RChvLzlue0L2/gPArI4en3PyT6w=,uLHLw+H4NgeUpDwENSY99gQhGIE=
55,59,RChvLzlue0L2/gPArI4en3PyT6w=,uLHLw+H4NgeUpDwENSY99gQhGIE=
57,48,RChvLzlue0L2/gPArI4en3PyT6w=,uLHLw+H4NgeUpDwENSY99gQhGIE=
58,50,RChvLzlue0L2/gPArI4en3PyT6w=,uLHLw+H4NgeUpDwENSY99gQhGIE=
63,54,RChvLzlue0L2/gPArI4en3PyT6w=,uLHLw+H4NgeUpDwENSY99gQhGIE=
57,49,RChvLzlue0L2/gPArI4en3PyT6w=,uLHLw+H4NgeUpDwENSY99gQhGIE=
62,54,RChvLzlue0L2/gPArI4en3PyT6w=,uLHLw+H4NgeUpDwENSY99gQhGIE=
61,54,RChvLzlue0L2/gPArI4en3PyT6w=,uLHLw+H4NgeUpDwENSY99gQhGIE=
60,54,RChvLzlue0L2/gPArI4en3PyT6w=,uLHLw+H4NgeUpDwENSY99gQhGIE=
59,54,RChvLzlue0L2/gPArI4en3PyT6w=,uLHLw+H4NgeUpDwENSY99gQhGIE=
58,54,RChvLzlue0L2/gPArI4en3PyT6w=,uLHLw+H4NgeUpDwENSY99gQhGIE=
57,54,RChvLzlue0L2/gPArI4en3PyT6w=,uLHLw+H4NgeUpDwENSY99gQhGIE=
56,54,RChvLzlue0L2/gPArI4en3PyT6w=,uLHLw+H4NgeUpDwENSY99gQhGIE=
55,54,RChvLzlue0L2/gPArI4en3PyT6w=,uLHLw+H4NgeUpDwENSY99gQhGIE=
54,54,RChvLzlue0L2/gPArI4en3PyT6w=,uLHLw+H4NgeUpDwENSY99gQhGIE=
53,54,RChvLzlue0L2/gPArI4en3PyT6w=,uLHLw+H4NgeUpDwENSY99gQhGIE=
52,54,RChvLzlue0L2/gPArI4en3PyT6w=,uLHLw+H4NgeUpDwENSY99gQhGIE=
51,54,RChvLzlue0L2/gPArI4en3PyT6w=,uLHLw+H4NgeUpDwENSY99gQhGIE=
50,54,RChvLzlue0L2/gPArI4en3PyT6w=,uLHLw+H4NgeUpDwENSY99gQhGIE=
48,55,RChvLzlue0L2/gPArI4en3PyT6w=,uLHLw+H4NgeUpDwENSY99gQhGIE=
48,54,RChvLzlue0L2/gPArI4en3PyT6w=,uLHLw+H4NgeUpDwENSY99gQhGIE=
56,48,RChvLzlue0L2/gPArI4en3PyT6w=,uLHLw+H4NgeUpDwENSY99gQhGIE=
57,50,RChvLzlue0L2/gPArI4en3PyT6w=,uLHLw+H4NgeUpDwENSY99gQhGIE=
63,53,RChvLzlue0L2/gPArI4en3PyT6w=,uLHLw+H4NgeUpDwENSY99gQhGIE=
56,49,RChvLzlue0L2/gPArI4en3PyT6w=,uLHLw+H4NgeUpDwENSY99gQhGIE=
62,53,RChvLzlue0L2/gPArI4en3PyT6w=,uLHLw+H4NgeUpDwENSY99gQhGIE=
61,53,RChvLzlue0L2/gPArI4en3PyT6w=,uLHLw+H4NgeUpDwENSY99gQhGIE=
60,53,RChvLzlue0L2/gPArI4en3PyT6w=,uLHLw+H4NgeUpDwENSY99gQhGIE=
59,53,RChvLzlue0L2/gPArI4en3PyT6w=,uLHLw+H4NgeUpDwENSY99gQhGIE=
58,53,RChvLzlue0L2/gPArI4en3PyT6w=,uLHLw+H4NgeUpDwENSY99gQhGIE=
57,53,RChvLzlue0L2/gPArI4en3PyT6w=,uLHLw+H4NgeUpDwENSY99gQhGIE=
56,53,RChvLzlue0L2/gPArI4en3PyT6w=,uLHLw+H4NgeUpDwENSY99gQhGIE=
55,53,RChvLzlue0L2/gPArI4en3PyT6w=,uLHLw+H4NgeUpDwENSY99gQhGIE=
54,53,RChvLzlue0L2/gPArI4en3PyT6w=,uLHLw+H4NgeUpDwENSY99gQhGIE=
53,53,RChvLzlue0L2/gPArI4en3PyT6w=,uLHLw+H4NgeUpDwENSY99gQhGIE=
52,53,RChvLzlue0L2/gPArI4en3PyT6w=,uLHLw+H4NgeUpDwENSY99gQhGIE=
51,53,RChvLzlue0L2/gPArI4en3PyT6w=,uLHLw+H4NgeUpDwENSY99gQhGIE=
50,53,RChvLzlue0L2/gPArI4en3PyT6w=,uLHLw+H4NgeUpDwENSY99gQhGIE=
49,53,RChvLzlue0L2/gPArI4en3PyT6w=,uLHLw+H4NgeUpDwENSY99gQhGIE=
48,53,RChvLzlue0L2/gPArI4en3PyT6w=,uLHLw+H4NgeUpDwENSY99gQhGIE=
55,48,RChvLzlue0L2/gPArI4en3PyT6w=,uLHLw+H4NgeUpDwENSY99gQhGIE=
63,52,RChvLzlue0L2/gPArI4en3PyT6w=,uLHLw+H4NgeUpDwENSY99gQhGIE=
56,50,RChvLzlue0L2/gPArI4en3PyT6w=,uLHLw+H4NgeUpDwENSY99gQhGIE=
55,49,RChvLzlue0L2/gPArI4en3PyT6w=,uLHLw+H4NgeUpDwENSY99gQhGIE=
62,52,RChvLzlue0L2/gPArI4en3PyT6w=,uLHLw+H4NgeUpDwENSY99gQhGIE=
60,52,RChvLzlue0L2/gPArI4en3PyT6w=,uLHLw+H4NgeUpDwENSY99gQhGIE=
61,52,RChvLzlue0L2/gPArI4en3PyT6w=,uLHLw+H4NgeUpDwENSY99gQhGIE=
59,52,RChvLzlue0L2/gPArI4en3PyT6w=,uLHLw+H4NgeUpDwENSY99gQhGIE=
58,52,RChvLzlue0L2/gPArI4en3PyT6w=,uLHLw+H4NgeUpDwENSY99gQhGIE=
57,52,RChvLzlue0L2/gPArI4en3PyT6w=,uLHLw+H4NgeUpDwENSY99gQhGIE=
56,52,RChvLzlue0L2/gPArI4en3PyT6w=,uLHLw+H4NgeUpDwENSY99gQhGIE=
55,52,RChvLzlue0L2/gPArI4en3PyT6w=,uLHLw+H4NgeUpDwENSY99gQhGIE=
54,52,RChvLzlue0L2/gPArI4en3PyT6w=,uLHLw+H4NgeUpDwENSY99gQhGIE=
53,52,RChvLzlue0L2/gPArI4en3PyT6w=,uLHLw+H4NgeUpDwENSY99gQhGIE=
52,52,RChvLzlue0L2/gPArI4en3PyT6w=,uLHLw+H4NgeUpDwENSY99gQhGIE=
51,52,RChvLzlue0L2/gPArI4en3PyT6w=,uLHLw+H4NgeUpDwENSY99gQhGIE=
50,52,RChvLzlue0L2/gPArI4en3PyT6w=,uLHLw+H4NgeUpDwENSY99gQhGIE=
48,52,RChvLzlue0L2/gPArI4en3PyT6w=,uLHLw+H4NgeUpDwENSY99gQhGIE=
55,50,RChvLzlue0L2/gPArI4en3PyT6w=,uLHLw+H4NgeUpDwENSY99gQhGIE=
49,52,RChvLzlue0L2/gPArI4en3PyT6w=,uLHLw+H4NgeUpDwENSY99gQhGIE=
54,48,RChvLzlue0L2/gPArI4en3PyT6w=,uLHLw+H4NgeUpDwENSY99gQhGIE=
54,49,RChvLzlue0L2/gPArI4en3PyT6w=,uLHLw+H4NgeUpDwENSY99gQhGIE=
63,51,RChvLzlue0L2/gPArI4en3PyT6w=,uLHLw+H4NgeUpDwENSY99gQhGIE=
62,51,RChvLzlue0L2/gPArI4en3PyT6w=,uLHLw+H4NgeUpDwENSY99gQhGIE=
61,51,RChvLzlue0L2/gPArI4en3PyT6w=,uLHLw+H4NgeUpDwENSY99gQhGIE=
60,51,RChvLzlue0L2/gPArI4en3PyT6w=,uLHLw+H4NgeUpDwENSY99gQhGIE=
59,51,RChvLzlue0L2/gPArI4en3PyT6w=,uLHLw+H4NgeUpDwENSY99gQhGIE=
58,51,RChvLzlue0L2/gPArI4en3PyT6w=,uLHLw+H4NgeUpDwENSY99gQhGIE=
57,51,RChvLzlue0L2/gPArI4en3PyT6w=,uLHLw+H4NgeUpDwENSY99gQhGIE=
56,51,RChvLzlue0L2/gPArI4en3PyT6w=,uLHLw+H4NgeUpDwENSY99gQhGIE=
51,56,RChvLzlue0L2/gPArI4en3PyT6w=,uLHLw+H4NgeUpDwENSY99gQhGIE=
48,56,RChvLzlue0L2/gPArI4en3PyT6w=,uLHLw+H4NgeUpDwENSY99gQhGIE=
50,56,RChvLzlue0L2/gPArI4en3PyT6w=,uLHLw+H4NgeUpDwENSY99gQhGIE=
49,54,RChvLzlue0L2/gPArI4en3PyT6w=,uLHLw+H4NgeUpDwENSY99gQhGIE=
53,58,RChvLzlue0L2/gPArI4en3PyT6w=,uLHLw+H4NgeUpDwENSY99gQhGIE=
49,56,RChvLzlue0L2/gPArI4en3PyT6w=,uLHLw+H4NgeUpDwENSY99gQhGIE=
53,33,ugXVvqpTh3FnDISJcREg7HMCoWI=,SSgn4N648wJlxg0yvQGBc+FUHKU=
51,35,ugXVvqpTh3FnDISJcREg7HMCoWI=,SSgn4N648wJlxg0yvQGBc+FUHKU=
52,35,ugXVvqpTh3FnDISJcREg7HMCoWI=,SSgn4N648wJlxg0yvQGBc+FUHKU=
50,35,ugXVvqpTh3FnDISJcREg7HMCoWI=,SSgn4N648wJlxg0yvQGBc+FUHKU=
63,47,rxrfVsKA0ivZivRzb17J9qqgrtA=,SSgn4N648wJlxg0yvQGBc+FUHKU=
52,33,ugXVvqpTh3FnDISJcREg7HMCoWI=,SSgn4N648wJlxg0yvQGBc+FUHKU=
62,47,rxrfVsKA0ivZivRzb17J9qqgrtA=,SSgn4N648wJlxg0yvQGBc+FUHKU=
55,35,ugXVvqpTh3FnDISJcREg7HMCoWI=,SSgn4N648wJlxg0yvQGBc+FUHKU=
52,34,ugXVvqpTh3FnDISJcREg7HMCoWI=,SSgn4N648wJlxg0yvQGBc+FUHKU=
61,47,rxrfVsKA0ivZivRzb17J9qqgrtA=,SSgn4N648wJlxg0yvQGBc+FUHKU=
60,47,rxrfVsKA0ivZivRzb17J9qqgrtA=,SSgn4N648wJlxg0yvQGBc+FUHKU=
56,35,ugXVvqpTh3FnDISJcREg7HMCoWI=,SSgn4N648wJlxg0yvQGBc+FUHKU=
54,34,ugXVvqpTh3FnDISJcREg7HMCoWI=,SSgn4N648wJlxg0yvQGBc+FUHKU=
53,35,ugXVvqpTh3FnDISJcREg7HMCoWI=,SSgn4N648wJlxg0yvQGBc+FUHKU=
59,47,rxrfVsKA0ivZivRzb17J9qqgrtA=,SSgn4N648wJlxg0yvQGBc+FUHKU=
58,47,rxrfVsKA0ivZivRzb17J9qqgrtA=,SSgn4N648wJlxg0yvQGBc+FUHKU=
57,47,rxrfVsKA0ivZivRzb17J9qqgrtA=,SSgn4N648wJlxg0yvQGBc+FUHKU=
56,47,rxrfVsKA0ivZivRzb17J9qqgrtA=,SSgn4N648wJlxg0yvQGBc+FUHKU=
55,47,rxrfVsKA0ivZivRzb17J9qqgrtA=,SSgn4N648wJlxg0yvQGBc+FUHKU=
54,47,rxrfVsKA0ivZivRzb17J9qqgrtA=,SSgn4N648wJlxg0yvQGBc+FUHKU=
53,47,rxrfVsKA0ivZivRzb17J9qqgrtA=,SSgn4N648wJlxg0yvQGBc+FUHKU=
52,47,rxrfVsKA0ivZivRzb17J9qqgrtA=,SSgn4N648wJlxg0yvQGBc+FUHKU=
51,47,rxrfVsKA0ivZivRzb17J9qqgrtA=,SSgn4N648wJlxg0yvQGBc+FUHKU=
53,32,ugXVvqpTh3FnDISJcREg7HMCoWI=,SSgn4N648wJlxg0yvQGBc+FUHKU=
57,35,ugXVvqpTh3FnDISJcREg7HMCoWI=,SSgn4N648wJlxg0yvQGBc+FUHKU=
54,35,ugXVvqpTh3FnDISJcREg7HMCoWI=,SSgn4N648wJlxg0yvQGBc+FUHKU=
50,47,ugXVvqpTh3FnDISJcREg7HMCoWI=,SSgn4N648wJlxg0yvQGBc+FUHKU=
49,47,ugXVvqpTh3FnDISJcREg7HMCoWI=,SSgn4N648wJlxg0yvQGBc+FUHKU=
48,47,ugXVvqpTh3FnDISJcREg7HMCoWI=,SSgn4N648wJlxg0yvQGBc+FUHKU=
58,35,ugXVvqpTh3FnDISJcREg7HMCoWI=,SSgn4N648wJlxg0yvQGBc+FUHKU=
59,35,rxrfVsKA0ivZivRzb17J9qqgrtA=,SSgn4N648wJlxg0yvQGBc+FUHKU=
53,34,ugXVvqpTh3FnDISJcREg7HMCoWI=,SSgn4N648wJlxg0yvQGBc+FUHKU=
60,35,ugXVvqpTh3FnDISJcREg7HMCoWI=,SSgn4N648wJlxg0yvQGBc+FUHKU=
61,35,ugXVvqpTh3FnDISJcREg7HMCoWI=,SSgn4N648wJlxg0yvQGBc+FUHKU=
62,35,ugXVvqpTh3FnDISJcREg7HMCoWI=,SSgn4N648wJlxg0yvQGBc+FUHKU=
63,35,ugXVvqpTh3FnDISJcREg7HMCoWI=,SSgn4N648wJlxg0yvQGBc+FUHKU=
49,32,ugXVvqpTh3FnDISJcREg7HMCoWI=,SSgn4N648wJlxg0yvQGBc+FUHKU=
63,46,rxrfVsKA0ivZivRzb17J9qqgrtA=,SSgn4N648wJlxg0yvQGBc+FUHKU=
62,46,rxrfVsKA0ivZivRzb17J9qqgrtA=,SSgn4N648wJlxg0yvQGBc+FUHKU=
61,46,rxrfVsKA0ivZivRzb17J9qqgrtA=,SSgn4N648wJlxg0yvQGBc+FUHKU=
60,46,rxrfVsKA0ivZivRzb17J9qqgrtA=,SSgn4N648wJlxg0yvQGBc+FUHKU=
59,46,rxrfVsKA0ivZivRzb17J9qqgrtA=,SSgn4N648wJlxg0yvQGBc+FUHKU=
57,46,sIXXEuy/lgtzsbdCEPeHFkf4e/8=,SSgn4N648wJlxg0yvQGBc+FUHKU=
58,46,rxrfVsKA0ivZivRzb17J9qqgrtA=,SSgn4N648wJlxg0yvQGBc+FUHKU=
56,46,sIXXEuy/lgtzsbdCEPeHFkf4e/8=,SSgn4N648wJlxg0yvQGBc+FUHKU=
55,46,sIXXEuy/lgtzsbdCEPeHFkf4e/8=,SSgn4N648wJlxg0yvQGBc+FUHKU=
54,46,sIXXEuy/lgtzsbdCEPeHFkf4e/8=,SSgn4N648wJlxg0yvQGBc+FUHKU=
53,46,sIXXEuy/lgtzsbdCEPeHFkf4e/8=,SSgn4N648wJlxg0yvQGBc+FUHKU=
51,32,ugXVvqpTh3FnDISJcREg7HMCoWI=,SSgn4N648wJlxg0yvQGBc+FUHKU=
52,46,sIXXEuy/lgtzsbdCEPeHFkf4e/8=,SSgn4N648wJlxg0yvQGBc+FUHKU=
50,46,sIXXEuy/lgtzsbdCEPeHFkf4e/8=,SSgn4N648wJlxg0yvQGBc+FUHKU=
49,46,ugXVvqpTh3FnDISJcREg7HMCoWI=,SSgn4N648wJlxg0yvQGBc+FUHKU=
51,46,ugXVvqpTh3FnDISJcREg7HMCoWI=,SSgn4N648wJlxg0yvQGBc+FUHKU=
51,34,ugXVvqpTh3FnDISJcREg7HMCoWI=,SSgn4N648wJlxg0yvQGBc+FUHKU=
63,45,sIXXEuy/lgtzsbdCEPeHFkf4e/8=,SSgn4N648wJlxg0yvQGBc+FUHKU=
48,46,ugXVvqpTh3FnDISJcREg7HMCoWI=,SSgn4N648wJlxg0yvQGBc+FUHKU=
62,45,sIXXEuy/lgtzsbdCEPeHFkf4e/8=,SSgn4N648wJlxg0yvQGBc+FUHKU=
61,45,sIXXEuy/lgtzsbdCEPeHFkf4e/8=,SSgn4N648wJlxg0yvQGBc+FUHKU=
60,45,sIXXEuy/lgtzsbdCEPeHFkf4e/8=,SSgn4N648wJlxg0yvQGBc+FUHKU=
59,45,sIXXEuy/lgtzsbdCEPeHFkf4e/8=,SSgn4N648wJlxg0yvQGBc+FUHKU=
58,45,sIXXEuy/lgtzsbdCEPeHFkf4e/8=,SSgn4N648wJlxg0yvQGBc+FUHKU=
57,45,ugXVvqpTh3FnDISJcREg7HMCoWI=,SSgn4N648wJlxg0yvQGBc+FUHKU=
56,45,ugXVvqpTh3FnDISJcREg7HMCoWI=,SSgn4N648wJlxg0yvQGBc+FUHKU=
55,45,ugXVvqpTh3FnDISJcREg7HMCoWI=,SSgn4N648wJlxg0yvQGBc+FUHKU=
54,45,ugXVvqpTh3FnDISJcREg7HMCoWI=,SSgn4N648wJlxg0yvQGBc+FUHKU=
53,45,ugXVvqpTh3FnDISJcREg7HMCoWI=,SSgn4N648wJlxg0yvQGBc+FUHKU=
52,32,ugXVvqpTh3FnDISJcREg7HMCoWI=,SSgn4N648wJlxg0yvQGBc+FUHKU=
54,33,ugXVvqpTh3FnDISJcREg7HMCoWI=,SSgn4N648wJlxg0yvQGBc+FUHKU=
51,33,ugXVvqpTh3FnDISJcREg7HMCoWI=,SSgn4N648wJlxg0yvQGBc+FUHKU=
50,45,ugXVvqpTh3FnDISJcREg7HMCoWI=,SSgn4N648wJlxg0yvQGBc+FUHKU=
49,45,ugXVvqpTh3FnDISJcREg7HMCoWI=,SSgn4N648wJlxg0yvQGBc+FUHKU=
48,32,ugXVvqpTh3FnDISJcREg7HMCoWI=,SSgn4N648wJlxg0yvQGBc+FUHKU=
50,34,ugXVvqpTh3FnDISJcREg7HMCoWI=,SSgn4N648wJlxg0yvQGBc+FUHKU=
51,45,ugXVvqpTh3FnDISJcREg7HMCoWI=,SSgn4N648wJlxg0yvQGBc+FUHKU=
63,44,ugXVvqpTh3FnDISJcREg7HMCoWI=,SSgn4N648wJlxg0yvQGBc+FUHKU=
62,44,ugXVvqpTh3FnDISJcREg7HMCoWI=,SSgn4N648wJlxg0yvQGBc+FUHKU=
61,44,ugXVvqpTh3FnDISJcREg7HMCoWI=,SSgn4N648wJlxg0yvQGBc+FUHKU=
60,44,ugXVvqpTh3FnDISJcREg7HMCoWI=,SSgn4N648wJlxg0yvQGBc+FUHKU=
59,44,ugXVvqpTh3FnDISJcREg7HMCoWI=,SSgn4N648wJlxg0yvQGBc+FUHKU=
58,44,ugXVvqpTh3FnDISJcREg7HMCoWI=,SSgn4N648wJlxg0yvQGBc+FUHKU=
57,44,ugXVvqpTh3FnDISJcREg7HMCoWI=,SSgn4N648wJlxg0yvQGBc+FUHKU=
56,44,ugXVvqpTh3FnDISJcREg7HMCoWI=,SSgn4N648wJlxg0yvQGBc+FUHKU=
55,44,ugXVvqpTh3FnDISJcREg7HMCoWI=,SSgn4N648wJlxg0yvQGBc+FUHKU=
54,44,ugXVvqpTh3FnDISJcREg7HMCoWI=,SSgn4N648wJlxg0yvQGBc+FUHKU=
49,35,ugXVvqpTh3FnDISJcREg7HMCoWI=,SSgn4N648wJlxg0yvQGBc+FUHKU=
48,45,ugXVvqpTh3FnDISJcREg7HMCoWI=,SSgn4N648wJlxg0yvQGBc+FUHKU=
51,44,ugXVvqpTh3FnDISJcREg7HMCoWI=,SSgn4N648wJlxg0yvQGBc+FUHKU=
50,44,ugXVvqpTh3FnDISJcREg7HMCoWI=,SSgn4N648wJlxg0yvQGBc+FUHKU=
53,44,ugXVvqpTh3FnDISJcREg7HMCoWI=,SSgn4N648wJlxg0yvQGBc+FUHKU=
52,44,ugXVvqpTh3FnDISJcREg7HMCoWI=,SSgn4N648wJlxg0yvQGBc+FUHKU=
50,33,ugXVvqpTh3FnDISJcREg7HMCoWI=,SSgn4N648wJlxg0yvQGBc+FUHKU=
48,36,ugXVvqpTh3FnDISJcREg7HMCoWI=,SSgn4N648wJlxg0yvQGBc+FUHKU=
48,44,ugXVvqpTh3FnDISJcREg7HMCoWI=,SSgn4N648wJlxg0yvQGBc+FUHKU=
63,32,ugXVvqpTh3FnDISJcREg7HMCoWI=,SSgn4N648wJlxg0yvQGBc+FUHKU=
49,34,ugXVvqpTh3FnDISJcREg7HMCoWI=,SSgn4N648wJlxg0yvQGBc+FUHKU=
52,45,ugXVvqpTh3FnDISJcREg7HMCoWI=,SSgn4N648wJlxg0yvQGBc+FUHKU=
63,34,ugXVvqpTh3FnDISJcREg7HMCoWI=,SSgn4N648wJlxg0yvQGBc+FUHKU=
49,44,ugXVvqpTh3FnDISJcREg7HMCoWI=,SSgn4N648wJlxg0yvQGBc+FUHKU=
62,32,ugXVvqpTh3FnDISJcREg7HMCoWI=,SSgn4N648wJlxg0yvQGBc+FUHKU=
63,33,ugXVvqpTh3FnDISJcREg7HMCoWI=,SSgn4N648wJlxg0yvQGBc+FUHKU=
62,33,ugXVvqpTh3FnDISJcREg7HMCoWI=,SSgn4N648wJlxg0yvQGBc+FUHKU=
63,43,ugXVvqpTh3FnDISJcREg7HMCoWI=,SSgn4N648wJlxg0yvQGBc+FUHKU=
62,43,ugXVvqpTh3FnDISJcREg7HMCoWI=,SSgn4N648wJlxg0yvQGBc+FUHKU=
61,43,ugXVvqpTh3FnDISJcREg7HMCoWI=,SSgn4N648wJlxg0yvQGBc+FUHKU=
60,43,ugXVvqpTh3FnDISJcREg7HMCoWI=,SSgn4N648wJlxg0yvQGBc+FUHKU=
59,43,ugXVvqpTh3FnDISJcREg7HMCoWI=,SSgn4N648wJlxg0yvQGBc+FUHKU=
58,43,ugXVvqpTh3FnDISJcREg7HMCoWI=,SSgn4N648wJlxg0yvQGBc+FUHKU=
57,43,ugXVvqpTh3FnDISJcREg7HMCoWI=,SSgn4N648wJlxg0yvQGBc+FUHKU=
56,43,ugXVvqpTh3FnDISJcREg7HMCoWI=,SSgn4N648wJlxg0yvQGBc+FUHKU=
55,43,ugXVvqpTh3FnDISJcREg7HMCoWI=,SSgn4N648wJlxg0yvQGBc+FUHKU=
54,43,ugXVvqpTh3FnDISJcREg7HMCoWI=,SSgn4N648wJlxg0yvQGBc+FUHKU=
54,32,ugXVvqpTh3FnDISJcREg7HMCoWI=,SSgn4N648wJlxg0yvQGBc+FUHKU=
53,43,ugXVvqpTh3FnDISJcREg7HMCoWI=,SSgn4N648wJlxg0yvQGBc+FUHKU=
52,43,ugXVvqpTh3FnDISJcREg7HMCoWI=,SSgn4N648wJlxg0yvQGBc+FUHKU=
51,43,ugXVvqpTh3FnDISJcREg7HMCoWI=,SSgn4N648wJlxg0yvQGBc+FUHKU=
49,33,ugXVvqpTh3FnDISJcREg7HMCoWI=,SSgn4N648wJlxg0yvQGBc+FUHKU=
49,43,ugXVvqpTh3FnDISJcREg7HMCoWI=,SSgn4N648wJlxg0yvQGBc+FUHKU=
48,43,ugXVvqpTh3FnDISJcREg7HMCoWI=,SSgn4N648wJlxg0yvQGBc+FUHKU=
62,34,ugXVvqpTh3FnDISJcREg7HMCoWI=,SSgn4N648wJlxg0yvQGBc+FUHKU=
50,43,ugXVvqpTh3FnDISJcREg7HMCoWI=,SSgn4N648wJlxg0yvQGBc+FUHKU=
63,42,ugXVvqpTh3FnDISJcREg7HMCoWI=,SSgn4N648wJlxg0yvQGBc+FUHKU=
61,33,ugXVvqpTh3FnDISJcREg7HMCoWI=,SSgn4N648wJlxg0yvQGBc+FUHKU=
62,42,ugXVvqpTh3FnDISJcREg7HMCoWI=,SSgn4N648wJlxg0yvQGBc+FUHKU=
61,42,ugXVvqpTh3FnDISJcREg7HMCoWI=,SSgn4N648wJlxg0yvQGBc+FUHKU=
60,42,ugXVvqpTh3FnDISJcREg7HMCoWI=,SSgn4N648wJlxg0yvQGBc+FUHKU=
59,42,ugXVvqpTh3FnDISJcREg7HMCoWI=,SSgn4N648wJlxg0yvQGBc+FUHKU=
58,42,ugXVvqpTh3FnDISJcREg7HMCoWI=,SSgn4N648wJlxg0yvQGBc+FUHKU=
56,42,ugXVvqpTh3FnDISJcREg7HMCoWI=,SSgn4N648wJlxg0yvQGBc+FUHKU=
57,42,ugXVvqpTh3FnDISJcREg7HMCoWI=,SSgn4N648wJlxg0yvQGBc+FUHKU=
55,42,ugXVvqpTh3FnDISJcREg7HMCoWI=,SSgn4N648wJlxg0yvQGBc+FUHKU=
50,32,ugXVvqpTh3FnDISJcREg7HMCoWI=,SSgn4N648wJlxg0yvQGBc+FUHKU=
61,32,ugXVvqpTh3FnDISJcREg7HMCoWI=,SSgn4N648wJlxg0yvQGBc+FUHKU=
52,42,ugXVvqpTh3FnDISJcREg7HMCoWI=,SSgn4N648wJlxg0yvQGBc+FUHKU=
48,35,ugXVvqpTh3FnDISJcREg7HMCoWI=,SSgn4N648wJlxg0yvQGBc+FUHKU=
54,42,ugXVvqpTh3FnDISJcREg7HMCoWI=,SSgn4N648wJlxg0yvQGBc+FUHKU=
49,42,ugXVvqpTh3FnDISJcREg7HMCoWI=,SSgn4N648wJlxg0yvQGBc+FUHKU=
55,34,ugXVvqpTh3FnDISJcREg7HMCoWI=,SSgn4N648wJlxg0yvQGBc+FUHKU=
48,34,ugXVvqpTh3FnDISJcREg7HMCoWI=,SSgn4N648wJlxg0yvQGBc+FUHKU=
51,42,ugXVvqpTh3FnDISJcREg7HMCoWI=,SSgn4N648wJlxg0yvQGBc+FUHKU=
60,32,ugXVvqpTh3FnDISJcREg7HMCoWI=,SSgn4N648wJlxg0yvQGBc+FUHKU=
63,41,ugXVvqpTh3FnDISJcREg7HMCoWI=,SSgn4N648wJlxg0yvQGBc+FUHKU=
60,33,ugXVvqpTh3FnDISJcREg7HMCoWI=,SSgn4N648wJlxg0yvQGBc+FUHKU=
62,41,ugXVvqpTh3FnDISJcREg7HMCoWI=,SSgn4N648wJlxg0yvQGBc+FUHKU=
61,41,ugXVvqpTh3FnDISJcREg7HMCoWI=,SSgn4N648wJlxg0yvQGBc+FUHKU=
60,41,ugXVvqpTh3FnDISJcREg7HMCoWI=,SSgn4N648wJlxg0yvQGBc+FUHKU=
59,41,ugXVvqpTh3FnDISJcREg7HMCoWI=,SSgn4N648wJlxg0yvQGBc+FUHKU=
58,41,ugXVvqpTh3FnDISJcREg7HMCoWI=,SSgn4N648wJlxg0yvQGBc+FUHKU=
57,41,ugXVvqpTh3FnDISJcREg7HMCoWI=,SSgn4N648wJlxg0yvQGBc+FUHKU=
48,33,ugXVvqpTh3FnDISJcREg7HMCoWI=,SSgn4N648wJlxg0yvQGBc+FUHKU=
55,41,ugXVvqpTh3FnDISJcREg7HMCoWI=,SSgn4N648wJlxg0yvQGBc+FUHKU=
48,42,ugXVvqpTh3FnDISJcREg7HMCoWI=,SSgn4N648wJlxg0yvQGBc+FUHKU=
53,41,ugXVvqpTh3FnDISJcREg7HMCoWI=,SSgn4N648wJlxg0yvQGBc+FUHKU=
56,41,ugXVvqpTh3FnDISJcREg7HMCoWI=,SSgn4N648wJlxg0yvQGBc+FUHKU=
50,42,ugXVvqpTh3FnDISJcREg7HMCoWI=,SSgn4N648wJlxg0yvQGBc+FUHKU=
51,41,ugXVvqpTh3FnDISJcREg7HMCoWI=,SSgn4N648wJlxg0yvQGBc+FUHKU=
60,34,ugXVvqpTh3FnDISJcREg7HMCoWI=,SSgn4N648wJlxg0yvQGBc+FUHKU=
50,41,ugXVvqpTh3FnDISJcREg7HMCoWI=,SSgn4N648wJlxg0yvQGBc+FUHKU=
49,36,ugXVvqpTh3FnDISJcREg7HMCoWI=,SSgn4N648wJlxg0yvQGBc+FUHKU=
61,34,ugXVvqpTh3FnDISJcREg7HMCoWI=,SSgn4N648wJlxg0yvQGBc+FUHKU=
53,42,ugXVvqpTh3FnDISJcREg7HMCoWI=,SSgn4N648wJlxg0yvQGBc+FUHKU=
63,40,ugXVvqpTh3FnDISJcREg7HMCoWI=,SSgn4N648wJlxg0yvQGBc+FUHKU=
52,41,ugXVvqpTh3FnDISJcREg7HMCoWI=,SSgn4N648wJlxg0yvQGBc+FUHKU=
62,40,ugXVvqpTh3FnDISJcREg7HMCoWI=,SSgn4N648wJlxg0yvQGBc+FUHKU=
61,40,ugXVvqpTh3FnDISJcREg7HMCoWI=,SSgn4N648wJlxg0yvQGBc+FUHKU=
60,40,ugXVvqpTh3FnDISJcREg7HMCoWI=,SSgn4N648wJlxg0yvQGBc+FUHKU=
59,40,ugXVvqpTh3FnDISJcREg7HMCoWI=,SSgn4N648wJlxg0yvQGBc+FUHKU=
58,40,ugXVvqpTh3FnDISJcREg7HMCoWI=,SSgn4N648wJlxg0yvQGBc+FUHKU=
59,33,ugXVvqpTh3FnDISJcREg7HMCoWI=,SSgn4N648wJlxg0yvQGBc+FUHKU=
50,36,ugXVvqpTh3FnDISJcREg7HMCoWI=,SSgn4N648wJlxg0yvQGBc+FUHKU=
48,41,ugXVvqpTh3FnDISJcREg7HMCoWI=,SSgn4N648wJlxg0yvQGBc+FUHKU=
59,32,ugXVvqpTh3FnDISJcREg7HMCoWI=,SSgn4N648wJlxg0yvQGBc+FUHKU=
56,40,ugXVvqpTh3FnDISJcREg7HMCoWI=,SSgn4N648wJlxg0yvQGBc+FUHKU=
57,40,ugXVvqpTh3FnDISJcREg7HMCoWI=,SSgn4N648wJlxg0yvQGBc+FUHKU=
54,41,ugXVvqpTh3FnDISJcREg7HMCoWI=,SSgn4N648wJlxg0yvQGBc+FUHKU=
51,36,ugXVvqpTh3FnDISJcREg7HMCoWI=,SSgn4N648wJlxg0yvQGBc+FUHKU=
55,40,ugXVvqpTh3FnDISJcREg7HMCoWI=,SSgn4N648wJlxg0yvQGBc+FUHKU=
49,41,ugXVvqpTh3FnDISJcREg7HMCoWI=,SSgn4N648wJlxg0yvQGBc+FUHKU=
49,40,ugXVvqpTh3FnDISJcREg7HMCoWI=,SSgn4N648wJlxg0yvQGBc+FUHKU=
52,36,ugXVvqpTh3FnDISJcREg7HMCoWI=,SSgn4N648wJlxg0yvQGBc+FUHKU=
59,34,ugXVvqpTh3FnDISJcREg7HMCoWI=,SSgn4N648wJlxg0yvQGBc+FUHKU=
54,40,ugXVvqpTh3FnDISJcREg7HMCoWI=,SSgn4N648wJlxg0yvQGBc+FUHKU=
53,40,ugXVvqpTh3FnDISJcREg7HMCoWI=,SSgn4N648wJlxg0yvQGBc+FUHKU=
63,39,ugXVvqpTh3FnDISJcREg7HMCoWI=,SSgn4N648wJlxg0yvQGBc+FUHKU=
52,40,ugXVvqpTh3FnDISJcREg7HMCoWI=,SSgn4N648wJlxg0yvQGBc+FUHKU=
62,39,ugXVvqpTh3FnDISJcREg7HMCoWI=,SSgn4N648wJlxg0yvQGBc+FUHKU=
61,39,ugXVvqpTh3FnDISJcREg7HMCoWI=,SSgn4N648wJlxg0yvQGBc+FUHKU=
60,39,ugXVvqpTh3FnDISJcREg7HMCoWI=,SSgn4N648wJlxg0yvQGBc+FUHKU=
59,39,ugXVvqpTh3FnDISJcREg7HMCoWI=,SSgn4N648wJlxg0yvQGBc+FUHKU=
58,39,ugXVvqpTh3FnDISJcREg7HMCoWI=,SSgn4N648wJlxg0yvQGBc+FUHKU=
50,40,ugXVvqpTh3FnDISJcREg7HMCoWI=,SSgn4N648wJlxg0yvQGBc+FUHKU=
57,39,ugXVvqpTh3FnDISJcREg7HMCoWI=,SSgn4N648wJlxg0yvQGBc+FUHKU=
55,39,ugXVvqpTh3FnDISJcREg7HMCoWI=,SSgn4N648wJlxg0yvQGBc+FUHKU=
48,40,ugXVvqpTh3FnDISJcREg7HMCoWI=,SSgn4N648wJlxg0yvQGBc+FUHKU=
53,39,ugXVvqpTh3FnDISJcREg7HMCoWI=,SSgn4N648wJlxg0yvQGBc+FUHKU=
56,39,ugXVvqpTh3FnDISJcREg7HMCoWI=,SSgn4N648wJlxg0yvQGBc+FUHKU=
54,39,ugXVvqpTh3FnDISJcREg7HMCoWI=,SSgn4N648wJlxg0yvQGBc+FUHKU=
53,36,ugXVvqpTh3FnDISJcREg7HMCoWI=,SSgn4N648wJlxg0yvQGBc+FUHKU=
58,32,ugXVvqpTh3FnDISJcREg7HMCoWI=,SSgn4N648wJlxg0yvQGBc+FUHKU=
51,39,ugXVvqpTh3FnDISJcREg7HMCoWI=,SSgn4N648wJlxg0yvQGBc+FUHKU=
50,39,ugXVvqpTh3FnDISJcREg7HMCoWI=,SSgn4N648wJlxg0yvQGBc+FUHKU=
49,39,ugXVvqpTh3FnDISJcREg7HMCoWI=,SSgn4N648wJlxg0yvQGBc+FUHKU=
54,36,ugXVvqpTh3FnDISJcREg7HMCoWI=,SSgn4N648wJlxg0yvQGBc+FUHKU=
55,36,ugXVvqpTh3FnDISJcREg7HMCoWI=,SSgn4N648wJlxg0yvQGBc+FUHKU=
63,38,ugXVvqpTh3FnDISJcREg7HMCoWI=,SSgn4N648wJlxg0yvQGBc+FUHKU=
58,33,ugXVvqpTh3FnDISJcREg7HMCoWI=,SSgn4N648wJlxg0yvQGBc+FUHKU=
52,39,ugXVvqpTh3FnDISJcREg7HMCoWI=,SSgn4N648wJlxg0yvQGBc+FUHKU=
62,38,ugXVvqpTh3FnDISJcREg7HMCoWI=,SSgn4N648wJlxg0yvQGBc+FUHKU=
61,38,ugXVvqpTh3FnDISJcREg7HMCoWI=,SSgn4N648wJlxg0yvQGBc+FUHKU=
60,38,ugXVvqpTh3FnDISJcREg7HMCoWI=,SSgn4N648wJlxg0yvQGBc+FUHKU=
58,38,ugXVvqpTh3FnDISJcREg7HMCoWI=,SSgn4N648wJlxg0yvQGBc+FUHKU=
57,32,ugXVvqpTh3FnDISJcREg7HMCoWI=,SSgn4N648wJlxg0yvQGBc+FUHKU=
59,38,ugXVvqpTh3FnDISJcREg7HMCoWI=,SSgn4N648wJlxg0yvQGBc+FUHKU=
51,40,ugXVvqpTh3FnDISJcREg7HMCoWI=,SSgn4N648wJlxg0yvQGBc+FUHKU=
56,38,ugXVvqpTh3FnDISJcREg7HMCoWI=,SSgn4N648wJlxg0yvQGBc+FUHKU=
57,33,ugXVvqpTh3FnDISJcREg7HMCoWI=,SSgn4N648wJlxg0yvQGBc+FUHKU=
53,38,ugXVvqpTh3FnDISJcREg7HMCoWI=,SSgn4N648wJlxg0yvQGBc+FUHKU=
56,36,ugXVvqpTh3FnDISJcREg7HMCoWI=,SSgn4N648wJlxg0yvQGBc+FUHKU=
57,38,ugXVvqpTh3FnDISJcREg7HMCoWI=,SSgn4N648wJlxg0yvQGBc+FUHKU=
55,38,ugXVvqpTh3FnDISJcREg7HMCoWI=,SSgn4N648wJlxg0yvQGBc+FUHKU=
54,38,ugXVvqpTh3FnDISJcREg7HMCoWI=,SSgn4N648wJlxg0yvQGBc+FUHKU=
49,38,ugXVvqpTh3FnDISJcREg7HMCoWI=,SSgn4N648wJlxg0yvQGBc+FUHKU=
48,39,ugXVvqpTh3FnDISJcREg7HMCoWI=,SSgn4N648wJlxg0yvQGBc+FUHKU=
52,38,ugXVvqpTh3FnDISJcREg7HMCoWI=,SSgn4N648wJlxg0yvQGBc+FUHKU=
56,32,ugXVvqpTh3FnDISJcREg7HMCoWI=,SSgn4N648wJlxg0yvQGBc+FUHKU=
63,37,ugXVvqpTh3FnDISJcREg7HMCoWI=,SSgn4N648wJlxg0yvQGBc+FUHKU=
57,34,ugXVvqpTh3FnDISJcREg7HMCoWI=,SSgn4N648wJlxg0yvQGBc+FUHKU=
62,37,ugXVvqpTh3FnDISJcREg7HMCoWI=,SSgn4N648wJlxg0yvQGBc+FUHKU=
61,37,ugXVvqpTh3FnDISJcREg7HMCoWI=,SSgn4N648wJlxg0yvQGBc+FUHKU=
60,37,ugXVvqpTh3FnDISJcREg7HMCoWI=,SSgn4N648wJlxg0yvQGBc+FUHKU=
59,37,ugXVvqpTh3FnDISJcREg7HMCoWI=,SSgn4N648wJlxg0yvQGBc+FUHKU=
57,36,ugXVvqpTh3FnDISJcREg7HMCoWI=,SSgn4N648wJlxg0yvQGBc+FUHKU=
51,38,ugXVvqpTh3FnDISJcREg7HMCoWI=,SSgn4N648wJlxg0yvQGBc+FUHKU=
56,33,ugXVvqpTh3FnDISJcREg7HMCoWI=,SSgn4N648wJlxg0yvQGBc+FUHKU=
57,37,ugXVvqpTh3FnDISJcREg7HMCoWI=,SSgn4N648wJlxg0yvQGBc+FUHKU=
55,37,ugXVvqpTh3FnDISJcREg7HMCoWI=,SSgn4N648wJlxg0yvQGBc+FUHKU=
54,37,ugXVvqpTh3FnDISJcREg7HMCoWI=,SSgn4N648wJlxg0yvQGBc+FUHKU=
53,37,ugXVvqpTh3FnDISJcREg7HMCoWI=,SSgn4N648wJlxg0yvQGBc+FUHKU=
52,37,ugXVvqpTh3FnDISJcREg7HMCoWI=,SSgn4N648wJlxg0yvQGBc+FUHKU=
56,37,ugXVvqpTh3FnDISJcREg7HMCoWI=,SSgn4N648wJlxg0yvQGBc+FUHKU=
51,37,ugXVvqpTh3FnDISJcREg7HMCoWI=,SSgn4N648wJlxg0yvQGBc+FUHKU=
50,38,ugXVvqpTh3FnDISJcREg7HMCoWI=,SSgn4N648wJlxg0yvQGBc+FUHKU=
58,37,ugXVvqpTh3FnDISJcREg7HMCoWI=,SSgn4N648wJlxg0yvQGBc+FUHKU=
49,37,ugXVvqpTh3FnDISJcREg7HMCoWI=,SSgn4N648wJlxg0yvQGBc+FUHKU=
50,37,ugXVvqpTh3FnDISJcREg7HMCoWI=,SSgn4N648wJlxg0yvQGBc+FUHKU=
63,36,ugXVvqpTh3FnDISJcREg7HMCoWI=,SSgn4N648wJlxg0yvQGBc+FUHKU=
48,38,ugXVvqpTh3FnDISJcREg7HMCoWI=,SSgn4N648wJlxg0yvQGBc+FUHKU=
62,36,ugXVvqpTh3FnDISJcREg7HMCoWI=,SSgn4N648wJlxg0yvQGBc+FUHKU=
61,36,ugXVvqpTh3FnDISJcREg7HMCoWI=,SSgn4N648wJlxg0yvQGBc+FUHKU=
55,32,ugXVvqpTh3FnDISJcREg7HMCoWI=,SSgn4N648wJlxg0yvQGBc+FUHKU=
59,36,ugXVvqpTh3FnDISJcREg7HMCoWI=,SSgn4N648wJlxg0yvQGBc+FUHKU=
55,33,ugXVvqpTh3FnDISJcREg7HMCoWI=,SSgn4N648wJlxg0yvQGBc+FUHKU=
60,36,ugXVvqpTh3FnDISJcREg7HMCoWI=,SSgn4N648wJlxg0yvQGBc+FUHKU=
58,34,ugXVvqpTh3FnDISJcREg7HMCoWI=,SSgn4N648wJlxg0yvQGBc+FUHKU=
58,36,ugXVvqpTh3FnDISJcREg7HMCoWI=,SSgn4N648wJlxg0yvQGBc+FUHKU=
56,34,ugXVvqpTh3FnDISJcREg7HMCoWI=,SSgn4N648wJlxg0yvQGBc+FUHKU=
48,37,ugXVvqpTh3FnDISJcREg7HMCoWI=,SSgn4N648wJlxg0yvQGBc+FUHKU=
