276,-15,nmTedVMektD8ho0pgATJ13zKS4E=,h/c1O3HVSM1lGlJRyI2PTvas2O8=
273,-16,nmTedVMektD8ho0pgATJ13zKS4E=,h/c1O3HVSM1lGlJRyI2PTvas2O8=
279,-13,wvAphcOUz1Mw4GvXR4Uz399LgfE=,h/c1O3HVSM1lGlJRyI2PTvas2O8=
275,-13,nmTedVMektD8ho0pgATJ13zKS4E=,h/c1O3HVSM1lGlJRyI2PTvas2O8=
276,-13,nmTedVMektD8ho0pgATJ13zKS4E=,h/c1O3HVSM1lGlJRyI2PTvas2O8=
277,-15,nmTedVMektD8ho0pgATJ13zKS4E=,h/c1O3HVSM1lGlJRyI2PTvas2O8=
277,-16,nmTedVMektD8ho0pgATJ13zKS4E=,h/c1O3HVSM1lGlJRyI2PTvas2O8=
276,-14,wvAphcOUz1Mw4GvXR4Uz399LgfE=,h/c1O3HVSM1lGlJRyI2PTvas2O8=
280,-13,nmTedVMektD8ho0pgATJ13zKS4E=,h/c1O3HVSM1lGlJRyI2PTvas2O8=
277,-14,nmTedVMektD8ho0pgATJ13zKS4E=,h/c1O3HVSM1lGlJRyI2PTvas2O8=
278,-14,nmTedVMektD8ho0pgATJ13zKS4E=,h/c1O3HVSM1lGlJRyI2PTvas2O8=
277,-13,nmTedVMektD8ho0pgATJ13zKS4E=,h/c1O3HVSM1lGlJRyI2PTvas2O8=
278,-13,nmTedVMektD8ho0pgATJ13zKS4E=,h/c1O3HVSM1lGlJRyI2PTvas2O8=
272,-16,nmTedVMektD8ho0pgATJ13zKS4E=,h/c1O3HVSM1lGlJRyI2PTvas2O8=
274,-13,nmTedVMektD8ho0pgATJ13zKS4E=,h/c1O3HVSM1lGlJRyI2PTvas2O8=
275,-16,nmTedVMektD8ho0pgATJ13zKS4E=,h/c1O3HVSM1lGlJRyI2PTvas2O8=
281,-13,nmTedVMektD8ho0pgATJ13zKS4E=,h/c1O3HVSM1lGlJRyI2PTvas2O8=
282,-13,nmTedVMektD8ho0pgATJ13zKS4E=,h/c1O3HVSM1lGlJRyI2PTvas2O8=
286,-1,nmTedVMektD8ho0pgATJ13zKS4E=,h/c1O3HVSM1lGlJRyI2PTvas2O8=
283,-13,nmTedVMektD8ho0pgATJ13zKS4E=,h/c1O3HVSM1lGlJRyI2PTvas2O8=
287,-1,nmTedVMektD8ho0pgATJ13zKS4E=,h/c1O3HVSM1lGlJRyI2PTvas2O8=
284,-1,nmTedVMektD8ho0pgATJ13zKS4E=,h/c1O3HVSM1lGlJRyI2PTvas2O8=
283,-1,nmTedVMektD8ho0pgATJ13zKS4E=,h/c1O3HVSM1lGlJRyI2PTvas2O8=
285,-1,nmTedVMektD8ho0pgATJ13zKS4E=,h/c1O3HVSM1lGlJRyI2PTvas2O8=
284,-13,nmTedVMektD8ho0pgATJ13zKS4E=,h/c1O3HVSM1lGlJRyI2PTvas2O8=
282,-1,nmTedVMektD8ho0pgATJ13zKS4E=,h/c1O3HVSM1lGlJRyI2PTvas2O8=
285,-13,nmTedVMektD8ho0pgATJ13zKS4E=,h/c1O3HVSM1lGlJRyI2PTvas2O8=
286,-13,nmTedVMektD8ho0pgATJ13zKS4E=,h/c1O3HVSM1lGlJRyI2PTvas2O8=
279,-1,nmTedVMektD8ho0pgATJ13zKS4E=,h/c1O3HVSM1lGlJRyI2PTvas2O8=
280,-1,nmTedVMektD8ho0pgATJ13zKS4E=,h/c1O3HVSM1lGlJRyI2PTvas2O8=
278,-1,nmTedVMektD8ho0pgATJ13zKS4E=,h/c1O3HVSM1lGlJRyI2PTvas2O8=
287,-13,nmTedVMektD8ho0pgATJ13zKS4E=,h/c1O3HVSM1lGlJRyI2PTvas2O8=
281,-1,nmTedVMektD8ho0pgATJ13zKS4E=,h/c1O3HVSM1lGlJRyI2PTvas2O8=
277,-1,nmTedVMektD8ho0pgATJ13zKS4E=,h/c1O3HVSM1lGlJRyI2PTvas2O8=
278,-15,nmTedVMektD8ho0pgATJ13zKS4E=,h/c1O3HVSM1lGlJRyI2PTvas2O8=
278,-16,nmTedVMektD8ho0pgATJ13zKS4E=,h/c1O3HVSM1lGlJRyI2PTvas2O8=
276,-1,nmTedVMektD8ho0pgATJ13zKS4E=,h/c1O3HVSM1lGlJRyI2PTvas2O8=
275,-1,nmTedVMektD8ho0pgATJ13zKS4E=,h/c1O3HVSM1lGlJRyI2PTvas2O8=
273,-13,nmTedVMektD8ho0pgATJ13zKS4E=,h/c1O3HVSM1lGlJRyI2PTvas2O8=
274,-1,nmTedVMektD8ho0pgATJ13zKS4E=,h/c1O3HVSM1lGlJRyI2PTvas2O8=
272,-12,nmTedVMektD8ho0pgATJ13zKS4E=,h/c1O3HVSM1lGlJRyI2PTvas2O8=
273,-1,nmTedVMektD8ho0pgATJ13zKS4E=,h/c1O3HVSM1lGlJRyI2PTvas2O8=
272,-1,nmTedVMektD8ho0pgATJ13zKS4E=,h/c1O3HVSM1lGlJRyI2PTvas2O8=
276,-16,nmTedVMektD8ho0pgATJ13zKS4E=,h/c1O3HVSM1lGlJRyI2PTvas2O8=
279,-14,nmTedVMektD8ho0pgATJ13zKS4E=,h/c1O3HVSM1lGlJRyI2PTvas2O8=
275,-14,nmTedVMektD8ho0pgATJ13zKS4E=,h/c1O3HVSM1lGlJRyI2PTvas2O8=
273,-12,nmTedVMektD8ho0pgATJ13zKS4E=,h/c1O3HVSM1lGlJRyI2PTvas2O8=
287,-2,nmTedVMektD8ho0pgATJ13zKS4E=,h/c1O3HVSM1lGlJRyI2PTvas2O8=
274,-12,nmTedVMektD8ho0pgATJ13zKS4E=,h/c1O3HVSM1lGlJRyI2PTvas2O8=
285,-2,nmTedVMektD8ho0pgATJ13zKS4E=,h/c1O3HVSM1lGlJRyI2PTvas2O8=
283,-2,nmTedVMektD8ho0pgATJ13zKS4E=,h/c1O3HVSM1lGlJRyI2PTvas2O8=
284,-2,nmTedVMektD8ho0pgATJ13zKS4E=,h/c1O3HVSM1lGlJRyI2PTvas2O8=
282,-2,nmTedVMektD8ho0pgATJ13zKS4E=,h/c1O3HVSM1lGlJRyI2PTvas2O8=
286,-2,nmTedVMektD8ho0pgATJ13zKS4E=,h/c1O3HVSM1lGlJRyI2PTvas2O8=
275,-12,nmTedVMektD8ho0pgATJ13zKS4E=,h/c1O3HVSM1lGlJRyI2PTvas2O8=
276,-12,nmTedVMektD8ho0pgATJ13zKS4E=,h/c1O3HVSM1lGlJRyI2PTvas2O8=
277,-12,nmTedVMektD8ho0pgATJ13zKS4E=,h/c1O3HVSM1lGlJRyI2PTvas2O8=
281,-2,nmTedVMektD8ho0pgATJ13zKS4E=,h/c1O3HVSM1lGlJRyI2PTvas2O8=
280,-2,nmTedVMektD8ho0pgATJ13zKS4E=,h/c1O3HVSM1lGlJRyI2PTvas2O8=
278,-2,nmTedVMektD8ho0pgATJ13zKS4E=,h/c1O3HVSM1lGlJRyI2PTvas2O8=
276,-2,nmTedVMektD8ho0pgATJ13zKS4E=,h/c1O3HVSM1lGlJRyI2PTvas2O8=
278,-12,nmTedVMektD8ho0pgATJ13zKS4E=,h/c1O3HVSM1lGlJRyI2PTvas2O8=
277,-2,nmTedVMektD8ho0pgATJ13zKS4E=,h/c1O3HVSM1lGlJRyI2PTvas2O8=
275,-15,nmTedVMektD8ho0pgATJ13zKS4E=,h/c1O3HVSM1lGlJRyI2PTvas2O8=
279,-12,nmTedVMektD8ho0pgATJ13zKS4E=,h/c1O3HVSM1lGlJRyI2PTvas2O8=
280,-12,nmTedVMektD8ho0pgATJ13zKS4E=,h/c1O3HVSM1lGlJRyI2PTvas2O8=
274,-14,nmTedVMektD8ho0pgATJ13zKS4E=,h/c1O3HVSM1lGlJRyI2PTvas2O8=
274,-2,nmTedVMektD8ho0pgATJ13zKS4E=,h/c1O3HVSM1lGlJRyI2PTvas2O8=
272,-2,nmTedVMektD8ho0pgATJ13zKS4E=,h/c1O3HVSM1lGlJRyI2PTvas2O8=
275,-2,nmTedVMektD8ho0pgATJ13zKS4E=,h/c1O3HVSM1lGlJRyI2PTvas2O8=
281,-12,nmTedVMektD8ho0pgATJ13zKS4E=,h/c1O3HVSM1lGlJRyI2PTvas2O8=
273,-2,nmTedVMektD8ho0pgATJ13zKS4E=,h/c1O3HVSM1lGlJRyI2PTvas2O8=
286,-3,nmTedVMektD8ho0pgATJ13zKS4E=,h/c1O3HVSM1lGlJRyI2PTvas2O8=
282,-12,nmTedVMektD8ho0pgATJ13zKS4E=,h/c1O3HVSM1lGlJRyI2PTvas2O8=
285,-3,nmTedVMektD8ho0pgATJ13zKS4E=,h/c1O3HVSM1lGlJRyI2PTvas2O8=
287,-3,nmTedVMektD8ho0pgATJ13zKS4E=,h/c1O3HVSM1lGlJRyI2PTvas2O8=
283,-3,nmTedVMektD8ho0pgATJ13zKS4E=,h/c1O3HVSM1lGlJRyI2PTvas2O8=
284,-3,nmTedVMektD8ho0pgATJ13zKS4E=,h/c1O3HVSM1lGlJRyI2PTvas2O8=
284,-12,nmTedVMektD8ho0pgATJ13zKS4E=,h/c1O3HVSM1lGlJRyI2PTvas2O8=
283,-12,nmTedVMektD8ho0pgATJ13zKS4E=,h/c1O3HVSM1lGlJRyI2PTvas2O8=
282,-3,nmTedVMektD8ho0pgATJ13zKS4E=,h/c1O3HVSM1lGlJRyI2PTvas2O8=
285,-12,nmTedVMektD8ho0pgATJ13zKS4E=,h/c1O3HVSM1lGlJRyI2PTvas2O8=
279,-3,nmTedVMektD8ho0pgATJ13zKS4E=,h/c1O3HVSM1lGlJRyI2PTvas2O8=
280,-3,nmTedVMektD8ho0pgATJ13zKS4E=,h/c1O3HVSM1lGlJRyI2PTvas2O8=
278,-3,nmTedVMektD8ho0pgATJ13zKS4E=,h/c1O3HVSM1lGlJRyI2PTvas2O8=
286,-12,nmTedVMektD8ho0pgATJ13zKS4E=,h/c1O3HVSM1lGlJRyI2PTvas2O8=
281,-3,nmTedVMektD8ho0pgATJ13zKS4E=,h/c1O3HVSM1lGlJRyI2PTvas2O8=
279,-15,nmTedVMektD8ho0pgATJ13zKS4E=,h/c1O3HVSM1lGlJRyI2PTvas2O8=
279,-2,nmTedVMektD8ho0pgATJ13zKS4E=,h/c1O3HVSM1lGlJRyI2PTvas2O8=
277,-3,nmTedVMektD8ho0pgATJ13zKS4E=,h/c1O3HVSM1lGlJRyI2PTvas2O8=
276,-3,nmTedVMektD8ho0pgATJ13zKS4E=,h/c1O3HVSM1lGlJRyI2PTvas2O8=
287,-12,nmTedVMektD8ho0pgATJ13zKS4E=,h/c1O3HVSM1lGlJRyI2PTvas2O8=
274,-15,nmTedVMektD8ho0pgATJ13zKS4E=,h/c1O3HVSM1lGlJRyI2PTvas2O8=
275,-3,nmTedVMektD8ho0pgATJ13zKS4E=,h/c1O3HVSM1lGlJRyI2PTvas2O8=
273,-14,nmTedVMektD8ho0pgATJ13zKS4E=,h/c1O3HVSM1lGlJRyI2PTvas2O8=
273,-3,nmTedVMektD8ho0pgATJ13zKS4E=,h/c1O3HVSM1lGlJRyI2PTvas2O8=
274,-3,nmTedVMektD8ho0pgATJ13zKS4E=,h/c1O3HVSM1lGlJRyI2PTvas2O8=
287,-4,nmTedVMektD8ho0pgATJ13zKS4E=,h/c1O3HVSM1lGlJRyI2PTvas2O8=
272,-3,nmTedVMektD8ho0pgATJ13zKS4E=,h/c1O3HVSM1lGlJRyI2PTvas2O8=
286,-4,nmTedVMektD8ho0pgATJ13zKS4E=,h/c1O3HVSM1lGlJRyI2PTvas2O8=
285,-4,nmTedVMektD8ho0pgATJ13zKS4E=,h/c1O3HVSM1lGlJRyI2PTvas2O8=
284,-4,nmTedVMektD8ho0pgATJ13zKS4E=,h/c1O3HVSM1lGlJRyI2PTvas2O8=
272,-13,nmTedVMektD8ho0pgATJ13zKS4E=,h/c1O3HVSM1lGlJRyI2PTvas2O8=
282,-4,nmTedVMektD8ho0pgATJ13zKS4E=,h/c1O3HVSM1lGlJRyI2PTvas2O8=
280,-4,nmTedVMektD8ho0pgATJ13zKS4E=,h/c1O3HVSM1lGlJRyI2PTvas2O8=
273,-15,nmTedVMektD8ho0pgATJ13zKS4E=,h/c1O3HVSM1lGlJRyI2PTvas2O8=
278,-4,nmTedVMektD8ho0pgATJ13zKS4E=,h/c1O3HVSM1lGlJRyI2PTvas2O8=
277,-4,nmTedVMektD8ho0pgATJ13zKS4E=,h/c1O3HVSM1lGlJRyI2PTvas2O8=
283,-4,nmTedVMektD8ho0pgATJ13zKS4E=,h/c1O3HVSM1lGlJRyI2PTvas2O8=
279,-4,nmTedVMektD8ho0pgATJ13zKS4E=,h/c1O3HVSM1lGlJRyI2PTvas2O8=
276,-4,nmTedVMektD8ho0pgATJ13zKS4E=,h/c1O3HVSM1lGlJRyI2PTvas2O8=
281,-4,nmTedVMektD8ho0pgATJ13zKS4E=,h/c1O3HVSM1lGlJRyI2PTvas2O8=
275,-4,nmTedVMektD8ho0pgATJ13zKS4E=,h/c1O3HVSM1lGlJRyI2PTvas2O8=
287,-16,nmTedVMektD8ho0pgATJ13zKS4E=,h/c1O3HVSM1lGlJRyI2PTvas2O8=
274,-4,nmTedVMektD8ho0pgATJ13zKS4E=,h/c1O3HVSM1lGlJRyI2PTvas2O8=
273,-4,nmTedVMektD8ho0pgATJ13zKS4E=,h/c1O3HVSM1lGlJRyI2PTvas2O8=
272,-14,nmTedVMektD8ho0pgATJ13zKS4E=,h/c1O3HVSM1lGlJRyI2PTvas2O8=
272,-15,nmTedVMektD8ho0pgATJ13zKS4E=,h/c1O3HVSM1lGlJRyI2PTvas2O8=
272,-4,nmTedVMektD8ho0pgATJ13zKS4E=,h/c1O3HVSM1lGlJRyI2PTvas2O8=
274,-16,nmTedVMektD8ho0pgATJ13zKS4E=,h/c1O3HVSM1lGlJRyI2PTvas2O8=
286,-16,nmTedVMektD8ho0pgATJ13zKS4E=,h/c1O3HVSM1lGlJRyI2PTvas2O8=
287,-15,nmTedVMektD8ho0pgATJ13zKS4E=,h/c1O3HVSM1lGlJRyI2PTvas2O8=
287,-14,nmTedVMektD8ho0pgATJ13zKS4E=,h/c1O3HVSM1lGlJRyI2PTvas2O8=
286,-15,nmTedVMektD8ho0pgATJ13zKS4E=,h/c1O3HVSM1lGlJRyI2PTvas2O8=
283,-5,nmTedVMektD8ho0pgATJ13zKS4E=,h/c1O3HVSM1lGlJRyI2PTvas2O8=
284,-5,nmTedVMektD8ho0pgATJ13zKS4E=,h/c1O3HVSM1lGlJRyI2PTvas2O8=
287,-5,nmTedVMektD8ho0pgATJ13zKS4E=,h/c1O3HVSM1lGlJRyI2PTvas2O8=
286,-5,nmTedVMektD8ho0pgATJ13zKS4E=,h/c1O3HVSM1lGlJRyI2PTvas2O8=
285,-5,nmTedVMektD8ho0pgATJ13zKS4E=,h/c1O3HVSM1lGlJRyI2PTvas2O8=
282,-5,nmTedVMektD8ho0pgATJ13zKS4E=,h/c1O3HVSM1lGlJRyI2PTvas2O8=
279,-5,nmTedVMektD8ho0pgATJ13zKS4E=,h/c1O3HVSM1lGlJRyI2PTvas2O8=
279,-16,nmTedVMektD8ho0pgATJ13zKS4E=,h/c1O3HVSM1lGlJRyI2PTvas2O8=
280,-5,nmTedVMektD8ho0pgATJ13zKS4E=,h/c1O3HVSM1lGlJRyI2PTvas2O8=
277,-5,nmTedVMektD8ho0pgATJ13zKS4E=,h/c1O3HVSM1lGlJRyI2PTvas2O8=
278,-5,nmTedVMektD8ho0pgATJ13zKS4E=,h/c1O3HVSM1lGlJRyI2PTvas2O8=
276,-5,nmTedVMektD8ho0pgATJ13zKS4E=,h/c1O3HVSM1lGlJRyI2PTvas2O8=
272,-11,nmTedVMektD8ho0pgATJ13zKS4E=,h/c1O3HVSM1lGlJRyI2PTvas2O8=
281,-5,nmTedVMektD8ho0pgATJ13zKS4E=,h/c1O3HVSM1lGlJRyI2PTvas2O8=
285,-16,nmTedVMektD8ho0pgATJ13zKS4E=,h/c1O3HVSM1lGlJRyI2PTvas2O8=
280,-14,nmTedVMektD8ho0pgATJ13zKS4E=,h/c1O3HVSM1lGlJRyI2PTvas2O8=
285,-15,nmTedVMektD8ho0pgATJ13zKS4E=,h/c1O3HVSM1lGlJRyI2PTvas2O8=
286,-14,nmTedVMektD8ho0pgATJ13zKS4E=,h/c1O3HVSM1lGlJRyI2PTvas2O8=
274,-5,nmTedVMektD8ho0pgATJ13zKS4E=,h/c1O3HVSM1lGlJRyI2PTvas2O8=
272,-5,nmTedVMektD8ho0pgATJ13zKS4E=,h/c1O3HVSM1lGlJRyI2PTvas2O8=
275,-5,nmTedVMektD8ho0pgATJ13zKS4E=,h/c1O3HVSM1lGlJRyI2PTvas2O8=
273,-11,nmTedVMektD8ho0pgATJ13zKS4E=,h/c1O3HVSM1lGlJRyI2PTvas2O8=
273,-5,nmTedVMektD8ho0pgATJ13zKS4E=,h/c1O3HVSM1lGlJRyI2PTvas2O8=
287,-6,nmTedVMektD8ho0pgATJ13zKS4E=,h/c1O3HVSM1lGlJRyI2PTvas2O8=
274,-11,nmTedVMektD8ho0pgATJ13zKS4E=,h/c1O3HVSM1lGlJRyI2PTvas2O8=
275,-11,nmTedVMektD8ho0pgATJ13zKS4E=,h/c1O3HVSM1lGlJRyI2PTvas2O8=
286,-6,nmTedVMektD8ho0pgATJ13zKS4E=,h/c1O3HVSM1lGlJRyI2PTvas2O8=
285,-6,nmTedVMektD8ho0pgATJ13zKS4E=,h/c1O3HVSM1lGlJRyI2PTvas2O8=
284,-6,nmTedVMektD8ho0pgATJ13zKS4E=,h/c1O3HVSM1lGlJRyI2PTvas2O8=
283,-6,nmTedVMektD8ho0pgATJ13zKS4E=,h/c1O3HVSM1lGlJRyI2PTvas2O8=
276,-11,nmTedVMektD8ho0pgATJ13zKS4E=,h/c1O3HVSM1lGlJRyI2PTvas2O8=
282,-6,nmTedVMektD8ho0pgATJ13zKS4E=,h/c1O3HVSM1lGlJRyI2PTvas2O8=
277,-11,nmTedVMektD8ho0pgATJ13zKS4E=,h/c1O3HVSM1lGlJRyI2PTvas2O8=
278,-11,nmTedVMektD8ho0pgATJ13zKS4E=,h/c1O3HVSM1lGlJRyI2PTvas2O8=
279,-6,nmTedVMektD8ho0pgATJ13zKS4E=,h/c1O3HVSM1lGlJRyI2PTvas2O8=
280,-6,nmTedVMektD8ho0pgATJ13zKS4E=,h/c1O3HVSM1lGlJRyI2PTvas2O8=
277,-6,nmTedVMektD8ho0pgATJ13zKS4E=,h/c1O3HVSM1lGlJRyI2PTvas2O8=
278,-6,nmTedVMektD8ho0pgATJ13zKS4E=,h/c1O3HVSM1lGlJRyI2PTvas2O8=
281,-6,nmTedVMektD8ho0pgATJ13zKS4E=,h/c1O3HVSM1lGlJRyI2PTvas2O8=
279,-11,nmTedVMektD8ho0pgATJ13zKS4E=,h/c1O3HVSM1lGlJRyI2PTvas2O8=
276,-6,nmTedVMektD8ho0pgATJ13zKS4E=,h/c1O3HVSM1lGlJRyI2PTvas2O8=
284,-16,nmTedVMektD8ho0pgATJ13zKS4E=,h/c1O3HVSM1lGlJRyI2PTvas2O8=
280,-11,nmTedVMektD8ho0pgATJ13zKS4E=,h/c1O3HVSM1lGlJRyI2PTvas2O8=
285,-14,nmTedVMektD8ho0pgATJ13zKS4E=,h/c1O3HVSM1lGlJRyI2PTvas2O8=
274,-6,nmTedVMektD8ho0pgATJ13zKS4E=,h/c1O3HVSM1lGlJRyI2PTvas2O8=
275,-6,nmTedVMektD8ho0pgATJ13zKS4E=,h/c1O3HVSM1lGlJRyI2PTvas2O8=
272,-6,nmTedVMektD8ho0pgATJ13zKS4E=,h/c1O3HVSM1lGlJRyI2PTvas2O8=
273,-6,nmTedVMektD8ho0pgATJ13zKS4E=,h/c1O3HVSM1lGlJRyI2PTvas2O8=
284,-15,nmTedVMektD8ho0pgATJ13zKS4E=,h/c1O3HVSM1lGlJRyI2PTvas2O8=
281,-11,nmTedVMektD8ho0pgATJ13zKS4E=,h/c1O3HVSM1lGlJRyI2PTvas2O8=
287,-7,nmTedVMektD8ho0pgATJ13zKS4E=,h/c1O3HVSM1lGlJRyI2PTvas2O8=
282,-11,nmTedVMektD8ho0pgATJ13zKS4E=,h/c1O3HVSM1lGlJRyI2PTvas2O8=
286,-7,nmTedVMektD8ho0pgATJ13zKS4E=,h/c1O3HVSM1lGlJRyI2PTvas2O8=
285,-7,nmTedVMektD8ho0pgATJ13zKS4E=,h/c1O3HVSM1lGlJRyI2PTvas2O8=
283,-7,nmTedVMektD8ho0pgATJ13zKS4E=,h/c1O3HVSM1lGlJRyI2PTvas2O8=
284,-7,nmTedVMektD8ho0pgATJ13zKS4E=,h/c1O3HVSM1lGlJRyI2PTvas2O8=
283,-11,nmTedVMektD8ho0pgATJ13zKS4E=,h/c1O3HVSM1lGlJRyI2PTvas2O8=
282,-7,nmTedVMektD8ho0pgATJ13zKS4E=,h/c1O3HVSM1lGlJRyI2PTvas2O8=
285,-11,nmTedVMektD8ho0pgATJ13zKS4E=,h/c1O3HVSM1lGlJRyI2PTvas2O8=
280,-7,nmTedVMektD8ho0pgATJ13zKS4E=,h/c1O3HVSM1lGlJRyI2PTvas2O8=
284,-11,nmTedVMektD8ho0pgATJ13zKS4E=,h/c1O3HVSM1lGlJRyI2PTvas2O8=
279,-7,nmTedVMektD8ho0pgATJ13zKS4E=,h/c1O3HVSM1lGlJRyI2PTvas2O8=
278,-7,nmTedVMektD8ho0pgATJ13zKS4E=,h/c1O3HVSM1lGlJRyI2PTvas2O8=
277,-7,nmTedVMektD8ho0pgATJ13zKS4E=,h/c1O3HVSM1lGlJRyI2PTvas2O8=
286,-11,nmTedVMektD8ho0pgATJ13zKS4E=,h/c1O3HVSM1lGlJRyI2PTvas2O8=
281,-7,nmTedVMektD8ho0pgATJ13zKS4E=,h/c1O3HVSM1lGlJRyI2PTvas2O8=
276,-7,nmTedVMektD8ho0pgATJ13zKS4E=,h/c1O3HVSM1lGlJRyI2PTvas2O8=
283,-16,nmTedVMektD8ho0pgATJ13zKS4E=,h/c1O3HVSM1lGlJRyI2PTvas2O8=
284,-14,nmTedVMektD8ho0pgATJ13zKS4E=,h/c1O3HVSM1lGlJRyI2PTvas2O8=
280,-15,nmTedVMektD8ho0pgATJ13zKS4E=,h/c1O3HVSM1lGlJRyI2PTvas2O8=
287,-11,nmTedVMektD8ho0pgATJ13zKS4E=,h/c1O3HVSM1lGlJRyI2PTvas2O8=
275,-7,nmTedVMektD8ho0pgATJ13zKS4E=,h/c1O3HVSM1lGlJRyI2PTvas2O8=
273,-7,nmTedVMektD8ho0pgATJ13zKS4E=,h/c1O3HVSM1lGlJRyI2PTvas2O8=
272,-7,nmTedVMektD8ho0pgATJ13zKS4E=,h/c1O3HVSM1lGlJRyI2PTvas2O8=
283,-15,nmTedVMektD8ho0pgATJ13zKS4E=,h/c1O3HVSM1lGlJRyI2PTvas2O8=
274,-7,nmTedVMektD8ho0pgATJ13zKS4E=,h/c1O3HVSM1lGlJRyI2PTvas2O8=
281,-14,nmTedVMektD8ho0pgATJ13zKS4E=,h/c1O3HVSM1lGlJRyI2PTvas2O8=
287,-8,nmTedVMektD8ho0pgATJ13zKS4E=,h/c1O3HVSM1lGlJRyI2PTvas2O8=
280,-16,nmTedVMektD8ho0pgATJ13zKS4E=,h/c1O3HVSM1lGlJRyI2PTvas2O8=
286,-8,nmTedVMektD8ho0pgATJ13zKS4E=,h/c1O3HVSM1lGlJRyI2PTvas2O8=
285,-8,nmTedVMektD8ho0pgATJ13zKS4E=,h/c1O3HVSM1lGlJRyI2PTvas2O8=
284,-8,nmTedVMektD8ho0pgATJ13zKS4E=,h/c1O3HVSM1lGlJRyI2PTvas2O8=
283,-8,nmTedVMektD8ho0pgATJ13zKS4E=,h/c1O3HVSM1lGlJRyI2PTvas2O8=
282,-8,nmTedVMektD8ho0pgATJ13zKS4E=,h/c1O3HVSM1lGlJRyI2PTvas2O8=
272,-10,nmTedVMektD8ho0pgATJ13zKS4E=,h/c1O3HVSM1lGlJRyI2PTvas2O8=
273,-10,nmTedVMektD8ho0pgATJ13zKS4E=,h/c1O3HVSM1lGlJRyI2PTvas2O8=
274,-10,nmTedVMektD8ho0pgATJ13zKS4E=,h/c1O3HVSM1lGlJRyI2PTvas2O8=
278,-8,nmTedVMektD8ho0pgATJ13zKS4E=,h/c1O3HVSM1lGlJRyI2PTvas2O8=
277,-8,nmTedVMektD8ho0pgATJ13zKS4E=,h/c1O3HVSM1lGlJRyI2PTvas2O8=
279,-8,nmTedVMektD8ho0pgATJ13zKS4E=,h/c1O3HVSM1lGlJRyI2PTvas2O8=
280,-8,nmTedVMektD8ho0pgATJ13zKS4E=,h/c1O3HVSM1lGlJRyI2PTvas2O8=
276,-8,nmTedVMektD8ho0pgATJ13zKS4E=,h/c1O3HVSM1lGlJRyI2PTvas2O8=
275,-10,nmTedVMektD8ho0pgATJ13zKS4E=,h/c1O3HVSM1lGlJRyI2PTvas2O8=
276,-10,nmTedVMektD8ho0pgATJ13zKS4E=,h/c1O3HVSM1lGlJRyI2PTvas2O8=
282,-16,nmTedVMektD8ho0pgATJ13zKS4E=,h/c1O3HVSM1lGlJRyI2PTvas2O8=
275,-8,nmTedVMektD8ho0pgATJ13zKS4E=,h/c1O3HVSM1lGlJRyI2PTvas2O8=
277,-10,nmTedVMektD8ho0pgATJ13zKS4E=,h/c1O3HVSM1lGlJRyI2PTvas2O8=
274,-8,nmTedVMektD8ho0pgATJ13zKS4E=,h/c1O3HVSM1lGlJRyI2PTvas2O8=
273,-8,nmTedVMektD8ho0pgATJ13zKS4E=,h/c1O3HVSM1lGlJRyI2PTvas2O8=
272,-8,nmTedVMektD8ho0pgATJ13zKS4E=,h/c1O3HVSM1lGlJRyI2PTvas2O8=
283,-14,nmTedVMektD8ho0pgATJ13zKS4E=,h/c1O3HVSM1lGlJRyI2PTvas2O8=
287,-9,nmTedVMektD8ho0pgATJ13zKS4E=,h/c1O3HVSM1lGlJRyI2PTvas2O8=
278,-10,nmTedVMektD8ho0pgATJ13zKS4E=,h/c1O3HVSM1lGlJRyI2PTvas2O8=
282,-15,nmTedVMektD8ho0pgATJ13zKS4E=,h/c1O3HVSM1lGlJRyI2PTvas2O8=
286,-9,nmTedVMektD8ho0pgATJ13zKS4E=,h/c1O3HVSM1lGlJRyI2PTvas2O8=
285,-9,nmTedVMektD8ho0pgATJ13zKS4E=,h/c1O3HVSM1lGlJRyI2PTvas2O8=
279,-10,nmTedVMektD8ho0pgATJ13zKS4E=,h/c1O3HVSM1lGlJRyI2PTvas2O8=
282,-9,nmTedVMektD8ho0pgATJ13zKS4E=,h/c1O3HVSM1lGlJRyI2PTvas2O8=
283,-9,nmTedVMektD8ho0pgATJ13zKS4E=,h/c1O3HVSM1lGlJRyI2PTvas2O8=
281,-8,nmTedVMektD8ho0pgATJ13zKS4E=,h/c1O3HVSM1lGlJRyI2PTvas2O8=
284,-9,nmTedVMektD8ho0pgATJ13zKS4E=,h/c1O3HVSM1lGlJRyI2PTvas2O8=
280,-9,nmTedVMektD8ho0pgATJ13zKS4E=,h/c1O3HVSM1lGlJRyI2PTvas2O8=
280,-10,nmTedVMektD8ho0pgATJ13zKS4E=,h/c1O3HVSM1lGlJRyI2PTvas2O8=
279,-9,nmTedVMektD8ho0pgATJ13zKS4E=,h/c1O3HVSM1lGlJRyI2PTvas2O8=
278,-9,nmTedVMektD8ho0pgATJ13zKS4E=,h/c1O3HVSM1lGlJRyI2PTvas2O8=
281,-9,nmTedVMektD8ho0pgATJ13zKS4E=,h/c1O3HVSM1lGlJRyI2PTvas2O8=
277,-9,nmTedVMektD8ho0pgATJ13zKS4E=,h/c1O3HVSM1lGlJRyI2PTvas2O8=
276,-9,nmTedVMektD8ho0pgATJ13zKS4E=,h/c1O3HVSM1lGlJRyI2PTvas2O8=
275,-9,nmTedVMektD8ho0pgATJ13zKS4E=,h/c1O3HVSM1lGlJRyI2PTvas2O8=
274,-9,nmTedVMektD8ho0pgATJ13zKS4E=,h/c1O3HVSM1lGlJRyI2PTvas2O8=
273,-9,nmTedVMektD8ho0pgATJ13zKS4E=,h/c1O3HVSM1lGlJRyI2PTvas2O8=
282,-14,nmTedVMektD8ho0pgATJ13zKS4E=,h/c1O3HVSM1lGlJRyI2PTvas2O8=
272,-9,nmTedVMektD8ho0pgATJ13zKS4E=,h/c1O3HVSM1lGlJRyI2PTvas2O8=
281,-10,nmTedVMektD8ho0pgATJ13zKS4E=,h/c1O3HVSM1lGlJRyI2PTvas2O8=
287,-10,nmTedVMektD8ho0pgATJ13zKS4E=,h/c1O3HVSM1lGlJRyI2PTvas2O8=
285,-10,nmTedVMektD8ho0pgATJ13zKS4E=,h/c1O3HVSM1lGlJRyI2PTvas2O8=
281,-16,nmTedVMektD8ho0pgATJ13zKS4E=,h/c1O3HVSM1lGlJRyI2PTvas2O8=
286,-10,nmTedVMektD8ho0pgATJ13zKS4E=,h/c1O3HVSM1lGlJRyI2PTvas2O8=
284,-10,nmTedVMektD8ho0pgATJ13zKS4E=,h/c1O3HVSM1lGlJRyI2PTvas2O8=
282,-10,nmTedVMektD8ho0pgATJ13zKS4E=,h/c1O3HVSM1lGlJRyI2PTvas2O8=
283,-10,nmTedVMektD8ho0pgATJ13zKS4E=,h/c1O3HVSM1lGlJRyI2PTvas2O8=
281,-15,nmTedVMektD8ho0pgATJ13zKS4E=,h/c1O3HVSM1lGlJRyI2PTvas2O8=
277,-31,3YeTrCNGtZ08wp9pi3qtl3qtz4c=,rHirJYjuC7qr70K53Ttt8FGgJyk=
276,-29,3YeTrCNGtZ08wp9pi3qtl3qtz4c=,rHirJYjuC7qr70K53Ttt8FGgJyk=
275,-29,3YeTrCNGtZ08wp9pi3qtl3qtz4c=,rHirJYjuC7qr70K53Ttt8FGgJyk=
275,-32,TxT8Ga3KQ0h5Hx1iJ0akexXFN1o=,rHirJYjuC7qr70K53Ttt8FGgJyk=
276,-31,3YeTrCNGtZ08wp9pi3qtl3qtz4c=,rHirJYjuC7qr70K53Ttt8FGgJyk=
274,-29,3YeTrCNGtZ08wp9pi3qtl3qtz4c=,rHirJYjuC7qr70K53Ttt8FGgJyk=
279,-29,3YeTrCNGtZ08wp9pi3qtl3qtz4c=,rHirJYjuC7qr70K53Ttt8FGgJyk=
273,-32,TxT8Ga3KQ0h5Hx1iJ0akexXFN1o=,rHirJYjuC7qr70K53Ttt8FGgJyk=
287,-17,TxT8Ga3KQ0h5Hx1iJ0akexXFN1o=,rHirJYjuC7qr70K53Ttt8FGgJyk=
277,-29,3YeTrCNGtZ08wp9pi3qtl3qtz4c=,rHirJYjuC7qr70K53Ttt8FGgJyk=
277,-32,3YeTrCNGtZ08wp9pi3qtl3qtz4c=,rHirJYjuC7qr70K53Ttt8FGgJyk=
276,-30,TxT8Ga3KQ0h5Hx1iJ0akexXFN1o=,rHirJYjuC7qr70K53Ttt8FGgJyk=
280,-29,3YeTrCNGtZ08wp9pi3qtl3qtz4c=,rHirJYjuC7qr70K53Ttt8FGgJyk=
286,-17,TxT8Ga3KQ0h5Hx1iJ0akexXFN1o=,rHirJYjuC7qr70K53Ttt8FGgJyk=
272,-32,TxT8Ga3KQ0h5Hx1iJ0akexXFN1o=,rHirJYjuC7qr70K53Ttt8FGgJyk=
284,-17,TxT8Ga3KQ0h5Hx1iJ0akexXFN1o=,rHirJYjuC7qr70K53Ttt8FGgJyk=
277,-30,TxT8Ga3KQ0h5Hx1iJ0akexXFN1o=,rHirJYjuC7qr70K53Ttt8FGgJyk=
285,-17,TxT8Ga3KQ0h5Hx1iJ0akexXFN1o=,rHirJYjuC7qr70K53Ttt8FGgJyk=
283,-17,TxT8Ga3KQ0h5Hx1iJ0akexXFN1o=,rHirJYjuC7qr70K53Ttt8FGgJyk=
282,-17,TxT8Ga3KQ0h5Hx1iJ0akexXFN1o=,rHirJYjuC7qr70K53Ttt8FGgJyk=
280,-17,TxT8Ga3KQ0h5Hx1iJ0akexXFN1o=,rHirJYjuC7qr70K53Ttt8FGgJyk=
278,-29,3YeTrCNGtZ08wp9pi3qtl3qtz4c=,rHirJYjuC7qr70K53Ttt8FGgJyk=
278,-17,TxT8Ga3KQ0h5Hx1iJ0akexXFN1o=,rHirJYjuC7qr70K53Ttt8FGgJyk=
281,-29,3YeTrCNGtZ08wp9pi3qtl3qtz4c=,rHirJYjuC7qr70K53Ttt8FGgJyk=
279,-17,TxT8Ga3KQ0h5Hx1iJ0akexXFN1o=,rHirJYjuC7qr70K53Ttt8FGgJyk=
277,-17,TxT8Ga3KQ0h5Hx1iJ0akexXFN1o=,rHirJYjuC7qr70K53Ttt8FGgJyk=
281,-17,TxT8Ga3KQ0h5Hx1iJ0akexXFN1o=,rHirJYjuC7qr70K53Ttt8FGgJyk=
275,-17,TxT8Ga3KQ0h5Hx1iJ0akexXFN1o=,rHirJYjuC7qr70K53Ttt8FGgJyk=
276,-17,TxT8Ga3KQ0h5Hx1iJ0akexXFN1o=,rHirJYjuC7qr70K53Ttt8FGgJyk=
274,-17,TxT8Ga3KQ0h5Hx1iJ0akexXFN1o=,rHirJYjuC7qr70K53Ttt8FGgJyk=
273,-17,TxT8Ga3KQ0h5Hx1iJ0akexXFN1o=,rHirJYjuC7qr70K53Ttt8FGgJyk=
276,-32,TxT8Ga3KQ0h5Hx1iJ0akexXFN1o=,rHirJYjuC7qr70K53Ttt8FGgJyk=
278,-30,TxT8Ga3KQ0h5Hx1iJ0akexXFN1o=,rHirJYjuC7qr70K53Ttt8FGgJyk=
282,-29,3YeTrCNGtZ08wp9pi3qtl3qtz4c=,rHirJYjuC7qr70K53Ttt8FGgJyk=
272,-17,TxT8Ga3KQ0h5Hx1iJ0akexXFN1o=,rHirJYjuC7qr70K53Ttt8FGgJyk=
275,-30,TxT8Ga3KQ0h5Hx1iJ0akexXFN1o=,rHirJYjuC7qr70K53Ttt8FGgJyk=
273,-29,TxT8Ga3KQ0h5Hx1iJ0akexXFN1o=,rHirJYjuC7qr70K53Ttt8FGgJyk=
286,-18,TxT8Ga3KQ0h5Hx1iJ0akexXFN1o=,rHirJYjuC7qr70K53Ttt8FGgJyk=
283,-29,3YeTrCNGtZ08wp9pi3qtl3qtz4c=,rHirJYjuC7qr70K53Ttt8FGgJyk=
285,-18,TxT8Ga3KQ0h5Hx1iJ0akexXFN1o=,rHirJYjuC7qr70K53Ttt8FGgJyk=
287,-18,TxT8Ga3KQ0h5Hx1iJ0akexXFN1o=,rHirJYjuC7qr70K53Ttt8FGgJyk=
283,-18,TxT8Ga3KQ0h5Hx1iJ0akexXFN1o=,rHirJYjuC7qr70K53Ttt8FGgJyk=
284,-18,TxT8Ga3KQ0h5Hx1iJ0akexXFN1o=,rHirJYjuC7qr70K53Ttt8FGgJyk=
280,-18,TxT8Ga3KQ0h5Hx1iJ0akexXFN1o=,rHirJYjuC7qr70K53Ttt8FGgJyk=
281,-18,TxT8Ga3KQ0h5Hx1iJ0akexXFN1o=,rHirJYjuC7qr70K53Ttt8FGgJyk=
282,-18,TxT8Ga3KQ0h5Hx1iJ0akexXFN1o=,rHirJYjuC7qr70K53Ttt8FGgJyk=
279,-18,TxT8Ga3KQ0h5Hx1iJ0akexXFN1o=,rHirJYjuC7qr70K53Ttt8FGgJyk=
284,-29,TxT8Ga3KQ0h5Hx1iJ0akexXFN1o=,rHirJYjuC7qr70K53Ttt8FGgJyk=
277,-18,TxT8Ga3KQ0h5Hx1iJ0akexXFN1o=,rHirJYjuC7qr70K53Ttt8FGgJyk=
278,-18,TxT8Ga3KQ0h5Hx1iJ0akexXFN1o=,rHirJYjuC7qr70K53Ttt8FGgJyk=
276,-18,TxT8Ga3KQ0h5Hx1iJ0akexXFN1o=,rHirJYjuC7qr70K53Ttt8FGgJyk=
274,-18,TxT8Ga3KQ0h5Hx1iJ0akexXFN1o=,rHirJYjuC7qr70K53Ttt8FGgJyk=
285,-29,TxT8Ga3KQ0h5Hx1iJ0akexXFN1o=,rHirJYjuC7qr70K53Ttt8FGgJyk=
275,-31,TxT8Ga3KQ0h5Hx1iJ0akexXFN1o=,rHirJYjuC7qr70K53Ttt8FGgJyk=
272,-18,TxT8Ga3KQ0h5Hx1iJ0akexXFN1o=,rHirJYjuC7qr70K53Ttt8FGgJyk=
273,-18,TxT8Ga3KQ0h5Hx1iJ0akexXFN1o=,rHirJYjuC7qr70K53Ttt8FGgJyk=
287,-19,TxT8Ga3KQ0h5Hx1iJ0akexXFN1o=,rHirJYjuC7qr70K53Ttt8FGgJyk=
274,-30,TxT8Ga3KQ0h5Hx1iJ0akexXFN1o=,rHirJYjuC7qr70K53Ttt8FGgJyk=
286,-29,TxT8Ga3KQ0h5Hx1iJ0akexXFN1o=,rHirJYjuC7qr70K53Ttt8FGgJyk=
286,-19,TxT8Ga3KQ0h5Hx1iJ0akexXFN1o=,rHirJYjuC7qr70K53Ttt8FGgJyk=
285,-19,TxT8Ga3KQ0h5Hx1iJ0akexXFN1o=,rHirJYjuC7qr70K53Ttt8FGgJyk=
284,-19,TxT8Ga3KQ0h5Hx1iJ0akexXFN1o=,rHirJYjuC7qr70K53Ttt8FGgJyk=
283,-19,TxT8Ga3KQ0h5Hx1iJ0akexXFN1o=,rHirJYjuC7qr70K53Ttt8FGgJyk=
280,-19,TxT8Ga3KQ0h5Hx1iJ0akexXFN1o=,rHirJYjuC7qr70K53Ttt8FGgJyk=
279,-19,TxT8Ga3KQ0h5Hx1iJ0akexXFN1o=,rHirJYjuC7qr70K53Ttt8FGgJyk=
282,-19,TxT8Ga3KQ0h5Hx1iJ0akexXFN1o=,rHirJYjuC7qr70K53Ttt8FGgJyk=
281,-19,TxT8Ga3KQ0h5Hx1iJ0akexXFN1o=,rHirJYjuC7qr70K53Ttt8FGgJyk=
275,-18,TxT8Ga3KQ0h5Hx1iJ0akexXFN1o=,rHirJYjuC7qr70K53Ttt8FGgJyk=
278,-31,TxT8Ga3KQ0h5Hx1iJ0akexXFN1o=,rHirJYjuC7qr70K53Ttt8FGgJyk=
277,-19,TxT8Ga3KQ0h5Hx1iJ0akexXFN1o=,rHirJYjuC7qr70K53Ttt8FGgJyk=
278,-19,TxT8Ga3KQ0h5Hx1iJ0akexXFN1o=,rHirJYjuC7qr70K53Ttt8FGgJyk=
274,-19,TxT8Ga3KQ0h5Hx1iJ0akexXFN1o=,rHirJYjuC7qr70K53Ttt8FGgJyk=
275,-19,TxT8Ga3KQ0h5Hx1iJ0akexXFN1o=,rHirJYjuC7qr70K53Ttt8FGgJyk=
273,-19,TxT8Ga3KQ0h5Hx1iJ0akexXFN1o=,rHirJYjuC7qr70K53Ttt8FGgJyk=
276,-19,TxT8Ga3KQ0h5Hx1iJ0akexXFN1o=,rHirJYjuC7qr70K53Ttt8FGgJyk=
274,-31,TxT8Ga3KQ0h5Hx1iJ0akexXFN1o=,rHirJYjuC7qr70K53Ttt8FGgJyk=
287,-20,TxT8Ga3KQ0h5Hx1iJ0akexXFN1o=,rHirJYjuC7qr70K53Ttt8FGgJyk=
287,-29,TxT8Ga3KQ0h5Hx1iJ0akexXFN1o=,rHirJYjuC7qr70K53Ttt8FGgJyk=
272,-19,TxT8Ga3KQ0h5Hx1iJ0akexXFN1o=,rHirJYjuC7qr70K53Ttt8FGgJyk=
273,-30,TxT8Ga3KQ0h5Hx1iJ0akexXFN1o=,rHirJYjuC7qr70K53Ttt8FGgJyk=
286,-20,TxT8Ga3KQ0h5Hx1iJ0akexXFN1o=,rHirJYjuC7qr70K53Ttt8FGgJyk=
285,-20,TxT8Ga3KQ0h5Hx1iJ0akexXFN1o=,rHirJYjuC7qr70K53Ttt8FGgJyk=
283,-20,TxT8Ga3KQ0h5Hx1iJ0akexXFN1o=,rHirJYjuC7qr70K53Ttt8FGgJyk=
284,-20,TxT8Ga3KQ0h5Hx1iJ0akexXFN1o=,rHirJYjuC7qr70K53Ttt8FGgJyk=
282,-20,TxT8Ga3KQ0h5Hx1iJ0akexXFN1o=,rHirJYjuC7qr70K53Ttt8FGgJyk=
279,-30,TxT8Ga3KQ0h5Hx1iJ0akexXFN1o=,rHirJYjuC7qr70K53Ttt8FGgJyk=
273,-31,TxT8Ga3KQ0h5Hx1iJ0akexXFN1o=,rHirJYjuC7qr70K53Ttt8FGgJyk=
280,-20,TxT8Ga3KQ0h5Hx1iJ0akexXFN1o=,rHirJYjuC7qr70K53Ttt8FGgJyk=
279,-20,TxT8Ga3KQ0h5Hx1iJ0akexXFN1o=,rHirJYjuC7qr70K53Ttt8FGgJyk=
278,-20,TxT8Ga3KQ0h5Hx1iJ0akexXFN1o=,rHirJYjuC7qr70K53Ttt8FGgJyk=
277,-20,TxT8Ga3KQ0h5Hx1iJ0akexXFN1o=,rHirJYjuC7qr70K53Ttt8FGgJyk=
278,-32,TxT8Ga3KQ0h5Hx1iJ0akexXFN1o=,rHirJYjuC7qr70K53Ttt8FGgJyk=
276,-20,TxT8Ga3KQ0h5Hx1iJ0akexXFN1o=,rHirJYjuC7qr70K53Ttt8FGgJyk=
281,-20,TxT8Ga3KQ0h5Hx1iJ0akexXFN1o=,rHirJYjuC7qr70K53Ttt8FGgJyk=
275,-20,TxT8Ga3KQ0h5Hx1iJ0akexXFN1o=,rHirJYjuC7qr70K53Ttt8FGgJyk=
274,-20,TxT8Ga3KQ0h5Hx1iJ0akexXFN1o=,rHirJYjuC7qr70K53Ttt8FGgJyk=
273,-20,TxT8Ga3KQ0h5Hx1iJ0akexXFN1o=,rHirJYjuC7qr70K53Ttt8FGgJyk=
272,-20,TxT8Ga3KQ0h5Hx1iJ0akexXFN1o=,rHirJYjuC7qr70K53Ttt8FGgJyk=
272,-31,TxT8Ga3KQ0h5Hx1iJ0akexXFN1o=,rHirJYjuC7qr70K53Ttt8FGgJyk=
272,-28,TxT8Ga3KQ0h5Hx1iJ0akexXFN1o=,rHirJYjuC7qr70K53Ttt8FGgJyk=
274,-32,TxT8Ga3KQ0h5Hx1iJ0akexXFN1o=,rHirJYjuC7qr70K53Ttt8FGgJyk=
272,-29,TxT8Ga3KQ0h5Hx1iJ0akexXFN1o=,rHirJYjuC7qr70K53Ttt8FGgJyk=
286,-32,TxT8Ga3KQ0h5Hx1iJ0akexXFN1o=,rHirJYjuC7qr70K53Ttt8FGgJyk=
287,-32,TxT8Ga3KQ0h5Hx1iJ0akexXFN1o=,rHirJYjuC7qr70K53Ttt8FGgJyk=
287,-30,TxT8Ga3KQ0h5Hx1iJ0akexXFN1o=,rHirJYjuC7qr70K53Ttt8FGgJyk=
272,-30,TxT8Ga3KQ0h5Hx1iJ0akexXFN1o=,rHirJYjuC7qr70K53Ttt8FGgJyk=
273,-28,TxT8Ga3KQ0h5Hx1iJ0akexXFN1o=,rHirJYjuC7qr70K53Ttt8FGgJyk=
287,-31,TxT8Ga3KQ0h5Hx1iJ0akexXFN1o=,rHirJYjuC7qr70K53Ttt8FGgJyk=
287,-21,TxT8Ga3KQ0h5Hx1iJ0akexXFN1o=,rHirJYjuC7qr70K53Ttt8FGgJyk=
286,-31,TxT8Ga3KQ0h5Hx1iJ0akexXFN1o=,rHirJYjuC7qr70K53Ttt8FGgJyk=
286,-21,TxT8Ga3KQ0h5Hx1iJ0akexXFN1o=,rHirJYjuC7qr70K53Ttt8FGgJyk=
285,-21,TxT8Ga3KQ0h5Hx1iJ0akexXFN1o=,rHirJYjuC7qr70K53Ttt8FGgJyk=
284,-21,TxT8Ga3KQ0h5Hx1iJ0akexXFN1o=,rHirJYjuC7qr70K53Ttt8FGgJyk=
283,-21,TxT8Ga3KQ0h5Hx1iJ0akexXFN1o=,rHirJYjuC7qr70K53Ttt8FGgJyk=
274,-28,TxT8Ga3KQ0h5Hx1iJ0akexXFN1o=,rHirJYjuC7qr70K53Ttt8FGgJyk=
282,-21,TxT8Ga3KQ0h5Hx1iJ0akexXFN1o=,rHirJYjuC7qr70K53Ttt8FGgJyk=
280,-21,TxT8Ga3KQ0h5Hx1iJ0akexXFN1o=,rHirJYjuC7qr70K53Ttt8FGgJyk=
278,-21,TxT8Ga3KQ0h5Hx1iJ0akexXFN1o=,rHirJYjuC7qr70K53Ttt8FGgJyk=
279,-21,TxT8Ga3KQ0h5Hx1iJ0akexXFN1o=,rHirJYjuC7qr70K53Ttt8FGgJyk=
277,-21,TxT8Ga3KQ0h5Hx1iJ0akexXFN1o=,rHirJYjuC7qr70K53Ttt8FGgJyk=
276,-21,TxT8Ga3KQ0h5Hx1iJ0akexXFN1o=,rHirJYjuC7qr70K53Ttt8FGgJyk=
275,-21,TxT8Ga3KQ0h5Hx1iJ0akexXFN1o=,rHirJYjuC7qr70K53Ttt8FGgJyk=
281,-21,TxT8Ga3KQ0h5Hx1iJ0akexXFN1o=,rHirJYjuC7qr70K53Ttt8FGgJyk=
275,-28,TxT8Ga3KQ0h5Hx1iJ0akexXFN1o=,rHirJYjuC7qr70K53Ttt8FGgJyk=
274,-21,TxT8Ga3KQ0h5Hx1iJ0akexXFN1o=,rHirJYjuC7qr70K53Ttt8FGgJyk=
285,-32,TxT8Ga3KQ0h5Hx1iJ0akexXFN1o=,rHirJYjuC7qr70K53Ttt8FGgJyk=
272,-21,TxT8Ga3KQ0h5Hx1iJ0akexXFN1o=,rHirJYjuC7qr70K53Ttt8FGgJyk=
286,-30,TxT8Ga3KQ0h5Hx1iJ0akexXFN1o=,rHirJYjuC7qr70K53Ttt8FGgJyk=
276,-28,TxT8Ga3KQ0h5Hx1iJ0akexXFN1o=,rHirJYjuC7qr70K53Ttt8FGgJyk=
287,-22,TxT8Ga3KQ0h5Hx1iJ0akexXFN1o=,rHirJYjuC7qr70K53Ttt8FGgJyk=
286,-22,TxT8Ga3KQ0h5Hx1iJ0akexXFN1o=,rHirJYjuC7qr70K53Ttt8FGgJyk=
285,-31,TxT8Ga3KQ0h5Hx1iJ0akexXFN1o=,rHirJYjuC7qr70K53Ttt8FGgJyk=
285,-22,TxT8Ga3KQ0h5Hx1iJ0akexXFN1o=,rHirJYjuC7qr70K53Ttt8FGgJyk=
283,-22,TxT8Ga3KQ0h5Hx1iJ0akexXFN1o=,rHirJYjuC7qr70K53Ttt8FGgJyk=
284,-22,TxT8Ga3KQ0h5Hx1iJ0akexXFN1o=,rHirJYjuC7qr70K53Ttt8FGgJyk=
282,-22,TxT8Ga3KQ0h5Hx1iJ0akexXFN1o=,rHirJYjuC7qr70K53Ttt8FGgJyk=
277,-28,TxT8Ga3KQ0h5Hx1iJ0akexXFN1o=,rHirJYjuC7qr70K53Ttt8FGgJyk=
273,-21,TxT8Ga3KQ0h5Hx1iJ0akexXFN1o=,rHirJYjuC7qr70K53Ttt8FGgJyk=
280,-22,TxT8Ga3KQ0h5Hx1iJ0akexXFN1o=,rHirJYjuC7qr70K53Ttt8FGgJyk=
279,-22,TxT8Ga3KQ0h5Hx1iJ0akexXFN1o=,rHirJYjuC7qr70K53Ttt8FGgJyk=
278,-22,TxT8Ga3KQ0h5Hx1iJ0akexXFN1o=,rHirJYjuC7qr70K53Ttt8FGgJyk=
277,-22,TxT8Ga3KQ0h5Hx1iJ0akexXFN1o=,rHirJYjuC7qr70K53Ttt8FGgJyk=
281,-22,TxT8Ga3KQ0h5Hx1iJ0akexXFN1o=,rHirJYjuC7qr70K53Ttt8FGgJyk=
276,-22,TxT8Ga3KQ0h5Hx1iJ0akexXFN1o=,rHirJYjuC7qr70K53Ttt8FGgJyk=
275,-22,TxT8Ga3KQ0h5Hx1iJ0akexXFN1o=,rHirJYjuC7qr70K53Ttt8FGgJyk=
274,-22,TxT8Ga3KQ0h5Hx1iJ0akexXFN1o=,rHirJYjuC7qr70K53Ttt8FGgJyk=
278,-28,TxT8Ga3KQ0h5Hx1iJ0akexXFN1o=,rHirJYjuC7qr70K53Ttt8FGgJyk=
273,-22,TxT8Ga3KQ0h5Hx1iJ0akexXFN1o=,rHirJYjuC7qr70K53Ttt8FGgJyk=
284,-32,TxT8Ga3KQ0h5Hx1iJ0akexXFN1o=,rHirJYjuC7qr70K53Ttt8FGgJyk=
285,-30,TxT8Ga3KQ0h5Hx1iJ0akexXFN1o=,rHirJYjuC7qr70K53Ttt8FGgJyk=
272,-22,TxT8Ga3KQ0h5Hx1iJ0akexXFN1o=,rHirJYjuC7qr70K53Ttt8FGgJyk=
279,-28,TxT8Ga3KQ0h5Hx1iJ0akexXFN1o=,rHirJYjuC7qr70K53Ttt8FGgJyk=
287,-23,TxT8Ga3KQ0h5Hx1iJ0akexXFN1o=,rHirJYjuC7qr70K53Ttt8FGgJyk=
286,-23,TxT8Ga3KQ0h5Hx1iJ0akexXFN1o=,rHirJYjuC7qr70K53Ttt8FGgJyk=
284,-31,TxT8Ga3KQ0h5Hx1iJ0akexXFN1o=,rHirJYjuC7qr70K53Ttt8FGgJyk=
285,-23,TxT8Ga3KQ0h5Hx1iJ0akexXFN1o=,rHirJYjuC7qr70K53Ttt8FGgJyk=
284,-23,TxT8Ga3KQ0h5Hx1iJ0akexXFN1o=,rHirJYjuC7qr70K53Ttt8FGgJyk=
283,-23,TxT8Ga3KQ0h5Hx1iJ0akexXFN1o=,rHirJYjuC7qr70K53Ttt8FGgJyk=
280,-28,TxT8Ga3KQ0h5Hx1iJ0akexXFN1o=,rHirJYjuC7qr70K53Ttt8FGgJyk=
282,-23,TxT8Ga3KQ0h5Hx1iJ0akexXFN1o=,rHirJYjuC7qr70K53Ttt8FGgJyk=
280,-23,TxT8Ga3KQ0h5Hx1iJ0akexXFN1o=,rHirJYjuC7qr70K53Ttt8FGgJyk=
278,-23,TxT8Ga3KQ0h5Hx1iJ0akexXFN1o=,rHirJYjuC7qr70K53Ttt8FGgJyk=
279,-23,TxT8Ga3KQ0h5Hx1iJ0akexXFN1o=,rHirJYjuC7qr70K53Ttt8FGgJyk=
281,-23,TxT8Ga3KQ0h5Hx1iJ0akexXFN1o=,rHirJYjuC7qr70K53Ttt8FGgJyk=
276,-23,TxT8Ga3KQ0h5Hx1iJ0akexXFN1o=,rHirJYjuC7qr70K53Ttt8FGgJyk=
277,-23,TxT8Ga3KQ0h5Hx1iJ0akexXFN1o=,rHirJYjuC7qr70K53Ttt8FGgJyk=
274,-23,TxT8Ga3KQ0h5Hx1iJ0akexXFN1o=,rHirJYjuC7qr70K53Ttt8FGgJyk=
275,-23,TxT8Ga3KQ0h5Hx1iJ0akexXFN1o=,rHirJYjuC7qr70K53Ttt8FGgJyk=
273,-23,TxT8Ga3KQ0h5Hx1iJ0akexXFN1o=,rHirJYjuC7qr70K53Ttt8FGgJyk=
283,-32,TxT8Ga3KQ0h5Hx1iJ0akexXFN1o=,rHirJYjuC7qr70K53Ttt8FGgJyk=
284,-30,TxT8Ga3KQ0h5Hx1iJ0akexXFN1o=,rHirJYjuC7qr70K53Ttt8FGgJyk=
281,-28,TxT8Ga3KQ0h5Hx1iJ0akexXFN1o=,rHirJYjuC7qr70K53Ttt8FGgJyk=
272,-23,TxT8Ga3KQ0h5Hx1iJ0akexXFN1o=,rHirJYjuC7qr70K53Ttt8FGgJyk=
283,-31,TxT8Ga3KQ0h5Hx1iJ0akexXFN1o=,rHirJYjuC7qr70K53Ttt8FGgJyk=
286,-24,TxT8Ga3KQ0h5Hx1iJ0akexXFN1o=,rHirJYjuC7qr70K53Ttt8FGgJyk=
282,-28,TxT8Ga3KQ0h5Hx1iJ0akexXFN1o=,rHirJYjuC7qr70K53Ttt8FGgJyk=
285,-24,TxT8Ga3KQ0h5Hx1iJ0akexXFN1o=,rHirJYjuC7qr70K53Ttt8FGgJyk=
287,-24,TxT8Ga3KQ0h5Hx1iJ0akexXFN1o=,rHirJYjuC7qr70K53Ttt8FGgJyk=
284,-24,TxT8Ga3KQ0h5Hx1iJ0akexXFN1o=,rHirJYjuC7qr70K53Ttt8FGgJyk=
283,-24,TxT8Ga3KQ0h5Hx1iJ0akexXFN1o=,rHirJYjuC7qr70K53Ttt8FGgJyk=
282,-24,TxT8Ga3KQ0h5Hx1iJ0akexXFN1o=,rHirJYjuC7qr70K53Ttt8FGgJyk=
280,-24,TxT8Ga3KQ0h5Hx1iJ0akexXFN1o=,rHirJYjuC7qr70K53Ttt8FGgJyk=
279,-24,TxT8Ga3KQ0h5Hx1iJ0akexXFN1o=,rHirJYjuC7qr70K53Ttt8FGgJyk=
283,-28,TxT8Ga3KQ0h5Hx1iJ0akexXFN1o=,rHirJYjuC7qr70K53Ttt8FGgJyk=
281,-24,TxT8Ga3KQ0h5Hx1iJ0akexXFN1o=,rHirJYjuC7qr70K53Ttt8FGgJyk=
278,-24,TxT8Ga3KQ0h5Hx1iJ0akexXFN1o=,rHirJYjuC7qr70K53Ttt8FGgJyk=
276,-24,TxT8Ga3KQ0h5Hx1iJ0akexXFN1o=,rHirJYjuC7qr70K53Ttt8FGgJyk=
275,-24,TxT8Ga3KQ0h5Hx1iJ0akexXFN1o=,rHirJYjuC7qr70K53Ttt8FGgJyk=
277,-24,TxT8Ga3KQ0h5Hx1iJ0akexXFN1o=,rHirJYjuC7qr70K53Ttt8FGgJyk=
274,-24,TxT8Ga3KQ0h5Hx1iJ0akexXFN1o=,rHirJYjuC7qr70K53Ttt8FGgJyk=
284,-28,TxT8Ga3KQ0h5Hx1iJ0akexXFN1o=,rHirJYjuC7qr70K53Ttt8FGgJyk=
273,-24,TxT8Ga3KQ0h5Hx1iJ0akexXFN1o=,rHirJYjuC7qr70K53Ttt8FGgJyk=
272,-24,TxT8Ga3KQ0h5Hx1iJ0akexXFN1o=,rHirJYjuC7qr70K53Ttt8FGgJyk=
282,-31,TxT8Ga3KQ0h5Hx1iJ0akexXFN1o=,rHirJYjuC7qr70K53Ttt8FGgJyk=
283,-30,TxT8Ga3KQ0h5Hx1iJ0akexXFN1o=,rHirJYjuC7qr70K53Ttt8FGgJyk=
287,-25,TxT8Ga3KQ0h5Hx1iJ0akexXFN1o=,rHirJYjuC7qr70K53Ttt8FGgJyk=
285,-28,TxT8Ga3KQ0h5Hx1iJ0akexXFN1o=,rHirJYjuC7qr70K53Ttt8FGgJyk=
284,-25,TxT8Ga3KQ0h5Hx1iJ0akexXFN1o=,rHirJYjuC7qr70K53Ttt8FGgJyk=
285,-25,TxT8Ga3KQ0h5Hx1iJ0akexXFN1o=,rHirJYjuC7qr70K53Ttt8FGgJyk=
286,-25,TxT8Ga3KQ0h5Hx1iJ0akexXFN1o=,rHirJYjuC7qr70K53Ttt8FGgJyk=
282,-32,TxT8Ga3KQ0h5Hx1iJ0akexXFN1o=,rHirJYjuC7qr70K53Ttt8FGgJyk=
283,-25,TxT8Ga3KQ0h5Hx1iJ0akexXFN1o=,rHirJYjuC7qr70K53Ttt8FGgJyk=
282,-25,TxT8Ga3KQ0h5Hx1iJ0akexXFN1o=,rHirJYjuC7qr70K53Ttt8FGgJyk=
280,-25,TxT8Ga3KQ0h5Hx1iJ0akexXFN1o=,rHirJYjuC7qr70K53Ttt8FGgJyk=
279,-25,TxT8Ga3KQ0h5Hx1iJ0akexXFN1o=,rHirJYjuC7qr70K53Ttt8FGgJyk=
278,-25,TxT8Ga3KQ0h5Hx1iJ0akexXFN1o=,rHirJYjuC7qr70K53Ttt8FGgJyk=
286,-28,TxT8Ga3KQ0h5Hx1iJ0akexXFN1o=,rHirJYjuC7qr70K53Ttt8FGgJyk=
281,-25,TxT8Ga3KQ0h5Hx1iJ0akexXFN1o=,rHirJYjuC7qr70K53Ttt8FGgJyk=
277,-25,TxT8Ga3KQ0h5Hx1iJ0akexXFN1o=,rHirJYjuC7qr70K53Ttt8FGgJyk=
276,-25,TxT8Ga3KQ0h5Hx1iJ0akexXFN1o=,rHirJYjuC7qr70K53Ttt8FGgJyk=
275,-25,TxT8Ga3KQ0h5Hx1iJ0akexXFN1o=,rHirJYjuC7qr70K53Ttt8FGgJyk=
274,-25,TxT8Ga3KQ0h5Hx1iJ0akexXFN1o=,rHirJYjuC7qr70K53Ttt8FGgJyk=
287,-28,TxT8Ga3KQ0h5Hx1iJ0akexXFN1o=,rHirJYjuC7qr70K53Ttt8FGgJyk=
273,-25,TxT8Ga3KQ0h5Hx1iJ0akexXFN1o=,rHirJYjuC7qr70K53Ttt8FGgJyk=
281,-32,TxT8Ga3KQ0h5Hx1iJ0akexXFN1o=,rHirJYjuC7qr70K53Ttt8FGgJyk=
272,-25,TxT8Ga3KQ0h5Hx1iJ0akexXFN1o=,rHirJYjuC7qr70K53Ttt8FGgJyk=
282,-30,TxT8Ga3KQ0h5Hx1iJ0akexXFN1o=,rHirJYjuC7qr70K53Ttt8FGgJyk=
281,-31,TxT8Ga3KQ0h5Hx1iJ0akexXFN1o=,rHirJYjuC7qr70K53Ttt8FGgJyk=
287,-26,TxT8Ga3KQ0h5Hx1iJ0akexXFN1o=,rHirJYjuC7qr70K53Ttt8FGgJyk=
279,-31,TxT8Ga3KQ0h5Hx1iJ0akexXFN1o=,rHirJYjuC7qr70K53Ttt8FGgJyk=
286,-26,TxT8Ga3KQ0h5Hx1iJ0akexXFN1o=,rHirJYjuC7qr70K53Ttt8FGgJyk=
285,-26,TxT8Ga3KQ0h5Hx1iJ0akexXFN1o=,rHirJYjuC7qr70K53Ttt8FGgJyk=
284,-26,TxT8Ga3KQ0h5Hx1iJ0akexXFN1o=,rHirJYjuC7qr70K53Ttt8FGgJyk=
283,-26,TxT8Ga3KQ0h5Hx1iJ0akexXFN1o=,rHirJYjuC7qr70K53Ttt8FGgJyk=
282,-26,TxT8Ga3KQ0h5Hx1iJ0akexXFN1o=,rHirJYjuC7qr70K53Ttt8FGgJyk=
280,-26,TxT8Ga3KQ0h5Hx1iJ0akexXFN1o=,rHirJYjuC7qr70K53Ttt8FGgJyk=
279,-26,TxT8Ga3KQ0h5Hx1iJ0akexXFN1o=,rHirJYjuC7qr70K53Ttt8FGgJyk=
278,-26,TxT8Ga3KQ0h5Hx1iJ0akexXFN1o=,rHirJYjuC7qr70K53Ttt8FGgJyk=
277,-26,TxT8Ga3KQ0h5Hx1iJ0akexXFN1o=,rHirJYjuC7qr70K53Ttt8FGgJyk=
276,-26,TxT8Ga3KQ0h5Hx1iJ0akexXFN1o=,rHirJYjuC7qr70K53Ttt8FGgJyk=
280,-30,TxT8Ga3KQ0h5Hx1iJ0akexXFN1o=,rHirJYjuC7qr70K53Ttt8FGgJyk=
275,-26,TxT8Ga3KQ0h5Hx1iJ0akexXFN1o=,rHirJYjuC7qr70K53Ttt8FGgJyk=
274,-26,TxT8Ga3KQ0h5Hx1iJ0akexXFN1o=,rHirJYjuC7qr70K53Ttt8FGgJyk=
273,-26,TxT8Ga3KQ0h5Hx1iJ0akexXFN1o=,rHirJYjuC7qr70K53Ttt8FGgJyk=
279,-32,TxT8Ga3KQ0h5Hx1iJ0akexXFN1o=,rHirJYjuC7qr70K53Ttt8FGgJyk=
281,-26,TxT8Ga3KQ0h5Hx1iJ0akexXFN1o=,rHirJYjuC7qr70K53Ttt8FGgJyk=
280,-32,TxT8Ga3KQ0h5Hx1iJ0akexXFN1o=,rHirJYjuC7qr70K53Ttt8FGgJyk=
281,-30,TxT8Ga3KQ0h5Hx1iJ0akexXFN1o=,rHirJYjuC7qr70K53Ttt8FGgJyk=
272,-26,TxT8Ga3KQ0h5Hx1iJ0akexXFN1o=,rHirJYjuC7qr70K53Ttt8FGgJyk=
280,-31,TxT8Ga3KQ0h5Hx1iJ0akexXFN1o=,rHirJYjuC7qr70K53Ttt8FGgJyk=
287,-27,TxT8Ga3KQ0h5Hx1iJ0akexXFN1o=,rHirJYjuC7qr70K53Ttt8FGgJyk=
286,-27,TxT8Ga3KQ0h5Hx1iJ0akexXFN1o=,rHirJYjuC7qr70K53Ttt8FGgJyk=
285,-27,TxT8Ga3KQ0h5Hx1iJ0akexXFN1o=,rHirJYjuC7qr70K53Ttt8FGgJyk=
272,-27,TxT8Ga3KQ0h5Hx1iJ0akexXFN1o=,rHirJYjuC7qr70K53Ttt8FGgJyk=
284,-27,TxT8Ga3KQ0h5Hx1iJ0akexXFN1o=,rHirJYjuC7qr70K53Ttt8FGgJyk=
281,-27,TxT8Ga3KQ0h5Hx1iJ0akexXFN1o=,rHirJYjuC7qr70K53Ttt8FGgJyk=
280,-27,TxT8Ga3KQ0h5Hx1iJ0akexXFN1o=,rHirJYjuC7qr70K53Ttt8FGgJyk=
282,-27,TxT8Ga3KQ0h5Hx1iJ0akexXFN1o=,rHirJYjuC7qr70K53Ttt8FGgJyk=
283,-27,TxT8Ga3KQ0h5Hx1iJ0akexXFN1o=,rHirJYjuC7qr70K53Ttt8FGgJyk=
279,-27,TxT8Ga3KQ0h5Hx1iJ0akexXFN1o=,rHirJYjuC7qr70K53Ttt8FGgJyk=
278,-27,TxT8Ga3KQ0h5Hx1iJ0akexXFN1o=,rHirJYjuC7qr70K53Ttt8FGgJyk=
273,-27,TxT8Ga3KQ0h5Hx1iJ0akexXFN1o=,rHirJYjuC7qr70K53Ttt8FGgJyk=
277,-27,TxT8Ga3KQ0h5Hx1iJ0akexXFN1o=,rHirJYjuC7qr70K53Ttt8FGgJyk=
275,-27,TxT8Ga3KQ0h5Hx1iJ0akexXFN1o=,rHirJYjuC7qr70K53Ttt8FGgJyk=
274,-27,TxT8Ga3KQ0h5Hx1iJ0akexXFN1o=,rHirJYjuC7qr70K53Ttt8FGgJyk=
276,-27,TxT8Ga3KQ0h5Hx1iJ0akexXFN1o=,rHirJYjuC7qr70K53Ttt8FGgJyk=
260,-29,MGcOVu2rjNxkYPFCRNcFh7PM6n8=,dfoYTj+4mllcf1sM8aGBxiNeA/o=
259,-29,MGcOVu2rjNxkYPFCRNcFh7PM6n8=,dfoYTj+4mllcf1sM8aGBxiNeA/o=
263,-29,MGcOVu2rjNxkYPFCRNcFh7PM6n8=,dfoYTj+4mllcf1sM8aGBxiNeA/o=
261,-31,xddgsxem5cJkqnRT/gpydMVPyG8=,dfoYTj+4mllcf1sM8aGBxiNeA/o=
262,-30,MGcOVu2rjNxkYPFCRNcFh7PM6n8=,dfoYTj+4mllcf1sM8aGBxiNeA/o=
260,-31,MGcOVu2rjNxkYPFCRNcFh7PM6n8=,dfoYTj+4mllcf1sM8aGBxiNeA/o=
261,-32,MGcOVu2rjNxkYPFCRNcFh7PM6n8=,dfoYTj+4mllcf1sM8aGBxiNeA/o=
258,-29,MGcOVu2rjNxkYPFCRNcFh7PM6n8=,dfoYTj+4mllcf1sM8aGBxiNeA/o=
261,-30,MGcOVu2rjNxkYPFCRNcFh7PM6n8=,dfoYTj+4mllcf1sM8aGBxiNeA/o=
257,-32,xddgsxem5cJkqnRT/gpydMVPyG8=,dfoYTj+4mllcf1sM8aGBxiNeA/o=
260,-30,MGcOVu2rjNxkYPFCRNcFh7PM6n8=,dfoYTj+4mllcf1sM8aGBxiNeA/o=
264,-29,MGcOVu2rjNxkYPFCRNcFh7PM6n8=,dfoYTj+4mllcf1sM8aGBxiNeA/o=
259,-32,MGcOVu2rjNxkYPFCRNcFh7PM6n8=,dfoYTj+4mllcf1sM8aGBxiNeA/o=
256,-32,xddgsxem5cJkqnRT/gpydMVPyG8=,dfoYTj+4mllcf1sM8aGBxiNeA/o=
262,-29,xddgsxem5cJkqnRT/gpydMVPyG8=,dfoYTj+4mllcf1sM8aGBxiNeA/o=
261,-29,MGcOVu2rjNxkYPFCRNcFh7PM6n8=,dfoYTj+4mllcf1sM8aGBxiNeA/o=
265,-29,MGcOVu2rjNxkYPFCRNcFh7PM6n8=,dfoYTj+4mllcf1sM8aGBxiNeA/o=
270,-17,MGcOVu2rjNxkYPFCRNcFh7PM6n8=,dfoYTj+4mllcf1sM8aGBxiNeA/o=
271,-17,MGcOVu2rjNxkYPFCRNcFh7PM6n8=,dfoYTj+4mllcf1sM8aGBxiNeA/o=
269,-17,MGcOVu2rjNxkYPFCRNcFh7PM6n8=,dfoYTj+4mllcf1sM8aGBxiNeA/o=
268,-17,MGcOVu2rjNxkYPFCRNcFh7PM6n8=,dfoYTj+4mllcf1sM8aGBxiNeA/o=
267,-17,MGcOVu2rjNxkYPFCRNcFh7PM6n8=,dfoYTj+4mllcf1sM8aGBxiNeA/o=
263,-17,MGcOVu2rjNxkYPFCRNcFh7PM6n8=,dfoYTj+4mllcf1sM8aGBxiNeA/o=
266,-29,MGcOVu2rjNxkYPFCRNcFh7PM6n8=,dfoYTj+4mllcf1sM8aGBxiNeA/o=
266,-17,MGcOVu2rjNxkYPFCRNcFh7PM6n8=,dfoYTj+4mllcf1sM8aGBxiNeA/o=
262,-17,MGcOVu2rjNxkYPFCRNcFh7PM6n8=,dfoYTj+4mllcf1sM8aGBxiNeA/o=
265,-17,MGcOVu2rjNxkYPFCRNcFh7PM6n8=,dfoYTj+4mllcf1sM8aGBxiNeA/o=
264,-17,MGcOVu2rjNxkYPFCRNcFh7PM6n8=,dfoYTj+4mllcf1sM8aGBxiNeA/o=
260,-17,MGcOVu2rjNxkYPFCRNcFh7PM6n8=,dfoYTj+4mllcf1sM8aGBxiNeA/o=
261,-17,MGcOVu2rjNxkYPFCRNcFh7PM6n8=,dfoYTj+4mllcf1sM8aGBxiNeA/o=
259,-17,MGcOVu2rjNxkYPFCRNcFh7PM6n8=,dfoYTj+4mllcf1sM8aGBxiNeA/o=
258,-17,MGcOVu2rjNxkYPFCRNcFh7PM6n8=,dfoYTj+4mllcf1sM8aGBxiNeA/o=
267,-29,MGcOVu2rjNxkYPFCRNcFh7PM6n8=,dfoYTj+4mllcf1sM8aGBxiNeA/o=
260,-32,MGcOVu2rjNxkYPFCRNcFh7PM6n8=,dfoYTj+4mllcf1sM8aGBxiNeA/o=
256,-17,MGcOVu2rjNxkYPFCRNcFh7PM6n8=,dfoYTj+4mllcf1sM8aGBxiNeA/o=
259,-30,MGcOVu2rjNxkYPFCRNcFh7PM6n8=,dfoYTj+4mllcf1sM8aGBxiNeA/o=
268,-29,MGcOVu2rjNxkYPFCRNcFh7PM6n8=,dfoYTj+4mllcf1sM8aGBxiNeA/o=
269,-18,MGcOVu2rjNxkYPFCRNcFh7PM6n8=,dfoYTj+4mllcf1sM8aGBxiNeA/o=
268,-18,MGcOVu2rjNxkYPFCRNcFh7PM6n8=,dfoYTj+4mllcf1sM8aGBxiNeA/o=
270,-18,MGcOVu2rjNxkYPFCRNcFh7PM6n8=,dfoYTj+4mllcf1sM8aGBxiNeA/o=
269,-29,MGcOVu2rjNxkYPFCRNcFh7PM6n8=,dfoYTj+4mllcf1sM8aGBxiNeA/o=
267,-18,MGcOVu2rjNxkYPFCRNcFh7PM6n8=,dfoYTj+4mllcf1sM8aGBxiNeA/o=
266,-18,MGcOVu2rjNxkYPFCRNcFh7PM6n8=,dfoYTj+4mllcf1sM8aGBxiNeA/o=
257,-17,MGcOVu2rjNxkYPFCRNcFh7PM6n8=,dfoYTj+4mllcf1sM8aGBxiNeA/o=
265,-18,MGcOVu2rjNxkYPFCRNcFh7PM6n8=,dfoYTj+4mllcf1sM8aGBxiNeA/o=
263,-18,MGcOVu2rjNxkYPFCRNcFh7PM6n8=,dfoYTj+4mllcf1sM8aGBxiNeA/o=
271,-18,MGcOVu2rjNxkYPFCRNcFh7PM6n8=,dfoYTj+4mllcf1sM8aGBxiNeA/o=
262,-18,MGcOVu2rjNxkYPFCRNcFh7PM6n8=,dfoYTj+4mllcf1sM8aGBxiNeA/o=
270,-29,MGcOVu2rjNxkYPFCRNcFh7PM6n8=,dfoYTj+4mllcf1sM8aGBxiNeA/o=
264,-18,MGcOVu2rjNxkYPFCRNcFh7PM6n8=,dfoYTj+4mllcf1sM8aGBxiNeA/o=
262,-31,MGcOVu2rjNxkYPFCRNcFh7PM6n8=,dfoYTj+4mllcf1sM8aGBxiNeA/o=
258,-18,MGcOVu2rjNxkYPFCRNcFh7PM6n8=,dfoYTj+4mllcf1sM8aGBxiNeA/o=
260,-18,MGcOVu2rjNxkYPFCRNcFh7PM6n8=,dfoYTj+4mllcf1sM8aGBxiNeA/o=
259,-18,MGcOVu2rjNxkYPFCRNcFh7PM6n8=,dfoYTj+4mllcf1sM8aGBxiNeA/o=
257,-18,MGcOVu2rjNxkYPFCRNcFh7PM6n8=,dfoYTj+4mllcf1sM8aGBxiNeA/o=
256,-18,MGcOVu2rjNxkYPFCRNcFh7PM6n8=,dfoYTj+4mllcf1sM8aGBxiNeA/o=
258,-30,MGcOVu2rjNxkYPFCRNcFh7PM6n8=,dfoYTj+4mllcf1sM8aGBxiNeA/o=
261,-18,MGcOVu2rjNxkYPFCRNcFh7PM6n8=,dfoYTj+4mllcf1sM8aGBxiNeA/o=
271,-29,MGcOVu2rjNxkYPFCRNcFh7PM6n8=,dfoYTj+4mllcf1sM8aGBxiNeA/o=
270,-19,MGcOVu2rjNxkYPFCRNcFh7PM6n8=,dfoYTj+4mllcf1sM8aGBxiNeA/o=
259,-31,MGcOVu2rjNxkYPFCRNcFh7PM6n8=,dfoYTj+4mllcf1sM8aGBxiNeA/o=
271,-19,MGcOVu2rjNxkYPFCRNcFh7PM6n8=,dfoYTj+4mllcf1sM8aGBxiNeA/o=
263,-30,MGcOVu2rjNxkYPFCRNcFh7PM6n8=,dfoYTj+4mllcf1sM8aGBxiNeA/o=
268,-19,MGcOVu2rjNxkYPFCRNcFh7PM6n8=,dfoYTj+4mllcf1sM8aGBxiNeA/o=
269,-19,MGcOVu2rjNxkYPFCRNcFh7PM6n8=,dfoYTj+4mllcf1sM8aGBxiNeA/o=
266,-19,MGcOVu2rjNxkYPFCRNcFh7PM6n8=,dfoYTj+4mllcf1sM8aGBxiNeA/o=
256,-28,MGcOVu2rjNxkYPFCRNcFh7PM6n8=,dfoYTj+4mllcf1sM8aGBxiNeA/o=
264,-19,MGcOVu2rjNxkYPFCRNcFh7PM6n8=,dfoYTj+4mllcf1sM8aGBxiNeA/o=
261,-19,MGcOVu2rjNxkYPFCRNcFh7PM6n8=,dfoYTj+4mllcf1sM8aGBxiNeA/o=
262,-32,MGcOVu2rjNxkYPFCRNcFh7PM6n8=,dfoYTj+4mllcf1sM8aGBxiNeA/o=
262,-19,MGcOVu2rjNxkYPFCRNcFh7PM6n8=,dfoYTj+4mllcf1sM8aGBxiNeA/o=
259,-19,MGcOVu2rjNxkYPFCRNcFh7PM6n8=,dfoYTj+4mllcf1sM8aGBxiNeA/o=
260,-19,MGcOVu2rjNxkYPFCRNcFh7PM6n8=,dfoYTj+4mllcf1sM8aGBxiNeA/o=
258,-19,MGcOVu2rjNxkYPFCRNcFh7PM6n8=,dfoYTj+4mllcf1sM8aGBxiNeA/o=
257,-28,MGcOVu2rjNxkYPFCRNcFh7PM6n8=,dfoYTj+4mllcf1sM8aGBxiNeA/o=
257,-19,MGcOVu2rjNxkYPFCRNcFh7PM6n8=,dfoYTj+4mllcf1sM8aGBxiNeA/o=
263,-19,MGcOVu2rjNxkYPFCRNcFh7PM6n8=,dfoYTj+4mllcf1sM8aGBxiNeA/o=
256,-19,MGcOVu2rjNxkYPFCRNcFh7PM6n8=,dfoYTj+4mllcf1sM8aGBxiNeA/o=
258,-31,MGcOVu2rjNxkYPFCRNcFh7PM6n8=,dfoYTj+4mllcf1sM8aGBxiNeA/o=
271,-20,MGcOVu2rjNxkYPFCRNcFh7PM6n8=,dfoYTj+4mllcf1sM8aGBxiNeA/o=
267,-19,MGcOVu2rjNxkYPFCRNcFh7PM6n8=,dfoYTj+4mllcf1sM8aGBxiNeA/o=
269,-20,MGcOVu2rjNxkYPFCRNcFh7PM6n8=,dfoYTj+4mllcf1sM8aGBxiNeA/o=
268,-20,MGcOVu2rjNxkYPFCRNcFh7PM6n8=,dfoYTj+4mllcf1sM8aGBxiNeA/o=
266,-20,MGcOVu2rjNxkYPFCRNcFh7PM6n8=,dfoYTj+4mllcf1sM8aGBxiNeA/o=
267,-20,MGcOVu2rjNxkYPFCRNcFh7PM6n8=,dfoYTj+4mllcf1sM8aGBxiNeA/o=
265,-20,MGcOVu2rjNxkYPFCRNcFh7PM6n8=,dfoYTj+4mllcf1sM8aGBxiNeA/o=
265,-19,MGcOVu2rjNxkYPFCRNcFh7PM6n8=,dfoYTj+4mllcf1sM8aGBxiNeA/o=
262,-20,MGcOVu2rjNxkYPFCRNcFh7PM6n8=,dfoYTj+4mllcf1sM8aGBxiNeA/o=
263,-20,MGcOVu2rjNxkYPFCRNcFh7PM6n8=,dfoYTj+4mllcf1sM8aGBxiNeA/o=
261,-20,MGcOVu2rjNxkYPFCRNcFh7PM6n8=,dfoYTj+4mllcf1sM8aGBxiNeA/o=
260,-20,MGcOVu2rjNxkYPFCRNcFh7PM6n8=,dfoYTj+4mllcf1sM8aGBxiNeA/o=
258,-20,MGcOVu2rjNxkYPFCRNcFh7PM6n8=,dfoYTj+4mllcf1sM8aGBxiNeA/o=
259,-20,MGcOVu2rjNxkYPFCRNcFh7PM6n8=,dfoYTj+4mllcf1sM8aGBxiNeA/o=
256,-20,MGcOVu2rjNxkYPFCRNcFh7PM6n8=,dfoYTj+4mllcf1sM8aGBxiNeA/o=
257,-20,MGcOVu2rjNxkYPFCRNcFh7PM6n8=,dfoYTj+4mllcf1sM8aGBxiNeA/o=
256,-31,MGcOVu2rjNxkYPFCRNcFh7PM6n8=,dfoYTj+4mllcf1sM8aGBxiNeA/o=
264,-20,MGcOVu2rjNxkYPFCRNcFh7PM6n8=,dfoYTj+4mllcf1sM8aGBxiNeA/o=
257,-31,MGcOVu2rjNxkYPFCRNcFh7PM6n8=,dfoYTj+4mllcf1sM8aGBxiNeA/o=
271,-32,MGcOVu2rjNxkYPFCRNcFh7PM6n8=,dfoYTj+4mllcf1sM8aGBxiNeA/o=
256,-29,MGcOVu2rjNxkYPFCRNcFh7PM6n8=,dfoYTj+4mllcf1sM8aGBxiNeA/o=
256,-30,MGcOVu2rjNxkYPFCRNcFh7PM6n8=,dfoYTj+4mllcf1sM8aGBxiNeA/o=
271,-30,MGcOVu2rjNxkYPFCRNcFh7PM6n8=,dfoYTj+4mllcf1sM8aGBxiNeA/o=
271,-31,MGcOVu2rjNxkYPFCRNcFh7PM6n8=,dfoYTj+4mllcf1sM8aGBxiNeA/o=
271,-21,MGcOVu2rjNxkYPFCRNcFh7PM6n8=,dfoYTj+4mllcf1sM8aGBxiNeA/o=
270,-31,MGcOVu2rjNxkYPFCRNcFh7PM6n8=,dfoYTj+4mllcf1sM8aGBxiNeA/o=
270,-32,MGcOVu2rjNxkYPFCRNcFh7PM6n8=,dfoYTj+4mllcf1sM8aGBxiNeA/o=
270,-21,MGcOVu2rjNxkYPFCRNcFh7PM6n8=,dfoYTj+4mllcf1sM8aGBxiNeA/o=
258,-32,MGcOVu2rjNxkYPFCRNcFh7PM6n8=,dfoYTj+4mllcf1sM8aGBxiNeA/o=
267,-21,MGcOVu2rjNxkYPFCRNcFh7PM6n8=,dfoYTj+4mllcf1sM8aGBxiNeA/o=
269,-21,MGcOVu2rjNxkYPFCRNcFh7PM6n8=,dfoYTj+4mllcf1sM8aGBxiNeA/o=
257,-30,MGcOVu2rjNxkYPFCRNcFh7PM6n8=,dfoYTj+4mllcf1sM8aGBxiNeA/o=
268,-21,MGcOVu2rjNxkYPFCRNcFh7PM6n8=,dfoYTj+4mllcf1sM8aGBxiNeA/o=
266,-21,MGcOVu2rjNxkYPFCRNcFh7PM6n8=,dfoYTj+4mllcf1sM8aGBxiNeA/o=
270,-20,MGcOVu2rjNxkYPFCRNcFh7PM6n8=,dfoYTj+4mllcf1sM8aGBxiNeA/o=
265,-21,MGcOVu2rjNxkYPFCRNcFh7PM6n8=,dfoYTj+4mllcf1sM8aGBxiNeA/o=
262,-21,MGcOVu2rjNxkYPFCRNcFh7PM6n8=,dfoYTj+4mllcf1sM8aGBxiNeA/o=
261,-21,MGcOVu2rjNxkYPFCRNcFh7PM6n8=,dfoYTj+4mllcf1sM8aGBxiNeA/o=
258,-21,MGcOVu2rjNxkYPFCRNcFh7PM6n8=,dfoYTj+4mllcf1sM8aGBxiNeA/o=
260,-21,MGcOVu2rjNxkYPFCRNcFh7PM6n8=,dfoYTj+4mllcf1sM8aGBxiNeA/o=
270,-30,MGcOVu2rjNxkYPFCRNcFh7PM6n8=,dfoYTj+4mllcf1sM8aGBxiNeA/o=
256,-21,MGcOVu2rjNxkYPFCRNcFh7PM6n8=,dfoYTj+4mllcf1sM8aGBxiNeA/o=
263,-21,MGcOVu2rjNxkYPFCRNcFh7PM6n8=,dfoYTj+4mllcf1sM8aGBxiNeA/o=
264,-21,MGcOVu2rjNxkYPFCRNcFh7PM6n8=,dfoYTj+4mllcf1sM8aGBxiNeA/o=
257,-21,MGcOVu2rjNxkYPFCRNcFh7PM6n8=,dfoYTj+4mllcf1sM8aGBxiNeA/o=
259,-21,MGcOVu2rjNxkYPFCRNcFh7PM6n8=,dfoYTj+4mllcf1sM8aGBxiNeA/o=
271,-22,MGcOVu2rjNxkYPFCRNcFh7PM6n8=,dfoYTj+4mllcf1sM8aGBxiNeA/o=
270,-22,MGcOVu2rjNxkYPFCRNcFh7PM6n8=,dfoYTj+4mllcf1sM8aGBxiNeA/o=
269,-32,MGcOVu2rjNxkYPFCRNcFh7PM6n8=,dfoYTj+4mllcf1sM8aGBxiNeA/o=
268,-22,MGcOVu2rjNxkYPFCRNcFh7PM6n8=,dfoYTj+4mllcf1sM8aGBxiNeA/o=
267,-22,MGcOVu2rjNxkYPFCRNcFh7PM6n8=,dfoYTj+4mllcf1sM8aGBxiNeA/o=
266,-22,MGcOVu2rjNxkYPFCRNcFh7PM6n8=,dfoYTj+4mllcf1sM8aGBxiNeA/o=
263,-22,MGcOVu2rjNxkYPFCRNcFh7PM6n8=,dfoYTj+4mllcf1sM8aGBxiNeA/o=
265,-22,MGcOVu2rjNxkYPFCRNcFh7PM6n8=,dfoYTj+4mllcf1sM8aGBxiNeA/o=
262,-22,MGcOVu2rjNxkYPFCRNcFh7PM6n8=,dfoYTj+4mllcf1sM8aGBxiNeA/o=
264,-22,MGcOVu2rjNxkYPFCRNcFh7PM6n8=,dfoYTj+4mllcf1sM8aGBxiNeA/o=
261,-22,MGcOVu2rjNxkYPFCRNcFh7PM6n8=,dfoYTj+4mllcf1sM8aGBxiNeA/o=
269,-22,MGcOVu2rjNxkYPFCRNcFh7PM6n8=,dfoYTj+4mllcf1sM8aGBxiNeA/o=
259,-22,MGcOVu2rjNxkYPFCRNcFh7PM6n8=,dfoYTj+4mllcf1sM8aGBxiNeA/o=
269,-31,MGcOVu2rjNxkYPFCRNcFh7PM6n8=,dfoYTj+4mllcf1sM8aGBxiNeA/o=
268,-32,MGcOVu2rjNxkYPFCRNcFh7PM6n8=,dfoYTj+4mllcf1sM8aGBxiNeA/o=
269,-30,MGcOVu2rjNxkYPFCRNcFh7PM6n8=,dfoYTj+4mllcf1sM8aGBxiNeA/o=
260,-22,MGcOVu2rjNxkYPFCRNcFh7PM6n8=,dfoYTj+4mllcf1sM8aGBxiNeA/o=
271,-23,MGcOVu2rjNxkYPFCRNcFh7PM6n8=,dfoYTj+4mllcf1sM8aGBxiNeA/o=
268,-31,MGcOVu2rjNxkYPFCRNcFh7PM6n8=,dfoYTj+4mllcf1sM8aGBxiNeA/o=
270,-23,MGcOVu2rjNxkYPFCRNcFh7PM6n8=,dfoYTj+4mllcf1sM8aGBxiNeA/o=
256,-22,MGcOVu2rjNxkYPFCRNcFh7PM6n8=,dfoYTj+4mllcf1sM8aGBxiNeA/o=
269,-23,MGcOVu2rjNxkYPFCRNcFh7PM6n8=,dfoYTj+4mllcf1sM8aGBxiNeA/o=
268,-23,MGcOVu2rjNxkYPFCRNcFh7PM6n8=,dfoYTj+4mllcf1sM8aGBxiNeA/o=
267,-23,MGcOVu2rjNxkYPFCRNcFh7PM6n8=,dfoYTj+4mllcf1sM8aGBxiNeA/o=
257,-22,MGcOVu2rjNxkYPFCRNcFh7PM6n8=,dfoYTj+4mllcf1sM8aGBxiNeA/o=
265,-23,MGcOVu2rjNxkYPFCRNcFh7PM6n8=,dfoYTj+4mllcf1sM8aGBxiNeA/o=
262,-23,MGcOVu2rjNxkYPFCRNcFh7PM6n8=,dfoYTj+4mllcf1sM8aGBxiNeA/o=
264,-23,MGcOVu2rjNxkYPFCRNcFh7PM6n8=,dfoYTj+4mllcf1sM8aGBxiNeA/o=
260,-23,MGcOVu2rjNxkYPFCRNcFh7PM6n8=,dfoYTj+4mllcf1sM8aGBxiNeA/o=
261,-23,MGcOVu2rjNxkYPFCRNcFh7PM6n8=,dfoYTj+4mllcf1sM8aGBxiNeA/o=
259,-23,MGcOVu2rjNxkYPFCRNcFh7PM6n8=,dfoYTj+4mllcf1sM8aGBxiNeA/o=
258,-23,MGcOVu2rjNxkYPFCRNcFh7PM6n8=,dfoYTj+4mllcf1sM8aGBxiNeA/o=
266,-23,MGcOVu2rjNxkYPFCRNcFh7PM6n8=,dfoYTj+4mllcf1sM8aGBxiNeA/o=
268,-30,MGcOVu2rjNxkYPFCRNcFh7PM6n8=,dfoYTj+4mllcf1sM8aGBxiNeA/o=
257,-23,MGcOVu2rjNxkYPFCRNcFh7PM6n8=,dfoYTj+4mllcf1sM8aGBxiNeA/o=
256,-23,MGcOVu2rjNxkYPFCRNcFh7PM6n8=,dfoYTj+4mllcf1sM8aGBxiNeA/o=
267,-31,MGcOVu2rjNxkYPFCRNcFh7PM6n8=,dfoYTj+4mllcf1sM8aGBxiNeA/o=
271,-24,MGcOVu2rjNxkYPFCRNcFh7PM6n8=,dfoYTj+4mllcf1sM8aGBxiNeA/o=
267,-32,MGcOVu2rjNxkYPFCRNcFh7PM6n8=,dfoYTj+4mllcf1sM8aGBxiNeA/o=
269,-24,MGcOVu2rjNxkYPFCRNcFh7PM6n8=,dfoYTj+4mllcf1sM8aGBxiNeA/o=
268,-24,MGcOVu2rjNxkYPFCRNcFh7PM6n8=,dfoYTj+4mllcf1sM8aGBxiNeA/o=
270,-24,MGcOVu2rjNxkYPFCRNcFh7PM6n8=,dfoYTj+4mllcf1sM8aGBxiNeA/o=
267,-24,MGcOVu2rjNxkYPFCRNcFh7PM6n8=,dfoYTj+4mllcf1sM8aGBxiNeA/o=
265,-24,MGcOVu2rjNxkYPFCRNcFh7PM6n8=,dfoYTj+4mllcf1sM8aGBxiNeA/o=
264,-24,MGcOVu2rjNxkYPFCRNcFh7PM6n8=,dfoYTj+4mllcf1sM8aGBxiNeA/o=
263,-24,MGcOVu2rjNxkYPFCRNcFh7PM6n8=,dfoYTj+4mllcf1sM8aGBxiNeA/o=
266,-24,MGcOVu2rjNxkYPFCRNcFh7PM6n8=,dfoYTj+4mllcf1sM8aGBxiNeA/o=
262,-24,MGcOVu2rjNxkYPFCRNcFh7PM6n8=,dfoYTj+4mllcf1sM8aGBxiNeA/o=
261,-24,MGcOVu2rjNxkYPFCRNcFh7PM6n8=,dfoYTj+4mllcf1sM8aGBxiNeA/o=
259,-24,MGcOVu2rjNxkYPFCRNcFh7PM6n8=,dfoYTj+4mllcf1sM8aGBxiNeA/o=
258,-24,MGcOVu2rjNxkYPFCRNcFh7PM6n8=,dfoYTj+4mllcf1sM8aGBxiNeA/o=
257,-24,MGcOVu2rjNxkYPFCRNcFh7PM6n8=,dfoYTj+4mllcf1sM8aGBxiNeA/o=
266,-32,MGcOVu2rjNxkYPFCRNcFh7PM6n8=,dfoYTj+4mllcf1sM8aGBxiNeA/o=
267,-30,MGcOVu2rjNxkYPFCRNcFh7PM6n8=,dfoYTj+4mllcf1sM8aGBxiNeA/o=
260,-24,MGcOVu2rjNxkYPFCRNcFh7PM6n8=,dfoYTj+4mllcf1sM8aGBxiNeA/o=
263,-23,MGcOVu2rjNxkYPFCRNcFh7PM6n8=,dfoYTj+4mllcf1sM8aGBxiNeA/o=
266,-31,MGcOVu2rjNxkYPFCRNcFh7PM6n8=,dfoYTj+4mllcf1sM8aGBxiNeA/o=
256,-24,MGcOVu2rjNxkYPFCRNcFh7PM6n8=,dfoYTj+4mllcf1sM8aGBxiNeA/o=
271,-25,MGcOVu2rjNxkYPFCRNcFh7PM6n8=,dfoYTj+4mllcf1sM8aGBxiNeA/o=
270,-25,MGcOVu2rjNxkYPFCRNcFh7PM6n8=,dfoYTj+4mllcf1sM8aGBxiNeA/o=
258,-22,MGcOVu2rjNxkYPFCRNcFh7PM6n8=,dfoYTj+4mllcf1sM8aGBxiNeA/o=
267,-25,MGcOVu2rjNxkYPFCRNcFh7PM6n8=,dfoYTj+4mllcf1sM8aGBxiNeA/o=
269,-25,MGcOVu2rjNxkYPFCRNcFh7PM6n8=,dfoYTj+4mllcf1sM8aGBxiNeA/o=
268,-25,MGcOVu2rjNxkYPFCRNcFh7PM6n8=,dfoYTj+4mllcf1sM8aGBxiNeA/o=
263,-25,MGcOVu2rjNxkYPFCRNcFh7PM6n8=,dfoYTj+4mllcf1sM8aGBxiNeA/o=
266,-25,MGcOVu2rjNxkYPFCRNcFh7PM6n8=,dfoYTj+4mllcf1sM8aGBxiNeA/o=
262,-25,MGcOVu2rjNxkYPFCRNcFh7PM6n8=,dfoYTj+4mllcf1sM8aGBxiNeA/o=
265,-25,MGcOVu2rjNxkYPFCRNcFh7PM6n8=,dfoYTj+4mllcf1sM8aGBxiNeA/o=
260,-25,MGcOVu2rjNxkYPFCRNcFh7PM6n8=,dfoYTj+4mllcf1sM8aGBxiNeA/o=
261,-25,MGcOVu2rjNxkYPFCRNcFh7PM6n8=,dfoYTj+4mllcf1sM8aGBxiNeA/o=
264,-25,MGcOVu2rjNxkYPFCRNcFh7PM6n8=,dfoYTj+4mllcf1sM8aGBxiNeA/o=
258,-25,MGcOVu2rjNxkYPFCRNcFh7PM6n8=,dfoYTj+4mllcf1sM8aGBxiNeA/o=
259,-25,MGcOVu2rjNxkYPFCRNcFh7PM6n8=,dfoYTj+4mllcf1sM8aGBxiNeA/o=
257,-25,MGcOVu2rjNxkYPFCRNcFh7PM6n8=,dfoYTj+4mllcf1sM8aGBxiNeA/o=
256,-25,MGcOVu2rjNxkYPFCRNcFh7PM6n8=,dfoYTj+4mllcf1sM8aGBxiNeA/o=
266,-30,MGcOVu2rjNxkYPFCRNcFh7PM6n8=,dfoYTj+4mllcf1sM8aGBxiNeA/o=
265,-32,MGcOVu2rjNxkYPFCRNcFh7PM6n8=,dfoYTj+4mllcf1sM8aGBxiNeA/o=
271,-26,MGcOVu2rjNxkYPFCRNcFh7PM6n8=,dfoYTj+4mllcf1sM8aGBxiNeA/o=
265,-31,MGcOVu2rjNxkYPFCRNcFh7PM6n8=,dfoYTj+4mllcf1sM8aGBxiNeA/o=
267,-26,MGcOVu2rjNxkYPFCRNcFh7PM6n8=,dfoYTj+4mllcf1sM8aGBxiNeA/o=
266,-26,MGcOVu2rjNxkYPFCRNcFh7PM6n8=,dfoYTj+4mllcf1sM8aGBxiNeA/o=
268,-26,MGcOVu2rjNxkYPFCRNcFh7PM6n8=,dfoYTj+4mllcf1sM8aGBxiNeA/o=
264,-26,MGcOVu2rjNxkYPFCRNcFh7PM6n8=,dfoYTj+4mllcf1sM8aGBxiNeA/o=
269,-26,MGcOVu2rjNxkYPFCRNcFh7PM6n8=,dfoYTj+4mllcf1sM8aGBxiNeA/o=
262,-26,MGcOVu2rjNxkYPFCRNcFh7PM6n8=,dfoYTj+4mllcf1sM8aGBxiNeA/o=
265,-26,MGcOVu2rjNxkYPFCRNcFh7PM6n8=,dfoYTj+4mllcf1sM8aGBxiNeA/o=
261,-26,MGcOVu2rjNxkYPFCRNcFh7PM6n8=,dfoYTj+4mllcf1sM8aGBxiNeA/o=
257,-26,MGcOVu2rjNxkYPFCRNcFh7PM6n8=,dfoYTj+4mllcf1sM8aGBxiNeA/o=
260,-26,MGcOVu2rjNxkYPFCRNcFh7PM6n8=,dfoYTj+4mllcf1sM8aGBxiNeA/o=
259,-26,MGcOVu2rjNxkYPFCRNcFh7PM6n8=,dfoYTj+4mllcf1sM8aGBxiNeA/o=
263,-26,MGcOVu2rjNxkYPFCRNcFh7PM6n8=,dfoYTj+4mllcf1sM8aGBxiNeA/o=
256,-26,MGcOVu2rjNxkYPFCRNcFh7PM6n8=,dfoYTj+4mllcf1sM8aGBxiNeA/o=
264,-32,MGcOVu2rjNxkYPFCRNcFh7PM6n8=,dfoYTj+4mllcf1sM8aGBxiNeA/o=
265,-30,MGcOVu2rjNxkYPFCRNcFh7PM6n8=,dfoYTj+4mllcf1sM8aGBxiNeA/o=
264,-31,MGcOVu2rjNxkYPFCRNcFh7PM6n8=,dfoYTj+4mllcf1sM8aGBxiNeA/o=
258,-26,MGcOVu2rjNxkYPFCRNcFh7PM6n8=,dfoYTj+4mllcf1sM8aGBxiNeA/o=
271,-27,MGcOVu2rjNxkYPFCRNcFh7PM6n8=,dfoYTj+4mllcf1sM8aGBxiNeA/o=
269,-27,MGcOVu2rjNxkYPFCRNcFh7PM6n8=,dfoYTj+4mllcf1sM8aGBxiNeA/o=
268,-27,MGcOVu2rjNxkYPFCRNcFh7PM6n8=,dfoYTj+4mllcf1sM8aGBxiNeA/o=
267,-27,MGcOVu2rjNxkYPFCRNcFh7PM6n8=,dfoYTj+4mllcf1sM8aGBxiNeA/o=
263,-27,MGcOVu2rjNxkYPFCRNcFh7PM6n8=,dfoYTj+4mllcf1sM8aGBxiNeA/o=
270,-27,MGcOVu2rjNxkYPFCRNcFh7PM6n8=,dfoYTj+4mllcf1sM8aGBxiNeA/o=
266,-27,MGcOVu2rjNxkYPFCRNcFh7PM6n8=,dfoYTj+4mllcf1sM8aGBxiNeA/o=
270,-26,MGcOVu2rjNxkYPFCRNcFh7PM6n8=,dfoYTj+4mllcf1sM8aGBxiNeA/o=
264,-27,MGcOVu2rjNxkYPFCRNcFh7PM6n8=,dfoYTj+4mllcf1sM8aGBxiNeA/o=
262,-27,MGcOVu2rjNxkYPFCRNcFh7PM6n8=,dfoYTj+4mllcf1sM8aGBxiNeA/o=
260,-27,MGcOVu2rjNxkYPFCRNcFh7PM6n8=,dfoYTj+4mllcf1sM8aGBxiNeA/o=
259,-27,MGcOVu2rjNxkYPFCRNcFh7PM6n8=,dfoYTj+4mllcf1sM8aGBxiNeA/o=
261,-27,MGcOVu2rjNxkYPFCRNcFh7PM6n8=,dfoYTj+4mllcf1sM8aGBxiNeA/o=
263,-32,MGcOVu2rjNxkYPFCRNcFh7PM6n8=,dfoYTj+4mllcf1sM8aGBxiNeA/o=
257,-27,MGcOVu2rjNxkYPFCRNcFh7PM6n8=,dfoYTj+4mllcf1sM8aGBxiNeA/o=
263,-31,MGcOVu2rjNxkYPFCRNcFh7PM6n8=,dfoYTj+4mllcf1sM8aGBxiNeA/o=
256,-27,MGcOVu2rjNxkYPFCRNcFh7PM6n8=,dfoYTj+4mllcf1sM8aGBxiNeA/o=
265,-27,MGcOVu2rjNxkYPFCRNcFh7PM6n8=,dfoYTj+4mllcf1sM8aGBxiNeA/o=
258,-27,MGcOVu2rjNxkYPFCRNcFh7PM6n8=,dfoYTj+4mllcf1sM8aGBxiNeA/o=
264,-30,MGcOVu2rjNxkYPFCRNcFh7PM6n8=,dfoYTj+4mllcf1sM8aGBxiNeA/o=
271,-28,MGcOVu2rjNxkYPFCRNcFh7PM6n8=,dfoYTj+4mllcf1sM8aGBxiNeA/o=
269,-28,MGcOVu2rjNxkYPFCRNcFh7PM6n8=,dfoYTj+4mllcf1sM8aGBxiNeA/o=
270,-28,MGcOVu2rjNxkYPFCRNcFh7PM6n8=,dfoYTj+4mllcf1sM8aGBxiNeA/o=
257,-29,MGcOVu2rjNxkYPFCRNcFh7PM6n8=,dfoYTj+4mllcf1sM8aGBxiNeA/o=
267,-28,MGcOVu2rjNxkYPFCRNcFh7PM6n8=,dfoYTj+4mllcf1sM8aGBxiNeA/o=
262,-28,MGcOVu2rjNxkYPFCRNcFh7PM6n8=,dfoYTj+4mllcf1sM8aGBxiNeA/o=
261,-28,MGcOVu2rjNxkYPFCRNcFh7PM6n8=,dfoYTj+4mllcf1sM8aGBxiNeA/o=
265,-28,MGcOVu2rjNxkYPFCRNcFh7PM6n8=,dfoYTj+4mllcf1sM8aGBxiNeA/o=
266,-28,MGcOVu2rjNxkYPFCRNcFh7PM6n8=,dfoYTj+4mllcf1sM8aGBxiNeA/o=
260,-28,MGcOVu2rjNxkYPFCRNcFh7PM6n8=,dfoYTj+4mllcf1sM8aGBxiNeA/o=
263,-28,MGcOVu2rjNxkYPFCRNcFh7PM6n8=,dfoYTj+4mllcf1sM8aGBxiNeA/o=
259,-28,MGcOVu2rjNxkYPFCRNcFh7PM6n8=,dfoYTj+4mllcf1sM8aGBxiNeA/o=
258,-28,MGcOVu2rjNxkYPFCRNcFh7PM6n8=,dfoYTj+4mllcf1sM8aGBxiNeA/o=
264,-28,MGcOVu2rjNxkYPFCRNcFh7PM6n8=,dfoYTj+4mllcf1sM8aGBxiNeA/o=
268,-28,MGcOVu2rjNxkYPFCRNcFh7PM6n8=,dfoYTj+4mllcf1sM8aGBxiNeA/o=
259,-13,wc2NbdCVayq8aVRh9KFlhTaEElM=,3jzwxjA0xQ0RTc9//d542nnZzTc=
257,-16,wc2NbdCVayq8aVRh9KFlhTaEElM=,3jzwxjA0xQ0RTc9//d542nnZzTc=
260,-15,wc2NbdCVayq8aVRh9KFlhTaEElM=,3jzwxjA0xQ0RTc9//d542nnZzTc=
260,-14,wc2NbdCVayq8aVRh9KFlhTaEElM=,3jzwxjA0xQ0RTc9//d542nnZzTc=
261,-15,wc2NbdCVayq8aVRh9KFlhTaEElM=,3jzwxjA0xQ0RTc9//d542nnZzTc=
258,-13,wc2NbdCVayq8aVRh9KFlhTaEElM=,3jzwxjA0xQ0RTc9//d542nnZzTc=
256,-16,wc2NbdCVayq8aVRh9KFlhTaEElM=,3jzwxjA0xQ0RTc9//d542nnZzTc=
262,-14,wc2NbdCVayq8aVRh9KFlhTaEElM=,3jzwxjA0xQ0RTc9//d542nnZzTc=
261,-13,wc2NbdCVayq8aVRh9KFlhTaEElM=,3jzwxjA0xQ0RTc9//d542nnZzTc=
261,-14,wc2NbdCVayq8aVRh9KFlhTaEElM=,3jzwxjA0xQ0RTc9//d542nnZzTc=
262,-13,wc2NbdCVayq8aVRh9KFlhTaEElM=,3jzwxjA0xQ0RTc9//d542nnZzTc=
261,-16,wc2NbdCVayq8aVRh9KFlhTaEElM=,3jzwxjA0xQ0RTc9//d542nnZzTc=
259,-16,wc2NbdCVayq8aVRh9KFlhTaEElM=,3jzwxjA0xQ0RTc9//d542nnZzTc=
260,-13,wc2NbdCVayq8aVRh9KFlhTaEElM=,3jzwxjA0xQ0RTc9//d542nnZzTc=
270,-1,wc2NbdCVayq8aVRh9KFlhTaEElM=,3jzwxjA0xQ0RTc9//d542nnZzTc=
268,-1,wc2NbdCVayq8aVRh9KFlhTaEElM=,3jzwxjA0xQ0RTc9//d542nnZzTc=
271,-1,wc2NbdCVayq8aVRh9KFlhTaEElM=,3jzwxjA0xQ0RTc9//d542nnZzTc=
266,-1,wc2NbdCVayq8aVRh9KFlhTaEElM=,3jzwxjA0xQ0RTc9//d542nnZzTc=
267,-1,wc2NbdCVayq8aVRh9KFlhTaEElM=,3jzwxjA0xQ0RTc9//d542nnZzTc=
269,-1,wc2NbdCVayq8aVRh9KFlhTaEElM=,3jzwxjA0xQ0RTc9//d542nnZzTc=
265,-1,wc2NbdCVayq8aVRh9KFlhTaEElM=,3jzwxjA0xQ0RTc9//d542nnZzTc=
264,-1,wc2NbdCVayq8aVRh9KFlhTaEElM=,3jzwxjA0xQ0RTc9//d542nnZzTc=
263,-1,wc2NbdCVayq8aVRh9KFlhTaEElM=,3jzwxjA0xQ0RTc9//d542nnZzTc=
261,-1,wc2NbdCVayq8aVRh9KFlhTaEElM=,3jzwxjA0xQ0RTc9//d542nnZzTc=
259,-1,wc2NbdCVayq8aVRh9KFlhTaEElM=,3jzwxjA0xQ0RTc9//d542nnZzTc=
262,-1,wc2NbdCVayq8aVRh9KFlhTaEElM=,3jzwxjA0xQ0RTc9//d542nnZzTc=
257,-13,wc2NbdCVayq8aVRh9KFlhTaEElM=,3jzwxjA0xQ0RTc9//d542nnZzTc=
260,-1,wc2NbdCVayq8aVRh9KFlhTaEElM=,3jzwxjA0xQ0RTc9//d542nnZzTc=
258,-1,wc2NbdCVayq8aVRh9KFlhTaEElM=,3jzwxjA0xQ0RTc9//d542nnZzTc=
260,-16,wc2NbdCVayq8aVRh9KFlhTaEElM=,3jzwxjA0xQ0RTc9//d542nnZzTc=
259,-14,wc2NbdCVayq8aVRh9KFlhTaEElM=,3jzwxjA0xQ0RTc9//d542nnZzTc=
257,-1,wc2NbdCVayq8aVRh9KFlhTaEElM=,3jzwxjA0xQ0RTc9//d542nnZzTc=
263,-13,wc2NbdCVayq8aVRh9KFlhTaEElM=,3jzwxjA0xQ0RTc9//d542nnZzTc=
271,-2,wc2NbdCVayq8aVRh9KFlhTaEElM=,3jzwxjA0xQ0RTc9//d542nnZzTc=
270,-2,wc2NbdCVayq8aVRh9KFlhTaEElM=,3jzwxjA0xQ0RTc9//d542nnZzTc=
269,-2,wc2NbdCVayq8aVRh9KFlhTaEElM=,3jzwxjA0xQ0RTc9//d542nnZzTc=
264,-13,wc2NbdCVayq8aVRh9KFlhTaEElM=,3jzwxjA0xQ0RTc9//d542nnZzTc=
268,-2,wc2NbdCVayq8aVRh9KFlhTaEElM=,3jzwxjA0xQ0RTc9//d542nnZzTc=
267,-2,wc2NbdCVayq8aVRh9KFlhTaEElM=,3jzwxjA0xQ0RTc9//d542nnZzTc=
265,-13,wc2NbdCVayq8aVRh9KFlhTaEElM=,3jzwxjA0xQ0RTc9//d542nnZzTc=
265,-2,wc2NbdCVayq8aVRh9KFlhTaEElM=,3jzwxjA0xQ0RTc9//d542nnZzTc=
266,-13,wc2NbdCVayq8aVRh9KFlhTaEElM=,3jzwxjA0xQ0RTc9//d542nnZzTc=
264,-2,wc2NbdCVayq8aVRh9KFlhTaEElM=,3jzwxjA0xQ0RTc9//d542nnZzTc=
266,-2,wc2NbdCVayq8aVRh9KFlhTaEElM=,3jzwxjA0xQ0RTc9//d542nnZzTc=
263,-2,wc2NbdCVayq8aVRh9KFlhTaEElM=,3jzwxjA0xQ0RTc9//d542nnZzTc=
262,-2,wc2NbdCVayq8aVRh9KFlhTaEElM=,3jzwxjA0xQ0RTc9//d542nnZzTc=
267,-13,wc2NbdCVayq8aVRh9KFlhTaEElM=,3jzwxjA0xQ0RTc9//d542nnZzTc=
268,-13,wc2NbdCVayq8aVRh9KFlhTaEElM=,3jzwxjA0xQ0RTc9//d542nnZzTc=
261,-2,wc2NbdCVayq8aVRh9KFlhTaEElM=,3jzwxjA0xQ0RTc9//d542nnZzTc=
260,-2,wc2NbdCVayq8aVRh9KFlhTaEElM=,3jzwxjA0xQ0RTc9//d542nnZzTc=
258,-2,wc2NbdCVayq8aVRh9KFlhTaEElM=,3jzwxjA0xQ0RTc9//d542nnZzTc=
259,-2,wc2NbdCVayq8aVRh9KFlhTaEElM=,3jzwxjA0xQ0RTc9//d542nnZzTc=
257,-2,wc2NbdCVayq8aVRh9KFlhTaEElM=,3jzwxjA0xQ0RTc9//d542nnZzTc=
269,-13,wc2NbdCVayq8aVRh9KFlhTaEElM=,3jzwxjA0xQ0RTc9//d542nnZzTc=
259,-15,wc2NbdCVayq8aVRh9KFlhTaEElM=,3jzwxjA0xQ0RTc9//d542nnZzTc=
270,-13,wc2NbdCVayq8aVRh9KFlhTaEElM=,3jzwxjA0xQ0RTc9//d542nnZzTc=
258,-14,wc2NbdCVayq8aVRh9KFlhTaEElM=,3jzwxjA0xQ0RTc9//d542nnZzTc=
271,-13,wc2NbdCVayq8aVRh9KFlhTaEElM=,3jzwxjA0xQ0RTc9//d542nnZzTc=
256,-2,wc2NbdCVayq8aVRh9KFlhTaEElM=,3jzwxjA0xQ0RTc9//d542nnZzTc=
270,-3,wc2NbdCVayq8aVRh9KFlhTaEElM=,3jzwxjA0xQ0RTc9//d542nnZzTc=
262,-15,wc2NbdCVayq8aVRh9KFlhTaEElM=,3jzwxjA0xQ0RTc9//d542nnZzTc=
269,-3,wc2NbdCVayq8aVRh9KFlhTaEElM=,3jzwxjA0xQ0RTc9//d542nnZzTc=
267,-3,wc2NbdCVayq8aVRh9KFlhTaEElM=,3jzwxjA0xQ0RTc9//d542nnZzTc=
268,-3,wc2NbdCVayq8aVRh9KFlhTaEElM=,3jzwxjA0xQ0RTc9//d542nnZzTc=
271,-3,wc2NbdCVayq8aVRh9KFlhTaEElM=,3jzwxjA0xQ0RTc9//d542nnZzTc=
256,-12,wc2NbdCVayq8aVRh9KFlhTaEElM=,3jzwxjA0xQ0RTc9//d542nnZzTc=
266,-3,wc2NbdCVayq8aVRh9KFlhTaEElM=,3jzwxjA0xQ0RTc9//d542nnZzTc=
263,-14,wc2NbdCVayq8aVRh9KFlhTaEElM=,3jzwxjA0xQ0RTc9//d542nnZzTc=
265,-3,wc2NbdCVayq8aVRh9KFlhTaEElM=,3jzwxjA0xQ0RTc9//d542nnZzTc=
263,-3,wc2NbdCVayq8aVRh9KFlhTaEElM=,3jzwxjA0xQ0RTc9//d542nnZzTc=
264,-3,wc2NbdCVayq8aVRh9KFlhTaEElM=,3jzwxjA0xQ0RTc9//d542nnZzTc=
262,-16,wc2NbdCVayq8aVRh9KFlhTaEElM=,3jzwxjA0xQ0RTc9//d542nnZzTc=
261,-3,wc2NbdCVayq8aVRh9KFlhTaEElM=,3jzwxjA0xQ0RTc9//d542nnZzTc=
262,-3,wc2NbdCVayq8aVRh9KFlhTaEElM=,3jzwxjA0xQ0RTc9//d542nnZzTc=
257,-12,wc2NbdCVayq8aVRh9KFlhTaEElM=,3jzwxjA0xQ0RTc9//d542nnZzTc=
258,-15,wc2NbdCVayq8aVRh9KFlhTaEElM=,3jzwxjA0xQ0RTc9//d542nnZzTc=
260,-3,wc2NbdCVayq8aVRh9KFlhTaEElM=,3jzwxjA0xQ0RTc9//d542nnZzTc=
258,-3,wc2NbdCVayq8aVRh9KFlhTaEElM=,3jzwxjA0xQ0RTc9//d542nnZzTc=
259,-3,wc2NbdCVayq8aVRh9KFlhTaEElM=,3jzwxjA0xQ0RTc9//d542nnZzTc=
258,-12,wc2NbdCVayq8aVRh9KFlhTaEElM=,3jzwxjA0xQ0RTc9//d542nnZzTc=
257,-14,wc2NbdCVayq8aVRh9KFlhTaEElM=,3jzwxjA0xQ0RTc9//d542nnZzTc=
257,-3,wc2NbdCVayq8aVRh9KFlhTaEElM=,3jzwxjA0xQ0RTc9//d542nnZzTc=
259,-12,wc2NbdCVayq8aVRh9KFlhTaEElM=,3jzwxjA0xQ0RTc9//d542nnZzTc=
256,-3,wc2NbdCVayq8aVRh9KFlhTaEElM=,3jzwxjA0xQ0RTc9//d542nnZzTc=
270,-4,wc2NbdCVayq8aVRh9KFlhTaEElM=,3jzwxjA0xQ0RTc9//d542nnZzTc=
271,-4,wc2NbdCVayq8aVRh9KFlhTaEElM=,3jzwxjA0xQ0RTc9//d542nnZzTc=
260,-12,wc2NbdCVayq8aVRh9KFlhTaEElM=,3jzwxjA0xQ0RTc9//d542nnZzTc=
269,-4,wc2NbdCVayq8aVRh9KFlhTaEElM=,3jzwxjA0xQ0RTc9//d542nnZzTc=
261,-12,wc2NbdCVayq8aVRh9KFlhTaEElM=,3jzwxjA0xQ0RTc9//d542nnZzTc=
268,-4,wc2NbdCVayq8aVRh9KFlhTaEElM=,3jzwxjA0xQ0RTc9//d542nnZzTc=
267,-4,wc2NbdCVayq8aVRh9KFlhTaEElM=,3jzwxjA0xQ0RTc9//d542nnZzTc=
262,-12,wc2NbdCVayq8aVRh9KFlhTaEElM=,3jzwxjA0xQ0RTc9//d542nnZzTc=
265,-4,wc2NbdCVayq8aVRh9KFlhTaEElM=,3jzwxjA0xQ0RTc9//d542nnZzTc=
263,-12,wc2NbdCVayq8aVRh9KFlhTaEElM=,3jzwxjA0xQ0RTc9//d542nnZzTc=
264,-4,wc2NbdCVayq8aVRh9KFlhTaEElM=,3jzwxjA0xQ0RTc9//d542nnZzTc=
266,-4,wc2NbdCVayq8aVRh9KFlhTaEElM=,3jzwxjA0xQ0RTc9//d542nnZzTc=
264,-12,wc2NbdCVayq8aVRh9KFlhTaEElM=,3jzwxjA0xQ0RTc9//d542nnZzTc=
262,-4,wc2NbdCVayq8aVRh9KFlhTaEElM=,3jzwxjA0xQ0RTc9//d542nnZzTc=
261,-4,wc2NbdCVayq8aVRh9KFlhTaEElM=,3jzwxjA0xQ0RTc9//d542nnZzTc=
263,-4,wc2NbdCVayq8aVRh9KFlhTaEElM=,3jzwxjA0xQ0RTc9//d542nnZzTc=
260,-4,wc2NbdCVayq8aVRh9KFlhTaEElM=,3jzwxjA0xQ0RTc9//d542nnZzTc=
265,-12,wc2NbdCVayq8aVRh9KFlhTaEElM=,3jzwxjA0xQ0RTc9//d542nnZzTc=
259,-4,wc2NbdCVayq8aVRh9KFlhTaEElM=,3jzwxjA0xQ0RTc9//d542nnZzTc=
257,-15,wc2NbdCVayq8aVRh9KFlhTaEElM=,3jzwxjA0xQ0RTc9//d542nnZzTc=
266,-12,wc2NbdCVayq8aVRh9KFlhTaEElM=,3jzwxjA0xQ0RTc9//d542nnZzTc=
258,-4,wc2NbdCVayq8aVRh9KFlhTaEElM=,3jzwxjA0xQ0RTc9//d542nnZzTc=
256,-15,wc2NbdCVayq8aVRh9KFlhTaEElM=,3jzwxjA0xQ0RTc9//d542nnZzTc=
257,-4,wc2NbdCVayq8aVRh9KFlhTaEElM=,3jzwxjA0xQ0RTc9//d542nnZzTc=
256,-4,wc2NbdCVayq8aVRh9KFlhTaEElM=,3jzwxjA0xQ0RTc9//d542nnZzTc=
267,-12,wc2NbdCVayq8aVRh9KFlhTaEElM=,3jzwxjA0xQ0RTc9//d542nnZzTc=
258,-16,wc2NbdCVayq8aVRh9KFlhTaEElM=,3jzwxjA0xQ0RTc9//d542nnZzTc=
256,-13,wc2NbdCVayq8aVRh9KFlhTaEElM=,3jzwxjA0xQ0RTc9//d542nnZzTc=
271,-14,wc2NbdCVayq8aVRh9KFlhTaEElM=,3jzwxjA0xQ0RTc9//d542nnZzTc=
271,-16,wc2NbdCVayq8aVRh9KFlhTaEElM=,3jzwxjA0xQ0RTc9//d542nnZzTc=
268,-12,wc2NbdCVayq8aVRh9KFlhTaEElM=,3jzwxjA0xQ0RTc9//d542nnZzTc=
270,-16,wc2NbdCVayq8aVRh9KFlhTaEElM=,3jzwxjA0xQ0RTc9//d542nnZzTc=
271,-15,wc2NbdCVayq8aVRh9KFlhTaEElM=,3jzwxjA0xQ0RTc9//d542nnZzTc=
270,-15,wc2NbdCVayq8aVRh9KFlhTaEElM=,3jzwxjA0xQ0RTc9//d542nnZzTc=
256,-14,wc2NbdCVayq8aVRh9KFlhTaEElM=,3jzwxjA0xQ0RTc9//d542nnZzTc=
269,-12,wc2NbdCVayq8aVRh9KFlhTaEElM=,3jzwxjA0xQ0RTc9//d542nnZzTc=
271,-5,wc2NbdCVayq8aVRh9KFlhTaEElM=,3jzwxjA0xQ0RTc9//d542nnZzTc=
270,-12,wc2NbdCVayq8aVRh9KFlhTaEElM=,3jzwxjA0xQ0RTc9//d542nnZzTc=
270,-5,wc2NbdCVayq8aVRh9KFlhTaEElM=,3jzwxjA0xQ0RTc9//d542nnZzTc=
269,-5,wc2NbdCVayq8aVRh9KFlhTaEElM=,3jzwxjA0xQ0RTc9//d542nnZzTc=
268,-5,wc2NbdCVayq8aVRh9KFlhTaEElM=,3jzwxjA0xQ0RTc9//d542nnZzTc=
263,-15,wc2NbdCVayq8aVRh9KFlhTaEElM=,3jzwxjA0xQ0RTc9//d542nnZzTc=
267,-5,wc2NbdCVayq8aVRh9KFlhTaEElM=,3jzwxjA0xQ0RTc9//d542nnZzTc=
266,-5,wc2NbdCVayq8aVRh9KFlhTaEElM=,3jzwxjA0xQ0RTc9//d542nnZzTc=
271,-12,wc2NbdCVayq8aVRh9KFlhTaEElM=,3jzwxjA0xQ0RTc9//d542nnZzTc=
265,-5,wc2NbdCVayq8aVRh9KFlhTaEElM=,3jzwxjA0xQ0RTc9//d542nnZzTc=
264,-5,wc2NbdCVayq8aVRh9KFlhTaEElM=,3jzwxjA0xQ0RTc9//d542nnZzTc=
263,-5,wc2NbdCVayq8aVRh9KFlhTaEElM=,3jzwxjA0xQ0RTc9//d542nnZzTc=
256,-11,wc2NbdCVayq8aVRh9KFlhTaEElM=,3jzwxjA0xQ0RTc9//d542nnZzTc=
262,-5,wc2NbdCVayq8aVRh9KFlhTaEElM=,3jzwxjA0xQ0RTc9//d542nnZzTc=
261,-5,wc2NbdCVayq8aVRh9KFlhTaEElM=,3jzwxjA0xQ0RTc9//d542nnZzTc=
264,-14,wc2NbdCVayq8aVRh9KFlhTaEElM=,3jzwxjA0xQ0RTc9//d542nnZzTc=
260,-5,wc2NbdCVayq8aVRh9KFlhTaEElM=,3jzwxjA0xQ0RTc9//d542nnZzTc=
259,-5,wc2NbdCVayq8aVRh9KFlhTaEElM=,3jzwxjA0xQ0RTc9//d542nnZzTc=
258,-5,wc2NbdCVayq8aVRh9KFlhTaEElM=,3jzwxjA0xQ0RTc9//d542nnZzTc=
270,-14,wc2NbdCVayq8aVRh9KFlhTaEElM=,3jzwxjA0xQ0RTc9//d542nnZzTc=
263,-16,wc2NbdCVayq8aVRh9KFlhTaEElM=,3jzwxjA0xQ0RTc9//d542nnZzTc=
269,-16,wc2NbdCVayq8aVRh9KFlhTaEElM=,3jzwxjA0xQ0RTc9//d542nnZzTc=
257,-11,wc2NbdCVayq8aVRh9KFlhTaEElM=,3jzwxjA0xQ0RTc9//d542nnZzTc=
269,-15,wc2NbdCVayq8aVRh9KFlhTaEElM=,3jzwxjA0xQ0RTc9//d542nnZzTc=
257,-5,wc2NbdCVayq8aVRh9KFlhTaEElM=,3jzwxjA0xQ0RTc9//d542nnZzTc=
256,-5,wc2NbdCVayq8aVRh9KFlhTaEElM=,3jzwxjA0xQ0RTc9//d542nnZzTc=
258,-11,wc2NbdCVayq8aVRh9KFlhTaEElM=,3jzwxjA0xQ0RTc9//d542nnZzTc=
271,-6,wc2NbdCVayq8aVRh9KFlhTaEElM=,3jzwxjA0xQ0RTc9//d542nnZzTc=
270,-6,wc2NbdCVayq8aVRh9KFlhTaEElM=,3jzwxjA0xQ0RTc9//d542nnZzTc=
259,-11,wc2NbdCVayq8aVRh9KFlhTaEElM=,3jzwxjA0xQ0RTc9//d542nnZzTc=
269,-6,wc2NbdCVayq8aVRh9KFlhTaEElM=,3jzwxjA0xQ0RTc9//d542nnZzTc=
268,-6,wc2NbdCVayq8aVRh9KFlhTaEElM=,3jzwxjA0xQ0RTc9//d542nnZzTc=
267,-6,wc2NbdCVayq8aVRh9KFlhTaEElM=,3jzwxjA0xQ0RTc9//d542nnZzTc=
260,-11,wc2NbdCVayq8aVRh9KFlhTaEElM=,3jzwxjA0xQ0RTc9//d542nnZzTc=
266,-6,wc2NbdCVayq8aVRh9KFlhTaEElM=,3jzwxjA0xQ0RTc9//d542nnZzTc=
265,-6,wc2NbdCVayq8aVRh9KFlhTaEElM=,3jzwxjA0xQ0RTc9//d542nnZzTc=
261,-11,wc2NbdCVayq8aVRh9KFlhTaEElM=,3jzwxjA0xQ0RTc9//d542nnZzTc=
264,-6,wc2NbdCVayq8aVRh9KFlhTaEElM=,3jzwxjA0xQ0RTc9//d542nnZzTc=
262,-11,wc2NbdCVayq8aVRh9KFlhTaEElM=,3jzwxjA0xQ0RTc9//d542nnZzTc=
262,-6,wc2NbdCVayq8aVRh9KFlhTaEElM=,3jzwxjA0xQ0RTc9//d542nnZzTc=
263,-6,wc2NbdCVayq8aVRh9KFlhTaEElM=,3jzwxjA0xQ0RTc9//d542nnZzTc=
261,-6,wc2NbdCVayq8aVRh9KFlhTaEElM=,3jzwxjA0xQ0RTc9//d542nnZzTc=
260,-6,wc2NbdCVayq8aVRh9KFlhTaEElM=,3jzwxjA0xQ0RTc9//d542nnZzTc=
263,-11,wc2NbdCVayq8aVRh9KFlhTaEElM=,3jzwxjA0xQ0RTc9//d542nnZzTc=
269,-14,wc2NbdCVayq8aVRh9KFlhTaEElM=,3jzwxjA0xQ0RTc9//d542nnZzTc=
259,-6,wc2NbdCVayq8aVRh9KFlhTaEElM=,3jzwxjA0xQ0RTc9//d542nnZzTc=
264,-11,wc2NbdCVayq8aVRh9KFlhTaEElM=,3jzwxjA0xQ0RTc9//d542nnZzTc=
258,-6,wc2NbdCVayq8aVRh9KFlhTaEElM=,3jzwxjA0xQ0RTc9//d542nnZzTc=
268,-16,wc2NbdCVayq8aVRh9KFlhTaEElM=,3jzwxjA0xQ0RTc9//d542nnZzTc=
257,-6,wc2NbdCVayq8aVRh9KFlhTaEElM=,3jzwxjA0xQ0RTc9//d542nnZzTc=
265,-11,wc2NbdCVayq8aVRh9KFlhTaEElM=,3jzwxjA0xQ0RTc9//d542nnZzTc=
256,-6,wc2NbdCVayq8aVRh9KFlhTaEElM=,3jzwxjA0xQ0RTc9//d542nnZzTc=
268,-15,wc2NbdCVayq8aVRh9KFlhTaEElM=,3jzwxjA0xQ0RTc9//d542nnZzTc=
271,-7,wc2NbdCVayq8aVRh9KFlhTaEElM=,3jzwxjA0xQ0RTc9//d542nnZzTc=
266,-11,wc2NbdCVayq8aVRh9KFlhTaEElM=,3jzwxjA0xQ0RTc9//d542nnZzTc=
270,-7,wc2NbdCVayq8aVRh9KFlhTaEElM=,3jzwxjA0xQ0RTc9//d542nnZzTc=
267,-11,wc2NbdCVayq8aVRh9KFlhTaEElM=,3jzwxjA0xQ0RTc9//d542nnZzTc=
267,-7,wc2NbdCVayq8aVRh9KFlhTaEElM=,3jzwxjA0xQ0RTc9//d542nnZzTc=
266,-7,wc2NbdCVayq8aVRh9KFlhTaEElM=,3jzwxjA0xQ0RTc9//d542nnZzTc=
268,-11,wc2NbdCVayq8aVRh9KFlhTaEElM=,3jzwxjA0xQ0RTc9//d542nnZzTc=
268,-7,wc2NbdCVayq8aVRh9KFlhTaEElM=,3jzwxjA0xQ0RTc9//d542nnZzTc=
265,-7,wc2NbdCVayq8aVRh9KFlhTaEElM=,3jzwxjA0xQ0RTc9//d542nnZzTc=
269,-11,wc2NbdCVayq8aVRh9KFlhTaEElM=,3jzwxjA0xQ0RTc9//d542nnZzTc=
269,-7,wc2NbdCVayq8aVRh9KFlhTaEElM=,3jzwxjA0xQ0RTc9//d542nnZzTc=
270,-11,wc2NbdCVayq8aVRh9KFlhTaEElM=,3jzwxjA0xQ0RTc9//d542nnZzTc=
263,-7,wc2NbdCVayq8aVRh9KFlhTaEElM=,3jzwxjA0xQ0RTc9//d542nnZzTc=
262,-7,wc2NbdCVayq8aVRh9KFlhTaEElM=,3jzwxjA0xQ0RTc9//d542nnZzTc=
264,-7,wc2NbdCVayq8aVRh9KFlhTaEElM=,3jzwxjA0xQ0RTc9//d542nnZzTc=
264,-15,wc2NbdCVayq8aVRh9KFlhTaEElM=,3jzwxjA0xQ0RTc9//d542nnZzTc=
261,-7,wc2NbdCVayq8aVRh9KFlhTaEElM=,3jzwxjA0xQ0RTc9//d542nnZzTc=
260,-7,wc2NbdCVayq8aVRh9KFlhTaEElM=,3jzwxjA0xQ0RTc9//d542nnZzTc=
271,-11,wc2NbdCVayq8aVRh9KFlhTaEElM=,3jzwxjA0xQ0RTc9//d542nnZzTc=
258,-7,wc2NbdCVayq8aVRh9KFlhTaEElM=,3jzwxjA0xQ0RTc9//d542nnZzTc=
259,-7,wc2NbdCVayq8aVRh9KFlhTaEElM=,3jzwxjA0xQ0RTc9//d542nnZzTc=
268,-14,wc2NbdCVayq8aVRh9KFlhTaEElM=,3jzwxjA0xQ0RTc9//d542nnZzTc=
257,-7,wc2NbdCVayq8aVRh9KFlhTaEElM=,3jzwxjA0xQ0RTc9//d542nnZzTc=
264,-16,wc2NbdCVayq8aVRh9KFlhTaEElM=,3jzwxjA0xQ0RTc9//d542nnZzTc=
267,-16,wc2NbdCVayq8aVRh9KFlhTaEElM=,3jzwxjA0xQ0RTc9//d542nnZzTc=
267,-15,wc2NbdCVayq8aVRh9KFlhTaEElM=,3jzwxjA0xQ0RTc9//d542nnZzTc=
256,-10,wc2NbdCVayq8aVRh9KFlhTaEElM=,3jzwxjA0xQ0RTc9//d542nnZzTc=
256,-7,wc2NbdCVayq8aVRh9KFlhTaEElM=,3jzwxjA0xQ0RTc9//d542nnZzTc=
271,-8,wc2NbdCVayq8aVRh9KFlhTaEElM=,3jzwxjA0xQ0RTc9//d542nnZzTc=
265,-14,wc2NbdCVayq8aVRh9KFlhTaEElM=,3jzwxjA0xQ0RTc9//d542nnZzTc=
270,-8,wc2NbdCVayq8aVRh9KFlhTaEElM=,3jzwxjA0xQ0RTc9//d542nnZzTc=
269,-8,wc2NbdCVayq8aVRh9KFlhTaEElM=,3jzwxjA0xQ0RTc9//d542nnZzTc=
268,-8,wc2NbdCVayq8aVRh9KFlhTaEElM=,3jzwxjA0xQ0RTc9//d542nnZzTc=
257,-10,wc2NbdCVayq8aVRh9KFlhTaEElM=,3jzwxjA0xQ0RTc9//d542nnZzTc=
267,-8,wc2NbdCVayq8aVRh9KFlhTaEElM=,3jzwxjA0xQ0RTc9//d542nnZzTc=
266,-8,wc2NbdCVayq8aVRh9KFlhTaEElM=,3jzwxjA0xQ0RTc9//d542nnZzTc=
258,-10,wc2NbdCVayq8aVRh9KFlhTaEElM=,3jzwxjA0xQ0RTc9//d542nnZzTc=
264,-8,wc2NbdCVayq8aVRh9KFlhTaEElM=,3jzwxjA0xQ0RTc9//d542nnZzTc=
265,-8,wc2NbdCVayq8aVRh9KFlhTaEElM=,3jzwxjA0xQ0RTc9//d542nnZzTc=
259,-10,wc2NbdCVayq8aVRh9KFlhTaEElM=,3jzwxjA0xQ0RTc9//d542nnZzTc=
263,-8,wc2NbdCVayq8aVRh9KFlhTaEElM=,3jzwxjA0xQ0RTc9//d542nnZzTc=
261,-8,wc2NbdCVayq8aVRh9KFlhTaEElM=,3jzwxjA0xQ0RTc9//d542nnZzTc=
260,-10,wc2NbdCVayq8aVRh9KFlhTaEElM=,3jzwxjA0xQ0RTc9//d542nnZzTc=
262,-8,wc2NbdCVayq8aVRh9KFlhTaEElM=,3jzwxjA0xQ0RTc9//d542nnZzTc=
260,-8,wc2NbdCVayq8aVRh9KFlhTaEElM=,3jzwxjA0xQ0RTc9//d542nnZzTc=
261,-10,wc2NbdCVayq8aVRh9KFlhTaEElM=,3jzwxjA0xQ0RTc9//d542nnZzTc=
267,-14,wc2NbdCVayq8aVRh9KFlhTaEElM=,3jzwxjA0xQ0RTc9//d542nnZzTc=
259,-8,wc2NbdCVayq8aVRh9KFlhTaEElM=,3jzwxjA0xQ0RTc9//d542nnZzTc=
262,-10,wc2NbdCVayq8aVRh9KFlhTaEElM=,3jzwxjA0xQ0RTc9//d542nnZzTc=
258,-8,wc2NbdCVayq8aVRh9KFlhTaEElM=,3jzwxjA0xQ0RTc9//d542nnZzTc=
257,-8,wc2NbdCVayq8aVRh9KFlhTaEElM=,3jzwxjA0xQ0RTc9//d542nnZzTc=
266,-16,wc2NbdCVayq8aVRh9KFlhTaEElM=,3jzwxjA0xQ0RTc9//d542nnZzTc=
271,-9,wc2NbdCVayq8aVRh9KFlhTaEElM=,3jzwxjA0xQ0RTc9//d542nnZzTc=
256,-8,wc2NbdCVayq8aVRh9KFlhTaEElM=,3jzwxjA0xQ0RTc9//d542nnZzTc=
263,-10,wc2NbdCVayq8aVRh9KFlhTaEElM=,3jzwxjA0xQ0RTc9//d542nnZzTc=
270,-9,wc2NbdCVayq8aVRh9KFlhTaEElM=,3jzwxjA0xQ0RTc9//d542nnZzTc=
256,-1,wc2NbdCVayq8aVRh9KFlhTaEElM=,3jzwxjA0xQ0RTc9//d542nnZzTc=
266,-15,wc2NbdCVayq8aVRh9KFlhTaEElM=,3jzwxjA0xQ0RTc9//d542nnZzTc=
269,-9,wc2NbdCVayq8aVRh9KFlhTaEElM=,3jzwxjA0xQ0RTc9//d542nnZzTc=
267,-9,wc2NbdCVayq8aVRh9KFlhTaEElM=,3jzwxjA0xQ0RTc9//d542nnZzTc=
264,-10,wc2NbdCVayq8aVRh9KFlhTaEElM=,3jzwxjA0xQ0RTc9//d542nnZzTc=
268,-9,wc2NbdCVayq8aVRh9KFlhTaEElM=,3jzwxjA0xQ0RTc9//d542nnZzTc=
266,-9,wc2NbdCVayq8aVRh9KFlhTaEElM=,3jzwxjA0xQ0RTc9//d542nnZzTc=
265,-9,wc2NbdCVayq8aVRh9KFlhTaEElM=,3jzwxjA0xQ0RTc9//d542nnZzTc=
264,-9,wc2NbdCVayq8aVRh9KFlhTaEElM=,3jzwxjA0xQ0RTc9//d542nnZzTc=
263,-9,wc2NbdCVayq8aVRh9KFlhTaEElM=,3jzwxjA0xQ0RTc9//d542nnZzTc=
259,-9,wc2NbdCVayq8aVRh9KFlhTaEElM=,3jzwxjA0xQ0RTc9//d542nnZzTc=
258,-9,wc2NbdCVayq8aVRh9KFlhTaEElM=,3jzwxjA0xQ0RTc9//d542nnZzTc=
266,-14,wc2NbdCVayq8aVRh9KFlhTaEElM=,3jzwxjA0xQ0RTc9//d542nnZzTc=
256,-9,wc2NbdCVayq8aVRh9KFlhTaEElM=,3jzwxjA0xQ0RTc9//d542nnZzTc=
265,-16,wc2NbdCVayq8aVRh9KFlhTaEElM=,3jzwxjA0xQ0RTc9//d542nnZzTc=
257,-9,wc2NbdCVayq8aVRh9KFlhTaEElM=,3jzwxjA0xQ0RTc9//d542nnZzTc=
271,-10,wc2NbdCVayq8aVRh9KFlhTaEElM=,3jzwxjA0xQ0RTc9//d542nnZzTc=
265,-10,wc2NbdCVayq8aVRh9KFlhTaEElM=,3jzwxjA0xQ0RTc9//d542nnZzTc=
265,-15,wc2NbdCVayq8aVRh9KFlhTaEElM=,3jzwxjA0xQ0RTc9//d542nnZzTc=
270,-10,wc2NbdCVayq8aVRh9KFlhTaEElM=,3jzwxjA0xQ0RTc9//d542nnZzTc=
269,-10,wc2NbdCVayq8aVRh9KFlhTaEElM=,3jzwxjA0xQ0RTc9//d542nnZzTc=
261,-9,wc2NbdCVayq8aVRh9KFlhTaEElM=,3jzwxjA0xQ0RTc9//d542nnZzTc=
266,-10,wc2NbdCVayq8aVRh9KFlhTaEElM=,3jzwxjA0xQ0RTc9//d542nnZzTc=
262,-9,wc2NbdCVayq8aVRh9KFlhTaEElM=,3jzwxjA0xQ0RTc9//d542nnZzTc=
268,-10,wc2NbdCVayq8aVRh9KFlhTaEElM=,3jzwxjA0xQ0RTc9//d542nnZzTc=
267,-10,wc2NbdCVayq8aVRh9KFlhTaEElM=,3jzwxjA0xQ0RTc9//d542nnZzTc=
260,-9,wc2NbdCVayq8aVRh9KFlhTaEElM=,3jzwxjA0xQ0RTc9//d542nnZzTc=
